Grubhub_slug,Grubhub_Business_Hours,Uber_Eats_slug,Uber_Eats_Business_Hours,is_out_of_range
,Monday: CLOSED - CLOSED,alisgyrolab_1upbistro_ue,Monday: 06:00 - 20:00,Out of Range
,Tuesday: CLOSED - CLOSED,alisgyrolab_1upbistro_ue,Tuesday: 06:00 - 20:00,Out of Range
,Wednesday: CLOSED - CLOSED,alisgyrolab_1upbistro_ue,Wednesday: 06:00 - 20:00,Out of Range
,Thursday: CLOSED - CLOSED,alisgyrolab_1upbistro_ue,Thursday: 06:00 - 20:00,Out of Range
,Friday: CLOSED - CLOSED,alisgyrolab_1upbistro_ue,Friday: 06:00 - 20:00,Out of Range
,Saturday: CLOSED - CLOSED,alisgyrolab_1upbistro_ue,Saturday: 06:00 - 19:00,Out of Range
,Sunday: CLOSED - CLOSED,alisgyrolab_1upbistro_ue,Sunday: 06:00 - 15:00,Out of Range
,Monday: CLOSED - CLOSED,fionasbreakfast_1upbistro_ue,Monday: 06:00 - 20:00,Out of Range
,Tuesday: CLOSED - CLOSED,fionasbreakfast_1upbistro_ue,Tuesday: 06:00 - 20:00,Out of Range
,Wednesday: CLOSED - CLOSED,fionasbreakfast_1upbistro_ue,Wednesday: 06:00 - 20:00,Out of Range
,Thursday: CLOSED - CLOSED,fionasbreakfast_1upbistro_ue,Thursday: 06:00 - 20:00,Out of Range
,Friday: CLOSED - CLOSED,fionasbreakfast_1upbistro_ue,Friday: 06:00 - 20:00,Out of Range
,Saturday: CLOSED - CLOSED,fionasbreakfast_1upbistro_ue,Saturday: 06:00 - 19:00,Out of Range
,Sunday: CLOSED - CLOSED,fionasbreakfast_1upbistro_ue,Sunday: 06:00 - 15:00,Out of Range
,Monday: CLOSED - CLOSED,fionaspancakeba_1upbistro_ue,Monday: 06:00 - 20:00,Out of Range
,Tuesday: CLOSED - CLOSED,fionaspancakeba_1upbistro_ue,Tuesday: 06:00 - 20:00,Out of Range
,Wednesday: CLOSED - CLOSED,fionaspancakeba_1upbistro_ue,Wednesday: 06:00 - 20:00,Out of Range
,Thursday: CLOSED - CLOSED,fionaspancakeba_1upbistro_ue,Thursday: 06:00 - 20:00,Out of Range
,Friday: CLOSED - CLOSED,fionaspancakeba_1upbistro_ue,Friday: 06:00 - 20:00,Out of Range
,Saturday: CLOSED - CLOSED,fionaspancakeba_1upbistro_ue,Saturday: 06:00 - 19:00,Out of Range
,Sunday: CLOSED - CLOSED,fionaspancakeba_1upbistro_ue,Sunday: 06:00 - 15:00,Out of Range
,Monday: CLOSED - CLOSED,generalsfrencht_1upbistro_ue,Monday: 06:00 - 20:00,Out of Range
,Tuesday: CLOSED - CLOSED,generalsfrencht_1upbistro_ue,Tuesday: 06:00 - 20:00,Out of Range
,Wednesday: CLOSED - CLOSED,generalsfrencht_1upbistro_ue,Wednesday: 06:00 - 20:00,Out of Range
,Thursday: CLOSED - CLOSED,generalsfrencht_1upbistro_ue,Thursday: 06:00 - 20:00,Out of Range
,Friday: CLOSED - CLOSED,generalsfrencht_1upbistro_ue,Friday: 06:00 - 20:00,Out of Range
,Saturday: CLOSED - CLOSED,generalsfrencht_1upbistro_ue,Saturday: 06:00 - 19:00,Out of Range
,Sunday: CLOSED - CLOSED,generalsfrencht_1upbistro_ue,Sunday: 06:00 - 15:00,Out of Range
,Monday: CLOSED - CLOSED,hydesgrilledche_1upbistro_ue,Monday: 06:00 - 20:00,Out of Range
,Tuesday: CLOSED - CLOSED,hydesgrilledche_1upbistro_ue,Tuesday: 06:00 - 20:00,Out of Range
,Wednesday: CLOSED - CLOSED,hydesgrilledche_1upbistro_ue,Wednesday: 06:00 - 20:00,Out of Range
,Thursday: CLOSED - CLOSED,hydesgrilledche_1upbistro_ue,Thursday: 06:00 - 20:00,Out of Range
,Friday: CLOSED - CLOSED,hydesgrilledche_1upbistro_ue,Friday: 06:00 - 20:00,Out of Range
,Saturday: CLOSED - CLOSED,hydesgrilledche_1upbistro_ue,Saturday: 06:00 - 19:00,Out of Range
,Sunday: CLOSED - CLOSED,hydesgrilledche_1upbistro_ue,Sunday: 06:00 - 15:00,Out of Range
,Monday: CLOSED - CLOSED,manhattansaladb_1upbistro_ue,Monday: 06:00 - 20:00,Out of Range
,Tuesday: CLOSED - CLOSED,manhattansaladb_1upbistro_ue,Tuesday: 06:00 - 20:00,Out of Range
,Wednesday: CLOSED - CLOSED,manhattansaladb_1upbistro_ue,Wednesday: 06:00 - 20:00,Out of Range
,Thursday: CLOSED - CLOSED,manhattansaladb_1upbistro_ue,Thursday: 06:00 - 20:00,Out of Range
,Friday: CLOSED - CLOSED,manhattansaladb_1upbistro_ue,Friday: 06:00 - 20:00,Out of Range
,Saturday: CLOSED - CLOSED,manhattansaladb_1upbistro_ue,Saturday: 06:00 - 19:00,Out of Range
,Sunday: CLOSED - CLOSED,manhattansaladb_1upbistro_ue,Sunday: 06:00 - 15:00,Out of Range
,Monday: CLOSED - CLOSED,tacoparadiso_1upbistro_ue,Monday: 06:00 - 20:00,Out of Range
,Tuesday: CLOSED - CLOSED,tacoparadiso_1upbistro_ue,Tuesday: 06:00 - 20:00,Out of Range
,Wednesday: CLOSED - CLOSED,tacoparadiso_1upbistro_ue,Wednesday: 06:00 - 20:00,Out of Range
,Thursday: CLOSED - CLOSED,tacoparadiso_1upbistro_ue,Thursday: 06:00 - 20:00,Out of Range
,Friday: CLOSED - CLOSED,tacoparadiso_1upbistro_ue,Friday: 06:00 - 20:00,Out of Range
,Saturday: CLOSED - CLOSED,tacoparadiso_1upbistro_ue,Saturday: 06:00 - 19:00,Out of Range
,Sunday: CLOSED - CLOSED,tacoparadiso_1upbistro_ue,Sunday: 06:00 - 15:00,Out of Range
,Monday: CLOSED - CLOSED,thebagelsavage_1upbistro_ue,Monday: 06:00 - 20:00,Out of Range
,Tuesday: CLOSED - CLOSED,thebagelsavage_1upbistro_ue,Tuesday: 06:00 - 20:00,Out of Range
,Wednesday: CLOSED - CLOSED,thebagelsavage_1upbistro_ue,Wednesday: 06:00 - 20:00,Out of Range
,Thursday: CLOSED - CLOSED,thebagelsavage_1upbistro_ue,Thursday: 06:00 - 20:00,Out of Range
,Friday: CLOSED - CLOSED,thebagelsavage_1upbistro_ue,Friday: 06:00 - 20:00,Out of Range
,Saturday: CLOSED - CLOSED,thebagelsavage_1upbistro_ue,Saturday: 06:00 - 19:00,Out of Range
,Sunday: CLOSED - CLOSED,thebagelsavage_1upbistro_ue,Sunday: 06:00 - 15:00,Out of Range
,Monday: CLOSED - CLOSED,wondaswrapcafe_1upbistro_ue,Monday: 06:00 - 20:00,Out of Range
,Tuesday: CLOSED - CLOSED,wondaswrapcafe_1upbistro_ue,Tuesday: 06:00 - 20:00,Out of Range
,Wednesday: CLOSED - CLOSED,wondaswrapcafe_1upbistro_ue,Wednesday: 06:00 - 20:00,Out of Range
,Thursday: CLOSED - CLOSED,wondaswrapcafe_1upbistro_ue,Thursday: 06:00 - 20:00,Out of Range
,Friday: CLOSED - CLOSED,wondaswrapcafe_1upbistro_ue,Friday: 06:00 - 20:00,Out of Range
,Saturday: CLOSED - CLOSED,wondaswrapcafe_1upbistro_ue,Saturday: 06:00 - 19:00,Out of Range
,Sunday: CLOSED - CLOSED,wondaswrapcafe_1upbistro_ue,Sunday: 06:00 - 15:00,Out of Range
,Monday: CLOSED - CLOSED,bosscatcheesest_1stavegourmetde_ue,Monday: 06:00 - 00:00,Out of Range
,Tuesday: CLOSED - CLOSED,bosscatcheesest_1stavegourmetde_ue,Tuesday: 06:00 - 00:00,Out of Range
,Wednesday: CLOSED - CLOSED,bosscatcheesest_1stavegourmetde_ue,Wednesday: 06:00 - 00:00,Out of Range
,Thursday: CLOSED - CLOSED,bosscatcheesest_1stavegourmetde_ue,Thursday: 06:00 - 00:00,Out of Range
,Friday: CLOSED - CLOSED,bosscatcheesest_1stavegourmetde_ue,Friday: 06:00 - 00:00,Out of Range
,Saturday: CLOSED - CLOSED,bosscatcheesest_1stavegourmetde_ue,Saturday: 06:00 - 00:00,Out of Range
,Sunday: CLOSED - CLOSED,bosscatcheesest_1stavegourmetde_ue,Sunday: 06:00 - 00:00,Out of Range
,Monday: CLOSED - CLOSED,lvtacobar_1stavegourmetde_ue,Monday: 06:00 - 00:00,Out of Range
,Tuesday: CLOSED - CLOSED,lvtacobar_1stavegourmetde_ue,Tuesday: 06:00 - 00:00,Out of Range
,Wednesday: CLOSED - CLOSED,lvtacobar_1stavegourmetde_ue,Wednesday: 06:00 - 00:00,Out of Range
,Thursday: CLOSED - CLOSED,lvtacobar_1stavegourmetde_ue,Thursday: 06:00 - 00:00,Out of Range
,Friday: CLOSED - CLOSED,lvtacobar_1stavegourmetde_ue,Friday: 06:00 - 00:00,Out of Range
,Saturday: CLOSED - CLOSED,lvtacobar_1stavegourmetde_ue,Saturday: 06:00 - 00:00,Out of Range
,Sunday: CLOSED - CLOSED,lvtacobar_1stavegourmetde_ue,Sunday: 06:00 - 00:00,Out of Range
,Monday: CLOSED - CLOSED,princesspanini_1stavegourmetde_ue,Monday: 06:00 - 00:00,Out of Range
,Tuesday: CLOSED - CLOSED,princesspanini_1stavegourmetde_ue,Tuesday: 06:00 - 00:00,Out of Range
,Wednesday: CLOSED - CLOSED,princesspanini_1stavegourmetde_ue,Wednesday: 06:00 - 00:00,Out of Range
,Thursday: CLOSED - CLOSED,princesspanini_1stavegourmetde_ue,Thursday: 06:00 - 00:00,Out of Range
,Friday: CLOSED - CLOSED,princesspanini_1stavegourmetde_ue,Friday: 06:00 - 00:00,Out of Range
,Saturday: CLOSED - CLOSED,princesspanini_1stavegourmetde_ue,Saturday: 06:00 - 00:00,Out of Range
,Sunday: CLOSED - CLOSED,princesspanini_1stavegourmetde_ue,Sunday: 06:00 - 00:00,Out of Range
,Monday: CLOSED - CLOSED,theomelettefarm_1stavegourmetde_ue,Monday: 06:00 - 00:00,Out of Range
,Tuesday: CLOSED - CLOSED,theomelettefarm_1stavegourmetde_ue,Tuesday: 06:00 - 00:00,Out of Range
,Wednesday: CLOSED - CLOSED,theomelettefarm_1stavegourmetde_ue,Wednesday: 06:00 - 00:00,Out of Range
,Thursday: CLOSED - CLOSED,theomelettefarm_1stavegourmetde_ue,Thursday: 06:00 - 00:00,Out of Range
,Friday: CLOSED - CLOSED,theomelettefarm_1stavegourmetde_ue,Friday: 06:00 - 00:00,Out of Range
,Saturday: CLOSED - CLOSED,theomelettefarm_1stavegourmetde_ue,Saturday: 06:00 - 00:00,Out of Range
,Sunday: CLOSED - CLOSED,theomelettefarm_1stavegourmetde_ue,Sunday: 06:00 - 00:00,Out of Range
,Monday: CLOSED - CLOSED,thesandwichvibe_1stavegourmetde_ue,Monday: 06:00 - 00:00,Out of Range
,Tuesday: CLOSED - CLOSED,thesandwichvibe_1stavegourmetde_ue,Tuesday: 06:00 - 00:00,Out of Range
,Wednesday: CLOSED - CLOSED,thesandwichvibe_1stavegourmetde_ue,Wednesday: 06:00 - 00:00,Out of Range
,Thursday: CLOSED - CLOSED,thesandwichvibe_1stavegourmetde_ue,Thursday: 06:00 - 00:00,Out of Range
,Friday: CLOSED - CLOSED,thesandwichvibe_1stavegourmetde_ue,Friday: 06:00 - 00:00,Out of Range
,Saturday: CLOSED - CLOSED,thesandwichvibe_1stavegourmetde_ue,Saturday: 06:00 - 00:00,Out of Range
,Sunday: CLOSED - CLOSED,thesandwichvibe_1stavegourmetde_ue,Sunday: 06:00 - 00:00,Out of Range
,Monday: CLOSED - CLOSED,halalkabobgrill_aladdinskitchen_ue,Monday: 10:00 - 04:00,Out of Range
,Tuesday: CLOSED - CLOSED,halalkabobgrill_aladdinskitchen_ue,Tuesday: 10:00 - 04:00,Out of Range
,Wednesday: CLOSED - CLOSED,halalkabobgrill_aladdinskitchen_ue,Wednesday: 10:00 - 04:00,Out of Range
,Thursday: CLOSED - CLOSED,halalkabobgrill_aladdinskitchen_ue,Thursday: 10:00 - 04:00,Out of Range
,Friday: CLOSED - CLOSED,halalkabobgrill_aladdinskitchen_ue,Friday: 10:00 - 05:00,Out of Range
,Saturday: CLOSED - CLOSED,halalkabobgrill_aladdinskitchen_ue,Saturday: 10:00 - 05:00,Out of Range
,Sunday: CLOSED - CLOSED,halalkabobgrill_aladdinskitchen_ue,Sunday: 10:00 - 04:00,Out of Range
,Monday: CLOSED - CLOSED,themontageveget_aladdinskitchen_ue,Monday: 10:00 - 04:00,Out of Range
,Tuesday: CLOSED - CLOSED,themontageveget_aladdinskitchen_ue,Tuesday: 10:00 - 04:00,Out of Range
,Wednesday: CLOSED - CLOSED,themontageveget_aladdinskitchen_ue,Wednesday: 10:00 - 04:00,Out of Range
,Thursday: CLOSED - CLOSED,themontageveget_aladdinskitchen_ue,Thursday: 10:00 - 04:00,Out of Range
,Friday: CLOSED - CLOSED,themontageveget_aladdinskitchen_ue,Friday: 10:00 - 05:00,Out of Range
,Saturday: CLOSED - CLOSED,themontageveget_aladdinskitchen_ue,Saturday: 10:00 - 05:00,Out of Range
,Sunday: CLOSED - CLOSED,themontageveget_aladdinskitchen_ue,Sunday: 10:00 - 04:00,Out of Range
,Monday: CLOSED - CLOSED,alishalalpizza_allnitepizza_ue,Monday: 08:00 - 02:00,Out of Range
,Tuesday: CLOSED - CLOSED,alishalalpizza_allnitepizza_ue,Tuesday: 08:00 - 02:00,Out of Range
,Wednesday: CLOSED - CLOSED,alishalalpizza_allnitepizza_ue,Wednesday: 08:00 - 02:00,Out of Range
,Thursday: CLOSED - CLOSED,alishalalpizza_allnitepizza_ue,Thursday: 08:00 - 02:00,Out of Range
,Friday: CLOSED - CLOSED,alishalalpizza_allnitepizza_ue,Friday: 08:00 - 02:00,Out of Range
,Saturday: CLOSED - CLOSED,alishalalpizza_allnitepizza_ue,Saturday: 08:00 - 02:00,Out of Range
,Sunday: CLOSED - CLOSED,alishalalpizza_allnitepizza_ue,Sunday: 08:00 - 02:00,Out of Range
,Monday: CLOSED - CLOSED,celebrityveganb_allnitepizza_ue,Monday: 08:00 - 02:00,Out of Range
,Tuesday: CLOSED - CLOSED,celebrityveganb_allnitepizza_ue,Tuesday: 08:00 - 02:00,Out of Range
,Wednesday: CLOSED - CLOSED,celebrityveganb_allnitepizza_ue,Wednesday: 08:00 - 02:00,Out of Range
,Thursday: CLOSED - CLOSED,celebrityveganb_allnitepizza_ue,Thursday: 08:00 - 02:00,Out of Range
,Friday: CLOSED - CLOSED,celebrityveganb_allnitepizza_ue,Friday: 08:00 - 02:00,Out of Range
,Saturday: CLOSED - CLOSED,celebrityveganb_allnitepizza_ue,Saturday: 08:00 - 02:00,Out of Range
,Sunday: CLOSED - CLOSED,celebrityveganb_allnitepizza_ue,Sunday: 08:00 - 02:00,Out of Range
,Monday: CLOSED - CLOSED,chrisschickente_allnitepizza_ue,Monday: 08:00 - 02:00,Out of Range
,Tuesday: CLOSED - CLOSED,chrisschickente_allnitepizza_ue,Tuesday: 08:00 - 02:00,Out of Range
,Wednesday: CLOSED - CLOSED,chrisschickente_allnitepizza_ue,Wednesday: 08:00 - 02:00,Out of Range
,Thursday: CLOSED - CLOSED,chrisschickente_allnitepizza_ue,Thursday: 08:00 - 02:00,Out of Range
,Friday: CLOSED - CLOSED,chrisschickente_allnitepizza_ue,Friday: 08:00 - 02:00,Out of Range
,Saturday: CLOSED - CLOSED,chrisschickente_allnitepizza_ue,Saturday: 08:00 - 02:00,Out of Range
,Sunday: CLOSED - CLOSED,chrisschickente_allnitepizza_ue,Sunday: 08:00 - 02:00,Out of Range
,Monday: CLOSED - CLOSED,fionasveganpizz_allnitepizza_ue,Monday: 08:00 - 02:00,Out of Range
,Tuesday: CLOSED - CLOSED,fionasveganpizz_allnitepizza_ue,Tuesday: 08:00 - 02:00,Out of Range
,Wednesday: CLOSED - CLOSED,fionasveganpizz_allnitepizza_ue,Wednesday: 08:00 - 02:00,Out of Range
,Thursday: CLOSED - CLOSED,fionasveganpizz_allnitepizza_ue,Thursday: 08:00 - 02:00,Out of Range
,Friday: CLOSED - CLOSED,fionasveganpizz_allnitepizza_ue,Friday: 08:00 - 02:00,Out of Range
,Saturday: CLOSED - CLOSED,fionasveganpizz_allnitepizza_ue,Saturday: 08:00 - 02:00,Out of Range
,Sunday: CLOSED - CLOSED,fionasveganpizz_allnitepizza_ue,Sunday: 08:00 - 02:00,Out of Range
,Monday: CLOSED - CLOSED,greenssaladgod_allnitepizza_ue,Monday: 08:00 - 02:00,Out of Range
,Tuesday: CLOSED - CLOSED,greenssaladgod_allnitepizza_ue,Tuesday: 08:00 - 02:00,Out of Range
,Wednesday: CLOSED - CLOSED,greenssaladgod_allnitepizza_ue,Wednesday: 08:00 - 02:00,Out of Range
,Thursday: CLOSED - CLOSED,greenssaladgod_allnitepizza_ue,Thursday: 08:00 - 02:00,Out of Range
,Friday: CLOSED - CLOSED,greenssaladgod_allnitepizza_ue,Friday: 08:00 - 02:00,Out of Range
,Saturday: CLOSED - CLOSED,greenssaladgod_allnitepizza_ue,Saturday: 08:00 - 02:00,Out of Range
,Sunday: CLOSED - CLOSED,greenssaladgod_allnitepizza_ue,Sunday: 08:00 - 02:00,Out of Range
,Monday: CLOSED - CLOSED,icecreamfanatic_allnitepizza_ue,Monday: 08:00 - 02:00,Out of Range
,Tuesday: CLOSED - CLOSED,icecreamfanatic_allnitepizza_ue,Tuesday: 08:00 - 02:00,Out of Range
,Wednesday: CLOSED - CLOSED,icecreamfanatic_allnitepizza_ue,Wednesday: 08:00 - 02:00,Out of Range
,Thursday: CLOSED - CLOSED,icecreamfanatic_allnitepizza_ue,Thursday: 08:00 - 02:00,Out of Range
,Friday: CLOSED - CLOSED,icecreamfanatic_allnitepizza_ue,Friday: 08:00 - 02:00,Out of Range
,Saturday: CLOSED - CLOSED,icecreamfanatic_allnitepizza_ue,Saturday: 08:00 - 02:00,Out of Range
,Sunday: CLOSED - CLOSED,icecreamfanatic_allnitepizza_ue,Sunday: 08:00 - 02:00,Out of Range
,Monday: CLOSED - CLOSED,icecreamsuperst_allnitepizza_ue,Monday: 08:00 - 02:00,Out of Range
,Tuesday: CLOSED - CLOSED,icecreamsuperst_allnitepizza_ue,Tuesday: 08:00 - 02:00,Out of Range
,Wednesday: CLOSED - CLOSED,icecreamsuperst_allnitepizza_ue,Wednesday: 08:00 - 02:00,Out of Range
,Thursday: CLOSED - CLOSED,icecreamsuperst_allnitepizza_ue,Thursday: 08:00 - 02:00,Out of Range
,Friday: CLOSED - CLOSED,icecreamsuperst_allnitepizza_ue,Friday: 08:00 - 02:00,Out of Range
,Saturday: CLOSED - CLOSED,icecreamsuperst_allnitepizza_ue,Saturday: 08:00 - 02:00,Out of Range
,Sunday: CLOSED - CLOSED,icecreamsuperst_allnitepizza_ue,Sunday: 08:00 - 02:00,Out of Range
,Monday: CLOSED - CLOSED,joeschickenandw_allnitepizza_ue,Monday: 08:00 - 02:00,Out of Range
,Tuesday: CLOSED - CLOSED,joeschickenandw_allnitepizza_ue,Tuesday: 08:00 - 02:00,Out of Range
,Wednesday: CLOSED - CLOSED,joeschickenandw_allnitepizza_ue,Wednesday: 08:00 - 02:00,Out of Range
,Thursday: CLOSED - CLOSED,joeschickenandw_allnitepizza_ue,Thursday: 08:00 - 02:00,Out of Range
,Friday: CLOSED - CLOSED,joeschickenandw_allnitepizza_ue,Friday: 08:00 - 02:00,Out of Range
,Saturday: CLOSED - CLOSED,joeschickenandw_allnitepizza_ue,Saturday: 08:00 - 02:00,Out of Range
,Sunday: CLOSED - CLOSED,joeschickenandw_allnitepizza_ue,Sunday: 08:00 - 02:00,Out of Range
,Monday: CLOSED - CLOSED,morningseafoodc_allnitepizza_ue,Monday: 08:00 - 02:00,Out of Range
,Tuesday: CLOSED - CLOSED,morningseafoodc_allnitepizza_ue,Tuesday: 08:00 - 02:00,Out of Range
,Wednesday: CLOSED - CLOSED,morningseafoodc_allnitepizza_ue,Wednesday: 08:00 - 02:00,Out of Range
,Thursday: CLOSED - CLOSED,morningseafoodc_allnitepizza_ue,Thursday: 08:00 - 02:00,Out of Range
,Friday: CLOSED - CLOSED,morningseafoodc_allnitepizza_ue,Friday: 08:00 - 02:00,Out of Range
,Saturday: CLOSED - CLOSED,morningseafoodc_allnitepizza_ue,Saturday: 08:00 - 02:00,Out of Range
,Sunday: CLOSED - CLOSED,morningseafoodc_allnitepizza_ue,Sunday: 08:00 - 02:00,Out of Range
,Monday: CLOSED - CLOSED,theburgertrilog_allnitepizza_ue,Monday: 08:00 - 02:00,Out of Range
,Tuesday: CLOSED - CLOSED,theburgertrilog_allnitepizza_ue,Tuesday: 08:00 - 02:00,Out of Range
,Wednesday: CLOSED - CLOSED,theburgertrilog_allnitepizza_ue,Wednesday: 08:00 - 02:00,Out of Range
,Thursday: CLOSED - CLOSED,theburgertrilog_allnitepizza_ue,Thursday: 08:00 - 02:00,Out of Range
,Friday: CLOSED - CLOSED,theburgertrilog_allnitepizza_ue,Friday: 08:00 - 02:00,Out of Range
,Saturday: CLOSED - CLOSED,theburgertrilog_allnitepizza_ue,Saturday: 08:00 - 02:00,Out of Range
,Sunday: CLOSED - CLOSED,theburgertrilog_allnitepizza_ue,Sunday: 08:00 - 02:00,Out of Range
,Monday: CLOSED - CLOSED,chuckscheeseste_americanchoiceg_ue,Monday: 00:00 - 23:59,Out of Range
,Tuesday: CLOSED - CLOSED,chuckscheeseste_americanchoiceg_ue,Tuesday: 00:00 - 23:59,Out of Range
,Wednesday: CLOSED - CLOSED,chuckscheeseste_americanchoiceg_ue,Wednesday: 00:00 - 23:59,Out of Range
,Thursday: CLOSED - CLOSED,chuckscheeseste_americanchoiceg_ue,Thursday: 00:00 - 23:59,Out of Range
,Friday: CLOSED - CLOSED,chuckscheeseste_americanchoiceg_ue,Friday: 00:00 - 23:59,Out of Range
,Saturday: CLOSED - CLOSED,chuckscheeseste_americanchoiceg_ue,Saturday: 00:00 - 23:59,Out of Range
,Sunday: CLOSED - CLOSED,chuckscheeseste_americanchoiceg_ue,Sunday: 00:00 - 23:59,Out of Range
,Monday: CLOSED - CLOSED,insomniabuffalo_americanchoiceg_ue,Monday: 00:00 - 23:59,Out of Range
,Tuesday: CLOSED - CLOSED,insomniabuffalo_americanchoiceg_ue,Tuesday: 00:00 - 23:59,Out of Range
,Wednesday: CLOSED - CLOSED,insomniabuffalo_americanchoiceg_ue,Wednesday: 00:00 - 23:59,Out of Range
,Thursday: CLOSED - CLOSED,insomniabuffalo_americanchoiceg_ue,Thursday: 00:00 - 23:59,Out of Range
,Friday: CLOSED - CLOSED,insomniabuffalo_americanchoiceg_ue,Friday: 00:00 - 23:59,Out of Range
,Saturday: CLOSED - CLOSED,insomniabuffalo_americanchoiceg_ue,Saturday: 00:00 - 23:59,Out of Range
,Sunday: CLOSED - CLOSED,insomniabuffalo_americanchoiceg_ue,Sunday: 00:00 - 23:59,Out of Range
,Monday: CLOSED - CLOSED,midtownquesadil_americanchoiceg_ue,Monday: 00:00 - 23:59,Out of Range
,Tuesday: CLOSED - CLOSED,midtownquesadil_americanchoiceg_ue,Tuesday: 00:00 - 23:59,Out of Range
,Wednesday: CLOSED - CLOSED,midtownquesadil_americanchoiceg_ue,Wednesday: 00:00 - 23:59,Out of Range
,Thursday: CLOSED - CLOSED,midtownquesadil_americanchoiceg_ue,Thursday: 00:00 - 23:59,Out of Range
,Friday: CLOSED - CLOSED,midtownquesadil_americanchoiceg_ue,Friday: 00:00 - 23:59,Out of Range
,Saturday: CLOSED - CLOSED,midtownquesadil_americanchoiceg_ue,Saturday: 00:00 - 23:59,Out of Range
,Sunday: CLOSED - CLOSED,midtownquesadil_americanchoiceg_ue,Sunday: 00:00 - 23:59,Out of Range
,Monday: CLOSED - CLOSED,oliviassandwich_americanchoiceg_ue,Monday: 00:00 - 23:59,Out of Range
,Tuesday: CLOSED - CLOSED,oliviassandwich_americanchoiceg_ue,Tuesday: 00:00 - 23:59,Out of Range
,Wednesday: CLOSED - CLOSED,oliviassandwich_americanchoiceg_ue,Wednesday: 00:00 - 23:59,Out of Range
,Thursday: CLOSED - CLOSED,oliviassandwich_americanchoiceg_ue,Thursday: 00:00 - 23:59,Out of Range
,Friday: CLOSED - CLOSED,oliviassandwich_americanchoiceg_ue,Friday: 00:00 - 23:59,Out of Range
,Saturday: CLOSED - CLOSED,oliviassandwich_americanchoiceg_ue,Saturday: 00:00 - 23:59,Out of Range
,Sunday: CLOSED - CLOSED,oliviassandwich_americanchoiceg_ue,Sunday: 00:00 - 23:59,Out of Range
,Monday: CLOSED - CLOSED,patriciaspanini_americanchoiceg_ue,Monday: 00:00 - 23:59,Out of Range
,Tuesday: CLOSED - CLOSED,patriciaspanini_americanchoiceg_ue,Tuesday: 00:00 - 23:59,Out of Range
,Wednesday: CLOSED - CLOSED,patriciaspanini_americanchoiceg_ue,Wednesday: 00:00 - 23:59,Out of Range
,Thursday: CLOSED - CLOSED,patriciaspanini_americanchoiceg_ue,Thursday: 00:00 - 23:59,Out of Range
,Friday: CLOSED - CLOSED,patriciaspanini_americanchoiceg_ue,Friday: 00:00 - 23:59,Out of Range
,Saturday: CLOSED - CLOSED,patriciaspanini_americanchoiceg_ue,Saturday: 00:00 - 23:59,Out of Range
,Sunday: CLOSED - CLOSED,patriciaspanini_americanchoiceg_ue,Sunday: 00:00 - 23:59,Out of Range
,Monday: CLOSED - CLOSED,prosperousfried_americanchoiceg_ue,Monday: 00:00 - 23:59,Out of Range
,Tuesday: CLOSED - CLOSED,prosperousfried_americanchoiceg_ue,Tuesday: 00:00 - 23:59,Out of Range
,Wednesday: CLOSED - CLOSED,prosperousfried_americanchoiceg_ue,Wednesday: 00:00 - 23:59,Out of Range
,Thursday: CLOSED - CLOSED,prosperousfried_americanchoiceg_ue,Thursday: 00:00 - 23:59,Out of Range
,Friday: CLOSED - CLOSED,prosperousfried_americanchoiceg_ue,Friday: 00:00 - 23:59,Out of Range
,Saturday: CLOSED - CLOSED,prosperousfried_americanchoiceg_ue,Saturday: 00:00 - 23:59,Out of Range
,Sunday: CLOSED - CLOSED,prosperousfried_americanchoiceg_ue,Sunday: 00:00 - 23:59,Out of Range
,Monday: CLOSED - CLOSED,saladkreation_americanchoiceg_ue,Monday: 00:00 - 23:59,Out of Range
,Tuesday: CLOSED - CLOSED,saladkreation_americanchoiceg_ue,Tuesday: 00:00 - 23:59,Out of Range
,Wednesday: CLOSED - CLOSED,saladkreation_americanchoiceg_ue,Wednesday: 00:00 - 23:59,Out of Range
,Thursday: CLOSED - CLOSED,saladkreation_americanchoiceg_ue,Thursday: 00:00 - 23:59,Out of Range
,Friday: CLOSED - CLOSED,saladkreation_americanchoiceg_ue,Friday: 00:00 - 23:59,Out of Range
,Saturday: CLOSED - CLOSED,saladkreation_americanchoiceg_ue,Saturday: 00:00 - 23:59,Out of Range
,Sunday: CLOSED - CLOSED,saladkreation_americanchoiceg_ue,Sunday: 00:00 - 23:59,Out of Range
,Monday: CLOSED - CLOSED,sarahsbreakfast_americanchoiceg_ue,Monday: 00:00 - 23:59,Out of Range
,Tuesday: CLOSED - CLOSED,sarahsbreakfast_americanchoiceg_ue,Tuesday: 00:00 - 23:59,Out of Range
,Wednesday: CLOSED - CLOSED,sarahsbreakfast_americanchoiceg_ue,Wednesday: 00:00 - 23:59,Out of Range
,Thursday: CLOSED - CLOSED,sarahsbreakfast_americanchoiceg_ue,Thursday: 00:00 - 23:59,Out of Range
,Friday: CLOSED - CLOSED,sarahsbreakfast_americanchoiceg_ue,Friday: 00:00 - 23:59,Out of Range
,Saturday: CLOSED - CLOSED,sarahsbreakfast_americanchoiceg_ue,Saturday: 00:00 - 23:59,Out of Range
,Sunday: CLOSED - CLOSED,sarahsbreakfast_americanchoiceg_ue,Sunday: 00:00 - 23:59,Out of Range
,Monday: CLOSED - CLOSED,smoothieanddess_americanchoiceg_ue,Monday: 00:00 - 23:59,Out of Range
,Tuesday: CLOSED - CLOSED,smoothieanddess_americanchoiceg_ue,Tuesday: 00:00 - 23:59,Out of Range
,Wednesday: CLOSED - CLOSED,smoothieanddess_americanchoiceg_ue,Wednesday: 00:00 - 23:59,Out of Range
,Thursday: CLOSED - CLOSED,smoothieanddess_americanchoiceg_ue,Thursday: 00:00 - 23:59,Out of Range
,Friday: CLOSED - CLOSED,smoothieanddess_americanchoiceg_ue,Friday: 00:00 - 23:59,Out of Range
,Saturday: CLOSED - CLOSED,smoothieanddess_americanchoiceg_ue,Saturday: 00:00 - 23:59,Out of Range
,Sunday: CLOSED - CLOSED,smoothieanddess_americanchoiceg_ue,Sunday: 00:00 - 23:59,Out of Range
,Monday: CLOSED - CLOSED,stansburgerbar_americanchoiceg_ue,Monday: 00:00 - 23:59,Out of Range
,Tuesday: CLOSED - CLOSED,stansburgerbar_americanchoiceg_ue,Tuesday: 00:00 - 23:59,Out of Range
,Wednesday: CLOSED - CLOSED,stansburgerbar_americanchoiceg_ue,Wednesday: 00:00 - 23:59,Out of Range
,Thursday: CLOSED - CLOSED,stansburgerbar_americanchoiceg_ue,Thursday: 00:00 - 23:59,Out of Range
,Friday: CLOSED - CLOSED,stansburgerbar_americanchoiceg_ue,Friday: 00:00 - 23:59,Out of Range
,Saturday: CLOSED - CLOSED,stansburgerbar_americanchoiceg_ue,Saturday: 00:00 - 23:59,Out of Range
,Sunday: CLOSED - CLOSED,stansburgerbar_americanchoiceg_ue,Sunday: 00:00 - 23:59,Out of Range
,Monday: CLOSED - CLOSED,theburgerblade_americanchoiceg_ue,Monday: 00:00 - 23:59,Out of Range
,Tuesday: CLOSED - CLOSED,theburgerblade_americanchoiceg_ue,Tuesday: 00:00 - 23:59,Out of Range
,Wednesday: CLOSED - CLOSED,theburgerblade_americanchoiceg_ue,Wednesday: 00:00 - 23:59,Out of Range
,Thursday: CLOSED - CLOSED,theburgerblade_americanchoiceg_ue,Thursday: 00:00 - 23:59,Out of Range
,Friday: CLOSED - CLOSED,theburgerblade_americanchoiceg_ue,Friday: 00:00 - 23:59,Out of Range
,Saturday: CLOSED - CLOSED,theburgerblade_americanchoiceg_ue,Saturday: 00:00 - 23:59,Out of Range
,Sunday: CLOSED - CLOSED,theburgerblade_americanchoiceg_ue,Sunday: 00:00 - 23:59,Out of Range
,Monday: CLOSED - CLOSED,thevalleygyrosp_americanchoiceg_ue,Monday: 00:00 - 23:59,Out of Range
,Tuesday: CLOSED - CLOSED,thevalleygyrosp_americanchoiceg_ue,Tuesday: 00:00 - 23:59,Out of Range
,Wednesday: CLOSED - CLOSED,thevalleygyrosp_americanchoiceg_ue,Wednesday: 00:00 - 23:59,Out of Range
,Thursday: CLOSED - CLOSED,thevalleygyrosp_americanchoiceg_ue,Thursday: 00:00 - 23:59,Out of Range
,Friday: CLOSED - CLOSED,thevalleygyrosp_americanchoiceg_ue,Friday: 00:00 - 23:59,Out of Range
,Saturday: CLOSED - CLOSED,thevalleygyrosp_americanchoiceg_ue,Saturday: 00:00 - 23:59,Out of Range
,Sunday: CLOSED - CLOSED,thevalleygyrosp_americanchoiceg_ue,Sunday: 00:00 - 23:59,Out of Range
,Monday: CLOSED - CLOSED,wonderlandwraps_americanchoiceg_ue,Monday: 00:00 - 23:59,Out of Range
,Tuesday: CLOSED - CLOSED,wonderlandwraps_americanchoiceg_ue,Tuesday: 00:00 - 23:59,Out of Range
,Wednesday: CLOSED - CLOSED,wonderlandwraps_americanchoiceg_ue,Wednesday: 00:00 - 23:59,Out of Range
,Thursday: CLOSED - CLOSED,wonderlandwraps_americanchoiceg_ue,Thursday: 00:00 - 23:59,Out of Range
,Friday: CLOSED - CLOSED,wonderlandwraps_americanchoiceg_ue,Friday: 00:00 - 23:59,Out of Range
,Saturday: CLOSED - CLOSED,wonderlandwraps_americanchoiceg_ue,Saturday: 00:00 - 23:59,Out of Range
,Sunday: CLOSED - CLOSED,wonderlandwraps_americanchoiceg_ue,Sunday: 00:00 - 23:59,Out of Range
,Monday: CLOSED - CLOSED,wonkassmoothieb_americanchoiceg_ue,Monday: 00:00 - 23:59,Out of Range
,Tuesday: CLOSED - CLOSED,wonkassmoothieb_americanchoiceg_ue,Tuesday: 00:00 - 23:59,Out of Range
,Wednesday: CLOSED - CLOSED,wonkassmoothieb_americanchoiceg_ue,Wednesday: 00:00 - 23:59,Out of Range
,Thursday: CLOSED - CLOSED,wonkassmoothieb_americanchoiceg_ue,Thursday: 00:00 - 23:59,Out of Range
,Friday: CLOSED - CLOSED,wonkassmoothieb_americanchoiceg_ue,Friday: 00:00 - 23:59,Out of Range
,Saturday: CLOSED - CLOSED,wonkassmoothieb_americanchoiceg_ue,Saturday: 00:00 - 23:59,Out of Range
,Sunday: CLOSED - CLOSED,wonkassmoothieb_americanchoiceg_ue,Sunday: 00:00 - 23:59,Out of Range
,Monday: CLOSED - CLOSED,cheesecakeandde_bigfamousdeligr_ue,Monday: 00:00 - 23:59,Out of Range
,Tuesday: CLOSED - CLOSED,cheesecakeandde_bigfamousdeligr_ue,Tuesday: 00:00 - 23:59,Out of Range
,Wednesday: CLOSED - CLOSED,cheesecakeandde_bigfamousdeligr_ue,Wednesday: 00:00 - 23:59,Out of Range
,Thursday: CLOSED - CLOSED,cheesecakeandde_bigfamousdeligr_ue,Thursday: 00:00 - 23:59,Out of Range
,Friday: CLOSED - CLOSED,cheesecakeandde_bigfamousdeligr_ue,Friday: 00:00 - 23:59,Out of Range
,Saturday: CLOSED - CLOSED,cheesecakeandde_bigfamousdeligr_ue,Saturday: 00:00 - 23:59,Out of Range
,Sunday: CLOSED - CLOSED,cheesecakeandde_bigfamousdeligr_ue,Sunday: 00:00 - 23:59,Out of Range
,Monday: CLOSED - CLOSED,chelseasbreakfa_bigfamousdeligr_ue,Monday: 00:00 - 23:59,Out of Range
,Tuesday: CLOSED - CLOSED,chelseasbreakfa_bigfamousdeligr_ue,Tuesday: 00:00 - 23:59,Out of Range
,Wednesday: CLOSED - CLOSED,chelseasbreakfa_bigfamousdeligr_ue,Wednesday: 00:00 - 23:59,Out of Range
,Thursday: CLOSED - CLOSED,chelseasbreakfa_bigfamousdeligr_ue,Thursday: 00:00 - 23:59,Out of Range
,Friday: CLOSED - CLOSED,chelseasbreakfa_bigfamousdeligr_ue,Friday: 00:00 - 23:59,Out of Range
,Saturday: CLOSED - CLOSED,chelseasbreakfa_bigfamousdeligr_ue,Saturday: 00:00 - 23:59,Out of Range
,Sunday: CLOSED - CLOSED,chelseasbreakfa_bigfamousdeligr_ue,Sunday: 00:00 - 23:59,Out of Range
,Monday: CLOSED - CLOSED,chicnuggetsspot_bigfamousdeligr_ue,Monday: 00:00 - 23:59,Out of Range
,Tuesday: CLOSED - CLOSED,chicnuggetsspot_bigfamousdeligr_ue,Tuesday: 00:00 - 23:59,Out of Range
,Wednesday: CLOSED - CLOSED,chicnuggetsspot_bigfamousdeligr_ue,Wednesday: 00:00 - 23:59,Out of Range
,Thursday: CLOSED - CLOSED,chicnuggetsspot_bigfamousdeligr_ue,Thursday: 00:00 - 23:59,Out of Range
,Friday: CLOSED - CLOSED,chicnuggetsspot_bigfamousdeligr_ue,Friday: 00:00 - 23:59,Out of Range
,Saturday: CLOSED - CLOSED,chicnuggetsspot_bigfamousdeligr_ue,Saturday: 00:00 - 23:59,Out of Range
,Sunday: CLOSED - CLOSED,chicnuggetsspot_bigfamousdeligr_ue,Sunday: 00:00 - 23:59,Out of Range
,Monday: CLOSED - CLOSED,citylifebreakfa_bigfamousdeligr_ue,Monday: 00:00 - 23:59,Out of Range
,Tuesday: CLOSED - CLOSED,citylifebreakfa_bigfamousdeligr_ue,Tuesday: 00:00 - 23:59,Out of Range
,Wednesday: CLOSED - CLOSED,citylifebreakfa_bigfamousdeligr_ue,Wednesday: 00:00 - 23:59,Out of Range
,Thursday: CLOSED - CLOSED,citylifebreakfa_bigfamousdeligr_ue,Thursday: 00:00 - 23:59,Out of Range
,Friday: CLOSED - CLOSED,citylifebreakfa_bigfamousdeligr_ue,Friday: 00:00 - 23:59,Out of Range
,Saturday: CLOSED - CLOSED,citylifebreakfa_bigfamousdeligr_ue,Saturday: 00:00 - 23:59,Out of Range
,Sunday: CLOSED - CLOSED,citylifebreakfa_bigfamousdeligr_ue,Sunday: 00:00 - 23:59,Out of Range
,Monday: CLOSED - CLOSED,farmersmarketsa_bigfamousdeligr_ue,Monday: 00:00 - 23:59,Out of Range
,Tuesday: CLOSED - CLOSED,farmersmarketsa_bigfamousdeligr_ue,Tuesday: 00:00 - 23:59,Out of Range
,Wednesday: CLOSED - CLOSED,farmersmarketsa_bigfamousdeligr_ue,Wednesday: 00:00 - 23:59,Out of Range
,Thursday: CLOSED - CLOSED,farmersmarketsa_bigfamousdeligr_ue,Thursday: 00:00 - 23:59,Out of Range
,Friday: CLOSED - CLOSED,farmersmarketsa_bigfamousdeligr_ue,Friday: 00:00 - 23:59,Out of Range
,Saturday: CLOSED - CLOSED,farmersmarketsa_bigfamousdeligr_ue,Saturday: 00:00 - 23:59,Out of Range
,Sunday: CLOSED - CLOSED,farmersmarketsa_bigfamousdeligr_ue,Sunday: 00:00 - 23:59,Out of Range
,Monday: CLOSED - CLOSED,halalchickenspo_bigfamousdeligr_ue,Monday: 00:00 - 23:59,Out of Range
,Tuesday: CLOSED - CLOSED,halalchickenspo_bigfamousdeligr_ue,Tuesday: 00:00 - 23:59,Out of Range
,Wednesday: CLOSED - CLOSED,halalchickenspo_bigfamousdeligr_ue,Wednesday: 00:00 - 23:59,Out of Range
,Thursday: CLOSED - CLOSED,halalchickenspo_bigfamousdeligr_ue,Thursday: 00:00 - 23:59,Out of Range
,Friday: CLOSED - CLOSED,halalchickenspo_bigfamousdeligr_ue,Friday: 00:00 - 23:59,Out of Range
,Saturday: CLOSED - CLOSED,halalchickenspo_bigfamousdeligr_ue,Saturday: 00:00 - 23:59,Out of Range
,Sunday: CLOSED - CLOSED,halalchickenspo_bigfamousdeligr_ue,Sunday: 00:00 - 23:59,Out of Range
,Monday: CLOSED - CLOSED,halalgyrolab_bigfamousdeligr_ue,Monday: 00:00 - 23:59,Out of Range
,Tuesday: CLOSED - CLOSED,halalgyrolab_bigfamousdeligr_ue,Tuesday: 00:00 - 23:59,Out of Range
,Wednesday: CLOSED - CLOSED,halalgyrolab_bigfamousdeligr_ue,Wednesday: 00:00 - 23:59,Out of Range
,Thursday: CLOSED - CLOSED,halalgyrolab_bigfamousdeligr_ue,Thursday: 00:00 - 23:59,Out of Range
,Friday: CLOSED - CLOSED,halalgyrolab_bigfamousdeligr_ue,Friday: 00:00 - 23:59,Out of Range
,Saturday: CLOSED - CLOSED,halalgyrolab_bigfamousdeligr_ue,Saturday: 00:00 - 23:59,Out of Range
,Sunday: CLOSED - CLOSED,halalgyrolab_bigfamousdeligr_ue,Sunday: 00:00 - 23:59,Out of Range
,Monday: CLOSED - CLOSED,hollysburgerbar_bigfamousdeligr_ue,Monday: 00:00 - 23:59,Out of Range
,Tuesday: CLOSED - CLOSED,hollysburgerbar_bigfamousdeligr_ue,Tuesday: 00:00 - 23:59,Out of Range
,Wednesday: CLOSED - CLOSED,hollysburgerbar_bigfamousdeligr_ue,Wednesday: 00:00 - 23:59,Out of Range
,Thursday: CLOSED - CLOSED,hollysburgerbar_bigfamousdeligr_ue,Thursday: 00:00 - 23:59,Out of Range
,Friday: CLOSED - CLOSED,hollysburgerbar_bigfamousdeligr_ue,Friday: 00:00 - 23:59,Out of Range
,Saturday: CLOSED - CLOSED,hollysburgerbar_bigfamousdeligr_ue,Saturday: 00:00 - 23:59,Out of Range
,Sunday: CLOSED - CLOSED,hollysburgerbar_bigfamousdeligr_ue,Sunday: 00:00 - 23:59,Out of Range
,Monday: CLOSED - CLOSED,juliasjuiceshac_bigfamousdeligr_ue,Monday: 00:00 - 23:59,Out of Range
,Tuesday: CLOSED - CLOSED,juliasjuiceshac_bigfamousdeligr_ue,Tuesday: 00:00 - 23:59,Out of Range
,Wednesday: CLOSED - CLOSED,juliasjuiceshac_bigfamousdeligr_ue,Wednesday: 00:00 - 23:59,Out of Range
,Thursday: CLOSED - CLOSED,juliasjuiceshac_bigfamousdeligr_ue,Thursday: 00:00 - 23:59,Out of Range
,Friday: CLOSED - CLOSED,juliasjuiceshac_bigfamousdeligr_ue,Friday: 00:00 - 23:59,Out of Range
,Saturday: CLOSED - CLOSED,juliasjuiceshac_bigfamousdeligr_ue,Saturday: 00:00 - 23:59,Out of Range
,Sunday: CLOSED - CLOSED,juliasjuiceshac_bigfamousdeligr_ue,Sunday: 00:00 - 23:59,Out of Range
,Monday: CLOSED - CLOSED,martyswrapsshac_bigfamousdeligr_ue,Monday: 00:00 - 23:59,Out of Range
,Tuesday: CLOSED - CLOSED,martyswrapsshac_bigfamousdeligr_ue,Tuesday: 00:00 - 23:59,Out of Range
,Wednesday: CLOSED - CLOSED,martyswrapsshac_bigfamousdeligr_ue,Wednesday: 00:00 - 23:59,Out of Range
,Thursday: CLOSED - CLOSED,martyswrapsshac_bigfamousdeligr_ue,Thursday: 00:00 - 23:59,Out of Range
,Friday: CLOSED - CLOSED,martyswrapsshac_bigfamousdeligr_ue,Friday: 00:00 - 23:59,Out of Range
,Saturday: CLOSED - CLOSED,martyswrapsshac_bigfamousdeligr_ue,Saturday: 00:00 - 23:59,Out of Range
,Sunday: CLOSED - CLOSED,martyswrapsshac_bigfamousdeligr_ue,Sunday: 00:00 - 23:59,Out of Range
,Monday: CLOSED - CLOSED,pennyspancakes_bigfamousdeligr_ue,Monday: 00:00 - 23:59,Out of Range
,Tuesday: CLOSED - CLOSED,pennyspancakes_bigfamousdeligr_ue,Tuesday: 00:00 - 23:59,Out of Range
,Wednesday: CLOSED - CLOSED,pennyspancakes_bigfamousdeligr_ue,Wednesday: 00:00 - 23:59,Out of Range
,Thursday: CLOSED - CLOSED,pennyspancakes_bigfamousdeligr_ue,Thursday: 00:00 - 23:59,Out of Range
,Friday: CLOSED - CLOSED,pennyspancakes_bigfamousdeligr_ue,Friday: 00:00 - 23:59,Out of Range
,Saturday: CLOSED - CLOSED,pennyspancakes_bigfamousdeligr_ue,Saturday: 00:00 - 23:59,Out of Range
,Sunday: CLOSED - CLOSED,pennyspancakes_bigfamousdeligr_ue,Sunday: 00:00 - 23:59,Out of Range
,Tuesday: CLOSED - CLOSED,bombayseafoodgr_canteendesidhab_ue,Tuesday: 17:00 - 23:30,Out of Range
,Tuesday: CLOSED - CLOSED,bombayseafoodgr_canteendesidhab_ue,Tuesday: 11:00 - 15:00,Out of Range
,Wednesday: CLOSED - CLOSED,bombayseafoodgr_canteendesidhab_ue,Wednesday: 17:00 - 23:15,Out of Range
,Wednesday: CLOSED - CLOSED,bombayseafoodgr_canteendesidhab_ue,Wednesday: 11:00 - 15:00,Out of Range
,Thursday: CLOSED - CLOSED,bombayseafoodgr_canteendesidhab_ue,Thursday: 17:00 - 23:15,Out of Range
,Thursday: CLOSED - CLOSED,bombayseafoodgr_canteendesidhab_ue,Thursday: 11:00 - 15:00,Out of Range
,Friday: CLOSED - CLOSED,bombayseafoodgr_canteendesidhab_ue,Friday: 17:00 - 23:15,Out of Range
,Friday: CLOSED - CLOSED,bombayseafoodgr_canteendesidhab_ue,Friday: 11:00 - 15:00,Out of Range
,Saturday: CLOSED - CLOSED,bombayseafoodgr_canteendesidhab_ue,Saturday: 12:00 - 23:15,Out of Range
,Sunday: CLOSED - CLOSED,bombayseafoodgr_canteendesidhab_ue,Sunday: 12:00 - 23:15,Out of Range
,Tuesday: CLOSED - CLOSED,butterchickensn_canteendesidhab_ue,Tuesday: 17:00 - 23:30,Out of Range
,Tuesday: CLOSED - CLOSED,butterchickensn_canteendesidhab_ue,Tuesday: 11:00 - 15:00,Out of Range
,Wednesday: CLOSED - CLOSED,butterchickensn_canteendesidhab_ue,Wednesday: 17:00 - 23:15,Out of Range
,Wednesday: CLOSED - CLOSED,butterchickensn_canteendesidhab_ue,Wednesday: 11:00 - 15:00,Out of Range
,Thursday: CLOSED - CLOSED,butterchickensn_canteendesidhab_ue,Thursday: 17:00 - 23:15,Out of Range
,Thursday: CLOSED - CLOSED,butterchickensn_canteendesidhab_ue,Thursday: 11:00 - 15:00,Out of Range
,Friday: CLOSED - CLOSED,butterchickensn_canteendesidhab_ue,Friday: 17:00 - 23:15,Out of Range
,Friday: CLOSED - CLOSED,butterchickensn_canteendesidhab_ue,Friday: 11:00 - 15:00,Out of Range
,Saturday: CLOSED - CLOSED,butterchickensn_canteendesidhab_ue,Saturday: 12:00 - 23:15,Out of Range
,Sunday: CLOSED - CLOSED,butterchickensn_canteendesidhab_ue,Sunday: 12:00 - 23:15,Out of Range
,Tuesday: CLOSED - CLOSED,chineseindianfu_canteendesidhab_ue,Tuesday: 17:00 - 23:30,Out of Range
,Tuesday: CLOSED - CLOSED,chineseindianfu_canteendesidhab_ue,Tuesday: 11:00 - 15:00,Out of Range
,Wednesday: CLOSED - CLOSED,chineseindianfu_canteendesidhab_ue,Wednesday: 17:00 - 23:15,Out of Range
,Wednesday: CLOSED - CLOSED,chineseindianfu_canteendesidhab_ue,Wednesday: 11:00 - 15:00,Out of Range
,Thursday: CLOSED - CLOSED,chineseindianfu_canteendesidhab_ue,Thursday: 17:00 - 23:15,Out of Range
,Thursday: CLOSED - CLOSED,chineseindianfu_canteendesidhab_ue,Thursday: 11:00 - 15:00,Out of Range
,Friday: CLOSED - CLOSED,chineseindianfu_canteendesidhab_ue,Friday: 17:00 - 23:15,Out of Range
,Friday: CLOSED - CLOSED,chineseindianfu_canteendesidhab_ue,Friday: 11:00 - 15:00,Out of Range
,Saturday: CLOSED - CLOSED,chineseindianfu_canteendesidhab_ue,Saturday: 12:00 - 23:15,Out of Range
,Sunday: CLOSED - CLOSED,chineseindianfu_canteendesidhab_ue,Sunday: 12:00 - 23:15,Out of Range
,Tuesday: CLOSED - CLOSED,divyasdumbiryan_canteendesidhab_ue,Tuesday: 17:00 - 23:30,Out of Range
,Tuesday: CLOSED - CLOSED,divyasdumbiryan_canteendesidhab_ue,Tuesday: 11:00 - 15:00,Out of Range
,Wednesday: CLOSED - CLOSED,divyasdumbiryan_canteendesidhab_ue,Wednesday: 17:00 - 23:15,Out of Range
,Wednesday: CLOSED - CLOSED,divyasdumbiryan_canteendesidhab_ue,Wednesday: 11:00 - 15:00,Out of Range
,Thursday: CLOSED - CLOSED,divyasdumbiryan_canteendesidhab_ue,Thursday: 17:00 - 23:15,Out of Range
,Thursday: CLOSED - CLOSED,divyasdumbiryan_canteendesidhab_ue,Thursday: 11:00 - 15:00,Out of Range
,Friday: CLOSED - CLOSED,divyasdumbiryan_canteendesidhab_ue,Friday: 17:00 - 23:15,Out of Range
,Friday: CLOSED - CLOSED,divyasdumbiryan_canteendesidhab_ue,Friday: 11:00 - 15:00,Out of Range
,Saturday: CLOSED - CLOSED,divyasdumbiryan_canteendesidhab_ue,Saturday: 12:00 - 23:15,Out of Range
,Sunday: CLOSED - CLOSED,divyasdumbiryan_canteendesidhab_ue,Sunday: 12:00 - 23:15,Out of Range
,Tuesday: CLOSED - CLOSED,indiasquickbite_canteendesidhab_ue,Tuesday: 17:00 - 23:30,Out of Range
,Tuesday: CLOSED - CLOSED,indiasquickbite_canteendesidhab_ue,Tuesday: 11:00 - 15:00,Out of Range
,Wednesday: CLOSED - CLOSED,indiasquickbite_canteendesidhab_ue,Wednesday: 17:00 - 23:15,Out of Range
,Wednesday: CLOSED - CLOSED,indiasquickbite_canteendesidhab_ue,Wednesday: 11:00 - 15:00,Out of Range
,Thursday: CLOSED - CLOSED,indiasquickbite_canteendesidhab_ue,Thursday: 17:00 - 23:15,Out of Range
,Thursday: CLOSED - CLOSED,indiasquickbite_canteendesidhab_ue,Thursday: 11:00 - 15:00,Out of Range
,Friday: CLOSED - CLOSED,indiasquickbite_canteendesidhab_ue,Friday: 17:00 - 23:15,Out of Range
,Friday: CLOSED - CLOSED,indiasquickbite_canteendesidhab_ue,Friday: 11:00 - 15:00,Out of Range
,Saturday: CLOSED - CLOSED,indiasquickbite_canteendesidhab_ue,Saturday: 12:00 - 23:15,Out of Range
,Sunday: CLOSED - CLOSED,indiasquickbite_canteendesidhab_ue,Sunday: 12:00 - 23:15,Out of Range
,Tuesday: CLOSED - CLOSED,indianchickenco_canteendesidhab_ue,Tuesday: 17:00 - 23:30,Out of Range
,Tuesday: CLOSED - CLOSED,indianchickenco_canteendesidhab_ue,Tuesday: 11:00 - 15:00,Out of Range
,Wednesday: CLOSED - CLOSED,indianchickenco_canteendesidhab_ue,Wednesday: 17:00 - 23:15,Out of Range
,Wednesday: CLOSED - CLOSED,indianchickenco_canteendesidhab_ue,Wednesday: 11:00 - 15:00,Out of Range
,Thursday: CLOSED - CLOSED,indianchickenco_canteendesidhab_ue,Thursday: 17:00 - 23:15,Out of Range
,Thursday: CLOSED - CLOSED,indianchickenco_canteendesidhab_ue,Thursday: 11:00 - 15:00,Out of Range
,Friday: CLOSED - CLOSED,indianchickenco_canteendesidhab_ue,Friday: 17:00 - 23:15,Out of Range
,Friday: CLOSED - CLOSED,indianchickenco_canteendesidhab_ue,Friday: 11:00 - 15:00,Out of Range
,Saturday: CLOSED - CLOSED,indianchickenco_canteendesidhab_ue,Saturday: 12:00 - 23:15,Out of Range
,Sunday: CLOSED - CLOSED,indianchickenco_canteendesidhab_ue,Sunday: 12:00 - 23:15,Out of Range
,Tuesday: CLOSED - CLOSED,indianchickensn_canteendesidhab_ue,Tuesday: 17:00 - 23:30,Out of Range
,Tuesday: CLOSED - CLOSED,indianchickensn_canteendesidhab_ue,Tuesday: 11:00 - 15:00,Out of Range
,Wednesday: CLOSED - CLOSED,indianchickensn_canteendesidhab_ue,Wednesday: 17:00 - 23:15,Out of Range
,Wednesday: CLOSED - CLOSED,indianchickensn_canteendesidhab_ue,Wednesday: 11:00 - 15:00,Out of Range
,Thursday: CLOSED - CLOSED,indianchickensn_canteendesidhab_ue,Thursday: 17:00 - 23:15,Out of Range
,Thursday: CLOSED - CLOSED,indianchickensn_canteendesidhab_ue,Thursday: 11:00 - 15:00,Out of Range
,Friday: CLOSED - CLOSED,indianchickensn_canteendesidhab_ue,Friday: 17:00 - 23:15,Out of Range
,Friday: CLOSED - CLOSED,indianchickensn_canteendesidhab_ue,Friday: 11:00 - 15:00,Out of Range
,Saturday: CLOSED - CLOSED,indianchickensn_canteendesidhab_ue,Saturday: 12:00 - 23:15,Out of Range
,Sunday: CLOSED - CLOSED,indianchickensn_canteendesidhab_ue,Sunday: 12:00 - 23:15,Out of Range
,Tuesday: CLOSED - CLOSED,padthaisnob_canteendesidhab_ue,Tuesday: 17:00 - 23:30,Out of Range
,Tuesday: CLOSED - CLOSED,padthaisnob_canteendesidhab_ue,Tuesday: 11:00 - 15:00,Out of Range
,Wednesday: CLOSED - CLOSED,padthaisnob_canteendesidhab_ue,Wednesday: 17:00 - 23:15,Out of Range
,Wednesday: CLOSED - CLOSED,padthaisnob_canteendesidhab_ue,Wednesday: 11:00 - 15:00,Out of Range
,Thursday: CLOSED - CLOSED,padthaisnob_canteendesidhab_ue,Thursday: 17:00 - 23:15,Out of Range
,Thursday: CLOSED - CLOSED,padthaisnob_canteendesidhab_ue,Thursday: 11:00 - 15:00,Out of Range
,Friday: CLOSED - CLOSED,padthaisnob_canteendesidhab_ue,Friday: 17:00 - 23:15,Out of Range
,Friday: CLOSED - CLOSED,padthaisnob_canteendesidhab_ue,Friday: 11:00 - 15:00,Out of Range
,Saturday: CLOSED - CLOSED,padthaisnob_canteendesidhab_ue,Saturday: 12:00 - 23:15,Out of Range
,Sunday: CLOSED - CLOSED,padthaisnob_canteendesidhab_ue,Sunday: 12:00 - 23:15,Out of Range
,Tuesday: CLOSED - CLOSED,savorychaathous_canteendesidhab_ue,Tuesday: 17:00 - 23:30,Out of Range
,Tuesday: CLOSED - CLOSED,savorychaathous_canteendesidhab_ue,Tuesday: 11:00 - 15:00,Out of Range
,Wednesday: CLOSED - CLOSED,savorychaathous_canteendesidhab_ue,Wednesday: 17:00 - 23:15,Out of Range
,Wednesday: CLOSED - CLOSED,savorychaathous_canteendesidhab_ue,Wednesday: 11:00 - 15:00,Out of Range
,Thursday: CLOSED - CLOSED,savorychaathous_canteendesidhab_ue,Thursday: 17:00 - 23:15,Out of Range
,Thursday: CLOSED - CLOSED,savorychaathous_canteendesidhab_ue,Thursday: 11:00 - 15:00,Out of Range
,Friday: CLOSED - CLOSED,savorychaathous_canteendesidhab_ue,Friday: 17:00 - 23:15,Out of Range
,Friday: CLOSED - CLOSED,savorychaathous_canteendesidhab_ue,Friday: 11:00 - 15:00,Out of Range
,Saturday: CLOSED - CLOSED,savorychaathous_canteendesidhab_ue,Saturday: 12:00 - 23:15,Out of Range
,Sunday: CLOSED - CLOSED,savorychaathous_canteendesidhab_ue,Sunday: 12:00 - 23:15,Out of Range
,Tuesday: CLOSED - CLOSED,theindiantandoo_canteendesidhab_ue,Tuesday: 17:00 - 23:30,Out of Range
,Tuesday: CLOSED - CLOSED,theindiantandoo_canteendesidhab_ue,Tuesday: 11:00 - 15:00,Out of Range
,Wednesday: CLOSED - CLOSED,theindiantandoo_canteendesidhab_ue,Wednesday: 17:00 - 23:15,Out of Range
,Wednesday: CLOSED - CLOSED,theindiantandoo_canteendesidhab_ue,Wednesday: 11:00 - 15:00,Out of Range
,Thursday: CLOSED - CLOSED,theindiantandoo_canteendesidhab_ue,Thursday: 17:00 - 23:15,Out of Range
,Thursday: CLOSED - CLOSED,theindiantandoo_canteendesidhab_ue,Thursday: 11:00 - 15:00,Out of Range
,Friday: CLOSED - CLOSED,theindiantandoo_canteendesidhab_ue,Friday: 17:00 - 23:15,Out of Range
,Friday: CLOSED - CLOSED,theindiantandoo_canteendesidhab_ue,Friday: 11:00 - 15:00,Out of Range
,Saturday: CLOSED - CLOSED,theindiantandoo_canteendesidhab_ue,Saturday: 12:00 - 23:15,Out of Range
,Sunday: CLOSED - CLOSED,theindiantandoo_canteendesidhab_ue,Sunday: 12:00 - 23:15,Out of Range
,Tuesday: CLOSED - CLOSED,vegetarianindia_canteendesidhab_ue,Tuesday: 17:00 - 23:30,Out of Range
,Tuesday: CLOSED - CLOSED,vegetarianindia_canteendesidhab_ue,Tuesday: 11:00 - 15:00,Out of Range
,Wednesday: CLOSED - CLOSED,vegetarianindia_canteendesidhab_ue,Wednesday: 17:00 - 23:15,Out of Range
,Wednesday: CLOSED - CLOSED,vegetarianindia_canteendesidhab_ue,Wednesday: 11:00 - 15:00,Out of Range
,Thursday: CLOSED - CLOSED,vegetarianindia_canteendesidhab_ue,Thursday: 17:00 - 23:15,Out of Range
,Thursday: CLOSED - CLOSED,vegetarianindia_canteendesidhab_ue,Thursday: 11:00 - 15:00,Out of Range
,Friday: CLOSED - CLOSED,vegetarianindia_canteendesidhab_ue,Friday: 17:00 - 23:15,Out of Range
,Friday: CLOSED - CLOSED,vegetarianindia_canteendesidhab_ue,Friday: 11:00 - 15:00,Out of Range
,Saturday: CLOSED - CLOSED,vegetarianindia_canteendesidhab_ue,Saturday: 12:00 - 23:15,Out of Range
,Sunday: CLOSED - CLOSED,vegetarianindia_canteendesidhab_ue,Sunday: 12:00 - 23:15,Out of Range
,Monday: CLOSED - CLOSED,chuckscheeseste_chelseafinefood_ue,Monday: 00:00 - 23:59,Out of Range
,Tuesday: CLOSED - CLOSED,chuckscheeseste_chelseafinefood_ue,Tuesday: 00:00 - 23:59,Out of Range
,Wednesday: CLOSED - CLOSED,chuckscheeseste_chelseafinefood_ue,Wednesday: 00:00 - 23:59,Out of Range
,Thursday: CLOSED - CLOSED,chuckscheeseste_chelseafinefood_ue,Thursday: 00:00 - 23:59,Out of Range
,Friday: CLOSED - CLOSED,chuckscheeseste_chelseafinefood_ue,Friday: 00:00 - 23:59,Out of Range
,Saturday: CLOSED - CLOSED,chuckscheeseste_chelseafinefood_ue,Saturday: 00:00 - 23:59,Out of Range
,Sunday: CLOSED - CLOSED,chuckscheeseste_chelseafinefood_ue,Sunday: 06:30 - 23:59,Out of Range
,Monday: CLOSED - CLOSED,despicablewraps_chelseafinefood_ue,Monday: 00:00 - 23:59,Out of Range
,Tuesday: CLOSED - CLOSED,despicablewraps_chelseafinefood_ue,Tuesday: 00:00 - 23:59,Out of Range
,Wednesday: CLOSED - CLOSED,despicablewraps_chelseafinefood_ue,Wednesday: 00:00 - 23:59,Out of Range
,Thursday: CLOSED - CLOSED,despicablewraps_chelseafinefood_ue,Thursday: 00:00 - 23:59,Out of Range
,Friday: CLOSED - CLOSED,despicablewraps_chelseafinefood_ue,Friday: 00:00 - 23:59,Out of Range
,Saturday: CLOSED - CLOSED,despicablewraps_chelseafinefood_ue,Saturday: 00:00 - 23:59,Out of Range
,Sunday: CLOSED - CLOSED,despicablewraps_chelseafinefood_ue,Sunday: 06:30 - 23:59,Out of Range
,Monday: CLOSED - CLOSED,janesjuicebar_chelseafinefood_ue,Monday: 00:00 - 23:59,Out of Range
,Tuesday: CLOSED - CLOSED,janesjuicebar_chelseafinefood_ue,Tuesday: 00:00 - 23:59,Out of Range
,Wednesday: CLOSED - CLOSED,janesjuicebar_chelseafinefood_ue,Wednesday: 00:00 - 23:59,Out of Range
,Thursday: CLOSED - CLOSED,janesjuicebar_chelseafinefood_ue,Thursday: 00:00 - 23:59,Out of Range
,Friday: CLOSED - CLOSED,janesjuicebar_chelseafinefood_ue,Friday: 00:00 - 23:59,Out of Range
,Saturday: CLOSED - CLOSED,janesjuicebar_chelseafinefood_ue,Saturday: 00:00 - 23:59,Out of Range
,Sunday: CLOSED - CLOSED,janesjuicebar_chelseafinefood_ue,Sunday: 06:30 - 23:59,Out of Range
,Monday: CLOSED - CLOSED,marysomeletteba_chelseafinefood_ue,Monday: 00:00 - 23:59,Out of Range
,Tuesday: CLOSED - CLOSED,marysomeletteba_chelseafinefood_ue,Tuesday: 00:00 - 23:59,Out of Range
,Wednesday: CLOSED - CLOSED,marysomeletteba_chelseafinefood_ue,Wednesday: 00:00 - 23:59,Out of Range
,Thursday: CLOSED - CLOSED,marysomeletteba_chelseafinefood_ue,Thursday: 00:00 - 23:59,Out of Range
,Friday: CLOSED - CLOSED,marysomeletteba_chelseafinefood_ue,Friday: 00:00 - 23:59,Out of Range
,Saturday: CLOSED - CLOSED,marysomeletteba_chelseafinefood_ue,Saturday: 00:00 - 23:59,Out of Range
,Sunday: CLOSED - CLOSED,marysomeletteba_chelseafinefood_ue,Sunday: 06:30 - 23:59,Out of Range
,Monday: CLOSED - CLOSED,pardonmypanini_chelseafinefood_ue,Monday: 00:00 - 23:59,Out of Range
,Tuesday: CLOSED - CLOSED,pardonmypanini_chelseafinefood_ue,Tuesday: 00:00 - 23:59,Out of Range
,Wednesday: CLOSED - CLOSED,pardonmypanini_chelseafinefood_ue,Wednesday: 00:00 - 23:59,Out of Range
,Thursday: CLOSED - CLOSED,pardonmypanini_chelseafinefood_ue,Thursday: 00:00 - 23:59,Out of Range
,Friday: CLOSED - CLOSED,pardonmypanini_chelseafinefood_ue,Friday: 00:00 - 23:59,Out of Range
,Saturday: CLOSED - CLOSED,pardonmypanini_chelseafinefood_ue,Saturday: 00:00 - 23:59,Out of Range
,Sunday: CLOSED - CLOSED,pardonmypanini_chelseafinefood_ue,Sunday: 06:30 - 23:59,Out of Range
,Monday: CLOSED - CLOSED,sarahssaladbar_chelseafinefood_ue,Monday: 00:00 - 23:59,Out of Range
,Tuesday: CLOSED - CLOSED,sarahssaladbar_chelseafinefood_ue,Tuesday: 00:00 - 23:59,Out of Range
,Wednesday: CLOSED - CLOSED,sarahssaladbar_chelseafinefood_ue,Wednesday: 00:00 - 23:59,Out of Range
,Thursday: CLOSED - CLOSED,sarahssaladbar_chelseafinefood_ue,Thursday: 00:00 - 23:59,Out of Range
,Friday: CLOSED - CLOSED,sarahssaladbar_chelseafinefood_ue,Friday: 00:00 - 23:59,Out of Range
,Saturday: CLOSED - CLOSED,sarahssaladbar_chelseafinefood_ue,Saturday: 00:00 - 23:59,Out of Range
,Sunday: CLOSED - CLOSED,sarahssaladbar_chelseafinefood_ue,Sunday: 06:30 - 23:59,Out of Range
,Monday: CLOSED - CLOSED,theburgerstack_chelseafinefood_ue,Monday: 00:00 - 23:59,Out of Range
,Tuesday: CLOSED - CLOSED,theburgerstack_chelseafinefood_ue,Tuesday: 00:00 - 23:59,Out of Range
,Wednesday: CLOSED - CLOSED,theburgerstack_chelseafinefood_ue,Wednesday: 00:00 - 23:59,Out of Range
,Thursday: CLOSED - CLOSED,theburgerstack_chelseafinefood_ue,Thursday: 00:00 - 23:59,Out of Range
,Friday: CLOSED - CLOSED,theburgerstack_chelseafinefood_ue,Friday: 00:00 - 23:59,Out of Range
,Saturday: CLOSED - CLOSED,theburgerstack_chelseafinefood_ue,Saturday: 00:00 - 23:59,Out of Range
,Sunday: CLOSED - CLOSED,theburgerstack_chelseafinefood_ue,Sunday: 06:30 - 23:59,Out of Range
,Monday: CLOSED - CLOSED,thepancakespot_chelseafinefood_ue,Monday: 00:00 - 23:59,Out of Range
,Tuesday: CLOSED - CLOSED,thepancakespot_chelseafinefood_ue,Tuesday: 00:00 - 23:59,Out of Range
,Wednesday: CLOSED - CLOSED,thepancakespot_chelseafinefood_ue,Wednesday: 00:00 - 23:59,Out of Range
,Thursday: CLOSED - CLOSED,thepancakespot_chelseafinefood_ue,Thursday: 00:00 - 23:59,Out of Range
,Friday: CLOSED - CLOSED,thepancakespot_chelseafinefood_ue,Friday: 00:00 - 23:59,Out of Range
,Saturday: CLOSED - CLOSED,thepancakespot_chelseafinefood_ue,Saturday: 00:00 - 23:59,Out of Range
,Sunday: CLOSED - CLOSED,thepancakespot_chelseafinefood_ue,Sunday: 06:30 - 23:59,Out of Range
,Monday: CLOSED - CLOSED,thepastatwins_chelseafinefood_ue,Monday: 00:00 - 23:59,Out of Range
,Tuesday: CLOSED - CLOSED,thepastatwins_chelseafinefood_ue,Tuesday: 00:00 - 23:59,Out of Range
,Wednesday: CLOSED - CLOSED,thepastatwins_chelseafinefood_ue,Wednesday: 00:00 - 23:59,Out of Range
,Thursday: CLOSED - CLOSED,thepastatwins_chelseafinefood_ue,Thursday: 00:00 - 23:59,Out of Range
,Friday: CLOSED - CLOSED,thepastatwins_chelseafinefood_ue,Friday: 00:00 - 23:59,Out of Range
,Saturday: CLOSED - CLOSED,thepastatwins_chelseafinefood_ue,Saturday: 00:00 - 23:59,Out of Range
,Sunday: CLOSED - CLOSED,thepastatwins_chelseafinefood_ue,Sunday: 06:30 - 23:59,Out of Range
,Monday: CLOSED - CLOSED,thesandwichcafe_chelseafinefood_ue,Monday: 00:00 - 23:59,Out of Range
,Tuesday: CLOSED - CLOSED,thesandwichcafe_chelseafinefood_ue,Tuesday: 00:00 - 23:59,Out of Range
,Wednesday: CLOSED - CLOSED,thesandwichcafe_chelseafinefood_ue,Wednesday: 00:00 - 23:59,Out of Range
,Thursday: CLOSED - CLOSED,thesandwichcafe_chelseafinefood_ue,Thursday: 00:00 - 23:59,Out of Range
,Friday: CLOSED - CLOSED,thesandwichcafe_chelseafinefood_ue,Friday: 00:00 - 23:59,Out of Range
,Saturday: CLOSED - CLOSED,thesandwichcafe_chelseafinefood_ue,Saturday: 00:00 - 23:59,Out of Range
,Sunday: CLOSED - CLOSED,thesandwichcafe_chelseafinefood_ue,Sunday: 06:30 - 23:59,Out of Range
,Monday: CLOSED - CLOSED,bartsburgerbar_chelseapapaya_ue,Monday: 00:00 - 23:59,Out of Range
,Tuesday: CLOSED - CLOSED,bartsburgerbar_chelseapapaya_ue,Tuesday: 00:00 - 23:59,Out of Range
,Wednesday: CLOSED - CLOSED,bartsburgerbar_chelseapapaya_ue,Wednesday: 00:00 - 23:59,Out of Range
,Thursday: CLOSED - CLOSED,bartsburgerbar_chelseapapaya_ue,Thursday: 00:00 - 23:59,Out of Range
,Friday: CLOSED - CLOSED,bartsburgerbar_chelseapapaya_ue,Friday: 00:00 - 23:59,Out of Range
,Saturday: CLOSED - CLOSED,bartsburgerbar_chelseapapaya_ue,Saturday: 00:00 - 23:59,Out of Range
,Sunday: CLOSED - CLOSED,bartsburgerbar_chelseapapaya_ue,Sunday: 00:00 - 23:59,Out of Range
,Monday: CLOSED - CLOSED,beemansburgerba_chelseapapaya_ue,Monday: 00:00 - 23:59,Out of Range
,Tuesday: CLOSED - CLOSED,beemansburgerba_chelseapapaya_ue,Tuesday: 00:00 - 23:59,Out of Range
,Wednesday: CLOSED - CLOSED,beemansburgerba_chelseapapaya_ue,Wednesday: 00:00 - 23:59,Out of Range
,Thursday: CLOSED - CLOSED,beemansburgerba_chelseapapaya_ue,Thursday: 00:00 - 23:59,Out of Range
,Friday: CLOSED - CLOSED,beemansburgerba_chelseapapaya_ue,Friday: 00:00 - 23:59,Out of Range
,Saturday: CLOSED - CLOSED,beemansburgerba_chelseapapaya_ue,Saturday: 00:00 - 23:59,Out of Range
,Sunday: CLOSED - CLOSED,beemansburgerba_chelseapapaya_ue,Sunday: 00:00 - 23:59,Out of Range
,Monday: CLOSED - CLOSED,bradsbuffalowin_chelseapapaya_ue,Monday: 00:00 - 23:59,Out of Range
,Tuesday: CLOSED - CLOSED,bradsbuffalowin_chelseapapaya_ue,Tuesday: 00:00 - 23:59,Out of Range
,Wednesday: CLOSED - CLOSED,bradsbuffalowin_chelseapapaya_ue,Wednesday: 00:00 - 23:59,Out of Range
,Thursday: CLOSED - CLOSED,bradsbuffalowin_chelseapapaya_ue,Thursday: 00:00 - 23:59,Out of Range
,Friday: CLOSED - CLOSED,bradsbuffalowin_chelseapapaya_ue,Friday: 00:00 - 23:59,Out of Range
,Saturday: CLOSED - CLOSED,bradsbuffalowin_chelseapapaya_ue,Saturday: 00:00 - 23:59,Out of Range
,Sunday: CLOSED - CLOSED,bradsbuffalowin_chelseapapaya_ue,Sunday: 00:00 - 23:59,Out of Range
,Monday: CLOSED - CLOSED,buffalowingsbar_chelseapapaya_ue,Monday: 00:00 - 23:59,Out of Range
,Tuesday: CLOSED - CLOSED,buffalowingsbar_chelseapapaya_ue,Tuesday: 00:00 - 23:59,Out of Range
,Wednesday: CLOSED - CLOSED,buffalowingsbar_chelseapapaya_ue,Wednesday: 00:00 - 23:59,Out of Range
,Thursday: CLOSED - CLOSED,buffalowingsbar_chelseapapaya_ue,Thursday: 00:00 - 23:59,Out of Range
,Friday: CLOSED - CLOSED,buffalowingsbar_chelseapapaya_ue,Friday: 00:00 - 23:59,Out of Range
,Saturday: CLOSED - CLOSED,buffalowingsbar_chelseapapaya_ue,Saturday: 00:00 - 23:59,Out of Range
,Sunday: CLOSED - CLOSED,buffalowingsbar_chelseapapaya_ue,Sunday: 00:00 - 23:59,Out of Range
,Monday: CLOSED - CLOSED,chickenastender_chelseapapaya_ue,Monday: 00:00 - 23:59,Out of Range
,Tuesday: CLOSED - CLOSED,chickenastender_chelseapapaya_ue,Tuesday: 00:00 - 23:59,Out of Range
,Wednesday: CLOSED - CLOSED,chickenastender_chelseapapaya_ue,Wednesday: 00:00 - 23:59,Out of Range
,Thursday: CLOSED - CLOSED,chickenastender_chelseapapaya_ue,Thursday: 00:00 - 23:59,Out of Range
,Friday: CLOSED - CLOSED,chickenastender_chelseapapaya_ue,Friday: 00:00 - 23:59,Out of Range
,Saturday: CLOSED - CLOSED,chickenastender_chelseapapaya_ue,Saturday: 00:00 - 23:59,Out of Range
,Sunday: CLOSED - CLOSED,chickenastender_chelseapapaya_ue,Sunday: 00:00 - 23:59,Out of Range
,Monday: CLOSED - CLOSED,crispytenderssh_chelseapapaya_ue,Monday: 00:00 - 23:59,Out of Range
,Tuesday: CLOSED - CLOSED,crispytenderssh_chelseapapaya_ue,Tuesday: 00:00 - 23:59,Out of Range
,Wednesday: CLOSED - CLOSED,crispytenderssh_chelseapapaya_ue,Wednesday: 00:00 - 23:59,Out of Range
,Thursday: CLOSED - CLOSED,crispytenderssh_chelseapapaya_ue,Thursday: 00:00 - 23:59,Out of Range
,Friday: CLOSED - CLOSED,crispytenderssh_chelseapapaya_ue,Friday: 00:00 - 23:59,Out of Range
,Saturday: CLOSED - CLOSED,crispytenderssh_chelseapapaya_ue,Saturday: 00:00 - 23:59,Out of Range
,Sunday: CLOSED - CLOSED,crispytenderssh_chelseapapaya_ue,Sunday: 00:00 - 23:59,Out of Range
,Monday: CLOSED - CLOSED,curtisfriedchic_chelseapapaya_ue,Monday: 00:00 - 23:59,Out of Range
,Tuesday: CLOSED - CLOSED,curtisfriedchic_chelseapapaya_ue,Tuesday: 00:00 - 23:59,Out of Range
,Wednesday: CLOSED - CLOSED,curtisfriedchic_chelseapapaya_ue,Wednesday: 00:00 - 23:59,Out of Range
,Thursday: CLOSED - CLOSED,curtisfriedchic_chelseapapaya_ue,Thursday: 00:00 - 23:59,Out of Range
,Friday: CLOSED - CLOSED,curtisfriedchic_chelseapapaya_ue,Friday: 00:00 - 23:59,Out of Range
,Saturday: CLOSED - CLOSED,curtisfriedchic_chelseapapaya_ue,Saturday: 00:00 - 23:59,Out of Range
,Sunday: CLOSED - CLOSED,curtisfriedchic_chelseapapaya_ue,Sunday: 00:00 - 23:59,Out of Range
,Monday: CLOSED - CLOSED,goodplanetvegan_chelseapapaya_ue,Monday: 00:00 - 23:59,Out of Range
,Tuesday: CLOSED - CLOSED,goodplanetvegan_chelseapapaya_ue,Tuesday: 00:00 - 23:59,Out of Range
,Wednesday: CLOSED - CLOSED,goodplanetvegan_chelseapapaya_ue,Wednesday: 00:00 - 23:59,Out of Range
,Thursday: CLOSED - CLOSED,goodplanetvegan_chelseapapaya_ue,Thursday: 00:00 - 23:59,Out of Range
,Friday: CLOSED - CLOSED,goodplanetvegan_chelseapapaya_ue,Friday: 00:00 - 23:59,Out of Range
,Saturday: CLOSED - CLOSED,goodplanetvegan_chelseapapaya_ue,Saturday: 00:00 - 23:59,Out of Range
,Sunday: CLOSED - CLOSED,goodplanetvegan_chelseapapaya_ue,Sunday: 00:00 - 23:59,Out of Range
,Monday: CLOSED - CLOSED,londonsfishnchi_chelseapapaya_ue,Monday: 00:00 - 23:59,Out of Range
,Tuesday: CLOSED - CLOSED,londonsfishnchi_chelseapapaya_ue,Tuesday: 00:00 - 23:59,Out of Range
,Wednesday: CLOSED - CLOSED,londonsfishnchi_chelseapapaya_ue,Wednesday: 00:00 - 23:59,Out of Range
,Thursday: CLOSED - CLOSED,londonsfishnchi_chelseapapaya_ue,Thursday: 00:00 - 23:59,Out of Range
,Friday: CLOSED - CLOSED,londonsfishnchi_chelseapapaya_ue,Friday: 00:00 - 23:59,Out of Range
,Saturday: CLOSED - CLOSED,londonsfishnchi_chelseapapaya_ue,Saturday: 00:00 - 23:59,Out of Range
,Sunday: CLOSED - CLOSED,londonsfishnchi_chelseapapaya_ue,Sunday: 00:00 - 23:59,Out of Range
,Monday: CLOSED - CLOSED,lucasphillychee_chelseapapaya_ue,Monday: 00:00 - 23:59,Out of Range
,Tuesday: CLOSED - CLOSED,lucasphillychee_chelseapapaya_ue,Tuesday: 00:00 - 23:59,Out of Range
,Wednesday: CLOSED - CLOSED,lucasphillychee_chelseapapaya_ue,Wednesday: 00:00 - 23:59,Out of Range
,Thursday: CLOSED - CLOSED,lucasphillychee_chelseapapaya_ue,Thursday: 00:00 - 23:59,Out of Range
,Friday: CLOSED - CLOSED,lucasphillychee_chelseapapaya_ue,Friday: 00:00 - 23:59,Out of Range
,Saturday: CLOSED - CLOSED,lucasphillychee_chelseapapaya_ue,Saturday: 00:00 - 23:59,Out of Range
,Sunday: CLOSED - CLOSED,lucasphillychee_chelseapapaya_ue,Sunday: 00:00 - 23:59,Out of Range
,Monday: CLOSED - CLOSED,morningseafoodc_chelseapapaya_ue,Monday: 00:00 - 23:59,Out of Range
,Tuesday: CLOSED - CLOSED,morningseafoodc_chelseapapaya_ue,Tuesday: 00:00 - 23:59,Out of Range
,Wednesday: CLOSED - CLOSED,morningseafoodc_chelseapapaya_ue,Wednesday: 00:00 - 23:59,Out of Range
,Thursday: CLOSED - CLOSED,morningseafoodc_chelseapapaya_ue,Thursday: 00:00 - 23:59,Out of Range
,Friday: CLOSED - CLOSED,morningseafoodc_chelseapapaya_ue,Friday: 00:00 - 23:59,Out of Range
,Saturday: CLOSED - CLOSED,morningseafoodc_chelseapapaya_ue,Saturday: 00:00 - 23:59,Out of Range
,Sunday: CLOSED - CLOSED,morningseafoodc_chelseapapaya_ue,Sunday: 00:00 - 23:59,Out of Range
,Monday: CLOSED - CLOSED,nyburgerspot25c_chelseapapaya_ue,Monday: 00:00 - 23:59,Out of Range
,Tuesday: CLOSED - CLOSED,nyburgerspot25c_chelseapapaya_ue,Tuesday: 00:00 - 23:59,Out of Range
,Wednesday: CLOSED - CLOSED,nyburgerspot25c_chelseapapaya_ue,Wednesday: 00:00 - 23:59,Out of Range
,Thursday: CLOSED - CLOSED,nyburgerspot25c_chelseapapaya_ue,Thursday: 00:00 - 23:59,Out of Range
,Friday: CLOSED - CLOSED,nyburgerspot25c_chelseapapaya_ue,Friday: 00:00 - 23:59,Out of Range
,Saturday: CLOSED - CLOSED,nyburgerspot25c_chelseapapaya_ue,Saturday: 00:00 - 23:59,Out of Range
,Sunday: CLOSED - CLOSED,nyburgerspot25c_chelseapapaya_ue,Sunday: 00:00 - 23:59,Out of Range
,Monday: CLOSED - CLOSED,nysfinesthotdog_chelseapapaya_ue,Monday: 00:00 - 23:59,Out of Range
,Tuesday: CLOSED - CLOSED,nysfinesthotdog_chelseapapaya_ue,Tuesday: 00:00 - 23:59,Out of Range
,Wednesday: CLOSED - CLOSED,nysfinesthotdog_chelseapapaya_ue,Wednesday: 00:00 - 23:59,Out of Range
,Thursday: CLOSED - CLOSED,nysfinesthotdog_chelseapapaya_ue,Thursday: 00:00 - 23:59,Out of Range
,Friday: CLOSED - CLOSED,nysfinesthotdog_chelseapapaya_ue,Friday: 00:00 - 23:59,Out of Range
,Saturday: CLOSED - CLOSED,nysfinesthotdog_chelseapapaya_ue,Saturday: 00:00 - 23:59,Out of Range
,Sunday: CLOSED - CLOSED,nysfinesthotdog_chelseapapaya_ue,Sunday: 00:00 - 23:59,Out of Range
,Monday: CLOSED - CLOSED,oldtownsandwich_chelseapapaya_ue,Monday: 00:00 - 23:59,Out of Range
,Tuesday: CLOSED - CLOSED,oldtownsandwich_chelseapapaya_ue,Tuesday: 00:00 - 23:59,Out of Range
,Wednesday: CLOSED - CLOSED,oldtownsandwich_chelseapapaya_ue,Wednesday: 00:00 - 23:59,Out of Range
,Thursday: CLOSED - CLOSED,oldtownsandwich_chelseapapaya_ue,Thursday: 00:00 - 23:59,Out of Range
,Friday: CLOSED - CLOSED,oldtownsandwich_chelseapapaya_ue,Friday: 00:00 - 23:59,Out of Range
,Saturday: CLOSED - CLOSED,oldtownsandwich_chelseapapaya_ue,Saturday: 00:00 - 23:59,Out of Range
,Sunday: CLOSED - CLOSED,oldtownsandwich_chelseapapaya_ue,Sunday: 00:00 - 23:59,Out of Range
,Monday: CLOSED - CLOSED,ondemandpizza_chelseapapaya_ue,Monday: 00:00 - 23:59,Out of Range
,Tuesday: CLOSED - CLOSED,ondemandpizza_chelseapapaya_ue,Tuesday: 00:00 - 23:59,Out of Range
,Wednesday: CLOSED - CLOSED,ondemandpizza_chelseapapaya_ue,Wednesday: 00:00 - 23:59,Out of Range
,Thursday: CLOSED - CLOSED,ondemandpizza_chelseapapaya_ue,Thursday: 00:00 - 23:59,Out of Range
,Friday: CLOSED - CLOSED,ondemandpizza_chelseapapaya_ue,Friday: 00:00 - 23:59,Out of Range
,Saturday: CLOSED - CLOSED,ondemandpizza_chelseapapaya_ue,Saturday: 00:00 - 23:59,Out of Range
,Sunday: CLOSED - CLOSED,ondemandpizza_chelseapapaya_ue,Sunday: 00:00 - 23:59,Out of Range
,Monday: CLOSED - CLOSED,pennyschickente_chelseapapaya_ue,Monday: 00:00 - 23:59,Out of Range
,Tuesday: CLOSED - CLOSED,pennyschickente_chelseapapaya_ue,Tuesday: 00:00 - 23:59,Out of Range
,Wednesday: CLOSED - CLOSED,pennyschickente_chelseapapaya_ue,Wednesday: 00:00 - 23:59,Out of Range
,Thursday: CLOSED - CLOSED,pennyschickente_chelseapapaya_ue,Thursday: 00:00 - 23:59,Out of Range
,Friday: CLOSED - CLOSED,pennyschickente_chelseapapaya_ue,Friday: 00:00 - 23:59,Out of Range
,Saturday: CLOSED - CLOSED,pennyschickente_chelseapapaya_ue,Saturday: 00:00 - 23:59,Out of Range
,Sunday: CLOSED - CLOSED,pennyschickente_chelseapapaya_ue,Sunday: 00:00 - 23:59,Out of Range
,Monday: CLOSED - CLOSED,phillycheeseste_chelseapapaya_ue,Monday: 00:00 - 23:59,Out of Range
,Tuesday: CLOSED - CLOSED,phillycheeseste_chelseapapaya_ue,Tuesday: 00:00 - 23:59,Out of Range
,Wednesday: CLOSED - CLOSED,phillycheeseste_chelseapapaya_ue,Wednesday: 00:00 - 23:59,Out of Range
,Thursday: CLOSED - CLOSED,phillycheeseste_chelseapapaya_ue,Thursday: 00:00 - 23:59,Out of Range
,Friday: CLOSED - CLOSED,phillycheeseste_chelseapapaya_ue,Friday: 00:00 - 23:59,Out of Range
,Saturday: CLOSED - CLOSED,phillycheeseste_chelseapapaya_ue,Saturday: 00:00 - 23:59,Out of Range
,Sunday: CLOSED - CLOSED,phillycheeseste_chelseapapaya_ue,Sunday: 00:00 - 23:59,Out of Range
,Monday: CLOSED - CLOSED,salvatoressicil_chelseapapaya_ue,Monday: 00:00 - 23:59,Out of Range
,Tuesday: CLOSED - CLOSED,salvatoressicil_chelseapapaya_ue,Tuesday: 00:00 - 23:59,Out of Range
,Wednesday: CLOSED - CLOSED,salvatoressicil_chelseapapaya_ue,Wednesday: 00:00 - 23:59,Out of Range
,Thursday: CLOSED - CLOSED,salvatoressicil_chelseapapaya_ue,Thursday: 00:00 - 23:59,Out of Range
,Friday: CLOSED - CLOSED,salvatoressicil_chelseapapaya_ue,Friday: 00:00 - 23:59,Out of Range
,Saturday: CLOSED - CLOSED,salvatoressicil_chelseapapaya_ue,Saturday: 00:00 - 23:59,Out of Range
,Sunday: CLOSED - CLOSED,salvatoressicil_chelseapapaya_ue,Sunday: 00:00 - 23:59,Out of Range
,Monday: CLOSED - CLOSED,thebaconjoint_chelseapapaya_ue,Monday: 00:00 - 23:59,Out of Range
,Tuesday: CLOSED - CLOSED,thebaconjoint_chelseapapaya_ue,Tuesday: 00:00 - 23:59,Out of Range
,Wednesday: CLOSED - CLOSED,thebaconjoint_chelseapapaya_ue,Wednesday: 00:00 - 23:59,Out of Range
,Thursday: CLOSED - CLOSED,thebaconjoint_chelseapapaya_ue,Thursday: 00:00 - 23:59,Out of Range
,Friday: CLOSED - CLOSED,thebaconjoint_chelseapapaya_ue,Friday: 00:00 - 23:59,Out of Range
,Saturday: CLOSED - CLOSED,thebaconjoint_chelseapapaya_ue,Saturday: 00:00 - 23:59,Out of Range
,Sunday: CLOSED - CLOSED,thebaconjoint_chelseapapaya_ue,Sunday: 00:00 - 23:59,Out of Range
,Monday: CLOSED - CLOSED,thebreakfastsno_chelseapapaya_ue,Monday: 00:00 - 23:59,Out of Range
,Tuesday: CLOSED - CLOSED,thebreakfastsno_chelseapapaya_ue,Tuesday: 00:00 - 23:59,Out of Range
,Wednesday: CLOSED - CLOSED,thebreakfastsno_chelseapapaya_ue,Wednesday: 00:00 - 23:59,Out of Range
,Thursday: CLOSED - CLOSED,thebreakfastsno_chelseapapaya_ue,Thursday: 00:00 - 23:59,Out of Range
,Friday: CLOSED - CLOSED,thebreakfastsno_chelseapapaya_ue,Friday: 00:00 - 23:59,Out of Range
,Saturday: CLOSED - CLOSED,thebreakfastsno_chelseapapaya_ue,Saturday: 00:00 - 23:59,Out of Range
,Sunday: CLOSED - CLOSED,thebreakfastsno_chelseapapaya_ue,Sunday: 00:00 - 23:59,Out of Range
,Monday: CLOSED - CLOSED,thehotdogbar_chelseapapaya_ue,Monday: 00:00 - 23:59,Out of Range
,Tuesday: CLOSED - CLOSED,thehotdogbar_chelseapapaya_ue,Tuesday: 00:00 - 23:59,Out of Range
,Wednesday: CLOSED - CLOSED,thehotdogbar_chelseapapaya_ue,Wednesday: 00:00 - 23:59,Out of Range
,Thursday: CLOSED - CLOSED,thehotdogbar_chelseapapaya_ue,Thursday: 00:00 - 23:59,Out of Range
,Friday: CLOSED - CLOSED,thehotdogbar_chelseapapaya_ue,Friday: 00:00 - 23:59,Out of Range
,Saturday: CLOSED - CLOSED,thehotdogbar_chelseapapaya_ue,Saturday: 00:00 - 23:59,Out of Range
,Sunday: CLOSED - CLOSED,thehotdogbar_chelseapapaya_ue,Sunday: 00:00 - 23:59,Out of Range
,Monday: CLOSED - CLOSED,albertosherosan_citideli_ue,Monday: 00:00 - 23:59,Out of Range
,Tuesday: CLOSED - CLOSED,albertosherosan_citideli_ue,Tuesday: 00:00 - 23:59,Out of Range
,Wednesday: CLOSED - CLOSED,albertosherosan_citideli_ue,Wednesday: 00:00 - 23:59,Out of Range
,Thursday: CLOSED - CLOSED,albertosherosan_citideli_ue,Thursday: 00:00 - 23:59,Out of Range
,Friday: CLOSED - CLOSED,albertosherosan_citideli_ue,Friday: 00:00 - 23:59,Out of Range
,Saturday: CLOSED - CLOSED,albertosherosan_citideli_ue,Saturday: 00:00 - 23:59,Out of Range
,Sunday: CLOSED - CLOSED,albertosherosan_citideli_ue,Sunday: 00:00 - 23:59,Out of Range
,Monday: CLOSED - CLOSED,antoniosquesadi_citideli_ue,Monday: 00:00 - 23:59,Out of Range
,Tuesday: CLOSED - CLOSED,antoniosquesadi_citideli_ue,Tuesday: 00:00 - 23:59,Out of Range
,Wednesday: CLOSED - CLOSED,antoniosquesadi_citideli_ue,Wednesday: 00:00 - 23:59,Out of Range
,Thursday: CLOSED - CLOSED,antoniosquesadi_citideli_ue,Thursday: 00:00 - 23:59,Out of Range
,Friday: CLOSED - CLOSED,antoniosquesadi_citideli_ue,Friday: 00:00 - 23:59,Out of Range
,Saturday: CLOSED - CLOSED,antoniosquesadi_citideli_ue,Saturday: 00:00 - 23:59,Out of Range
,Sunday: CLOSED - CLOSED,antoniosquesadi_citideli_ue,Sunday: 00:00 - 23:59,Out of Range
,Monday: CLOSED - CLOSED,beemansburgerba_citideli_ue,Monday: 00:00 - 23:59,Out of Range
,Tuesday: CLOSED - CLOSED,beemansburgerba_citideli_ue,Tuesday: 00:00 - 23:59,Out of Range
,Wednesday: CLOSED - CLOSED,beemansburgerba_citideli_ue,Wednesday: 00:00 - 23:59,Out of Range
,Thursday: CLOSED - CLOSED,beemansburgerba_citideli_ue,Thursday: 00:00 - 23:59,Out of Range
,Friday: CLOSED - CLOSED,beemansburgerba_citideli_ue,Friday: 00:00 - 23:59,Out of Range
,Saturday: CLOSED - CLOSED,beemansburgerba_citideli_ue,Saturday: 00:00 - 23:59,Out of Range
,Sunday: CLOSED - CLOSED,beemansburgerba_citideli_ue,Sunday: 00:00 - 23:59,Out of Range
,Monday: CLOSED - CLOSED,bigeswraps_citideli_ue,Monday: 00:00 - 23:59,Out of Range
,Tuesday: CLOSED - CLOSED,bigeswraps_citideli_ue,Tuesday: 00:00 - 23:59,Out of Range
,Wednesday: CLOSED - CLOSED,bigeswraps_citideli_ue,Wednesday: 00:00 - 23:59,Out of Range
,Thursday: CLOSED - CLOSED,bigeswraps_citideli_ue,Thursday: 00:00 - 23:59,Out of Range
,Friday: CLOSED - CLOSED,bigeswraps_citideli_ue,Friday: 00:00 - 23:59,Out of Range
,Saturday: CLOSED - CLOSED,bigeswraps_citideli_ue,Saturday: 00:00 - 23:59,Out of Range
,Sunday: CLOSED - CLOSED,bigeswraps_citideli_ue,Sunday: 00:00 - 23:59,Out of Range
,Monday: CLOSED - CLOSED,bigeasesmoothie_citideli_ue,Monday: 00:00 - 23:59,Out of Range
,Tuesday: CLOSED - CLOSED,bigeasesmoothie_citideli_ue,Tuesday: 00:00 - 23:59,Out of Range
,Wednesday: CLOSED - CLOSED,bigeasesmoothie_citideli_ue,Wednesday: 00:00 - 23:59,Out of Range
,Thursday: CLOSED - CLOSED,bigeasesmoothie_citideli_ue,Thursday: 00:00 - 23:59,Out of Range
,Friday: CLOSED - CLOSED,bigeasesmoothie_citideli_ue,Friday: 00:00 - 23:59,Out of Range
,Saturday: CLOSED - CLOSED,bigeasesmoothie_citideli_ue,Saturday: 00:00 - 23:59,Out of Range
,Sunday: CLOSED - CLOSED,bigeasesmoothie_citideli_ue,Sunday: 00:00 - 23:59,Out of Range
,Monday: CLOSED - CLOSED,chickennfries_citideli_ue,Monday: 00:00 - 23:59,Out of Range
,Tuesday: CLOSED - CLOSED,chickennfries_citideli_ue,Tuesday: 00:00 - 23:59,Out of Range
,Wednesday: CLOSED - CLOSED,chickennfries_citideli_ue,Wednesday: 00:00 - 23:59,Out of Range
,Thursday: CLOSED - CLOSED,chickennfries_citideli_ue,Thursday: 00:00 - 23:59,Out of Range
,Friday: CLOSED - CLOSED,chickennfries_citideli_ue,Friday: 00:00 - 23:59,Out of Range
,Saturday: CLOSED - CLOSED,chickennfries_citideli_ue,Saturday: 00:00 - 23:59,Out of Range
,Sunday: CLOSED - CLOSED,chickennfries_citideli_ue,Sunday: 00:00 - 23:59,Out of Range
,Monday: CLOSED - CLOSED,gourmetomelette_citideli_ue,Monday: 00:00 - 23:59,Out of Range
,Tuesday: CLOSED - CLOSED,gourmetomelette_citideli_ue,Tuesday: 00:00 - 23:59,Out of Range
,Wednesday: CLOSED - CLOSED,gourmetomelette_citideli_ue,Wednesday: 00:00 - 23:59,Out of Range
,Thursday: CLOSED - CLOSED,gourmetomelette_citideli_ue,Thursday: 00:00 - 23:59,Out of Range
,Friday: CLOSED - CLOSED,gourmetomelette_citideli_ue,Friday: 00:00 - 23:59,Out of Range
,Saturday: CLOSED - CLOSED,gourmetomelette_citideli_ue,Saturday: 00:00 - 23:59,Out of Range
,Sunday: CLOSED - CLOSED,gourmetomelette_citideli_ue,Sunday: 00:00 - 23:59,Out of Range
,Monday: CLOSED - CLOSED,greekgyrospot_citideli_ue,Monday: 00:00 - 23:59,Out of Range
,Tuesday: CLOSED - CLOSED,greekgyrospot_citideli_ue,Tuesday: 00:00 - 23:59,Out of Range
,Wednesday: CLOSED - CLOSED,greekgyrospot_citideli_ue,Wednesday: 00:00 - 23:59,Out of Range
,Thursday: CLOSED - CLOSED,greekgyrospot_citideli_ue,Thursday: 00:00 - 23:59,Out of Range
,Friday: CLOSED - CLOSED,greekgyrospot_citideli_ue,Friday: 00:00 - 23:59,Out of Range
,Saturday: CLOSED - CLOSED,greekgyrospot_citideli_ue,Saturday: 00:00 - 23:59,Out of Range
,Sunday: CLOSED - CLOSED,greekgyrospot_citideli_ue,Sunday: 00:00 - 23:59,Out of Range
,Monday: CLOSED - CLOSED,jaysbreakfastba_citideli_ue,Monday: 00:00 - 23:59,Out of Range
,Tuesday: CLOSED - CLOSED,jaysbreakfastba_citideli_ue,Tuesday: 00:00 - 23:59,Out of Range
,Wednesday: CLOSED - CLOSED,jaysbreakfastba_citideli_ue,Wednesday: 00:00 - 23:59,Out of Range
,Thursday: CLOSED - CLOSED,jaysbreakfastba_citideli_ue,Thursday: 00:00 - 23:59,Out of Range
,Friday: CLOSED - CLOSED,jaysbreakfastba_citideli_ue,Friday: 00:00 - 23:59,Out of Range
,Saturday: CLOSED - CLOSED,jaysbreakfastba_citideli_ue,Saturday: 00:00 - 23:59,Out of Range
,Sunday: CLOSED - CLOSED,jaysbreakfastba_citideli_ue,Sunday: 00:00 - 23:59,Out of Range
,Monday: CLOSED - CLOSED,juliasjuiceshac_citideli_ue,Monday: 00:00 - 23:59,Out of Range
,Tuesday: CLOSED - CLOSED,juliasjuiceshac_citideli_ue,Tuesday: 00:00 - 23:59,Out of Range
,Wednesday: CLOSED - CLOSED,juliasjuiceshac_citideli_ue,Wednesday: 00:00 - 23:59,Out of Range
,Thursday: CLOSED - CLOSED,juliasjuiceshac_citideli_ue,Thursday: 00:00 - 23:59,Out of Range
,Friday: CLOSED - CLOSED,juliasjuiceshac_citideli_ue,Friday: 00:00 - 23:59,Out of Range
,Saturday: CLOSED - CLOSED,juliasjuiceshac_citideli_ue,Saturday: 00:00 - 23:59,Out of Range
,Sunday: CLOSED - CLOSED,juliasjuiceshac_citideli_ue,Sunday: 00:00 - 23:59,Out of Range
,Monday: CLOSED - CLOSED,maryssaladco_citideli_ue,Monday: 00:00 - 23:59,Out of Range
,Tuesday: CLOSED - CLOSED,maryssaladco_citideli_ue,Tuesday: 00:00 - 23:59,Out of Range
,Wednesday: CLOSED - CLOSED,maryssaladco_citideli_ue,Wednesday: 00:00 - 23:59,Out of Range
,Thursday: CLOSED - CLOSED,maryssaladco_citideli_ue,Thursday: 00:00 - 23:59,Out of Range
,Friday: CLOSED - CLOSED,maryssaladco_citideli_ue,Friday: 00:00 - 23:59,Out of Range
,Saturday: CLOSED - CLOSED,maryssaladco_citideli_ue,Saturday: 00:00 - 23:59,Out of Range
,Sunday: CLOSED - CLOSED,maryssaladco_citideli_ue,Sunday: 00:00 - 23:59,Out of Range
,Monday: CLOSED - CLOSED,mediterraneansa_citideli_ue,Monday: 00:00 - 23:59,Out of Range
,Tuesday: CLOSED - CLOSED,mediterraneansa_citideli_ue,Tuesday: 00:00 - 23:59,Out of Range
,Wednesday: CLOSED - CLOSED,mediterraneansa_citideli_ue,Wednesday: 00:00 - 23:59,Out of Range
,Thursday: CLOSED - CLOSED,mediterraneansa_citideli_ue,Thursday: 00:00 - 23:59,Out of Range
,Friday: CLOSED - CLOSED,mediterraneansa_citideli_ue,Friday: 00:00 - 23:59,Out of Range
,Saturday: CLOSED - CLOSED,mediterraneansa_citideli_ue,Saturday: 00:00 - 23:59,Out of Range
,Sunday: CLOSED - CLOSED,mediterraneansa_citideli_ue,Sunday: 00:00 - 23:59,Out of Range
,Monday: CLOSED - CLOSED,sarahsbreakfast_citideli_ue,Monday: 00:00 - 23:59,Out of Range
,Tuesday: CLOSED - CLOSED,sarahsbreakfast_citideli_ue,Tuesday: 00:00 - 23:59,Out of Range
,Wednesday: CLOSED - CLOSED,sarahsbreakfast_citideli_ue,Wednesday: 00:00 - 23:59,Out of Range
,Thursday: CLOSED - CLOSED,sarahsbreakfast_citideli_ue,Thursday: 00:00 - 23:59,Out of Range
,Friday: CLOSED - CLOSED,sarahsbreakfast_citideli_ue,Friday: 00:00 - 23:59,Out of Range
,Saturday: CLOSED - CLOSED,sarahsbreakfast_citideli_ue,Saturday: 00:00 - 23:59,Out of Range
,Sunday: CLOSED - CLOSED,sarahsbreakfast_citideli_ue,Sunday: 00:00 - 23:59,Out of Range
,Monday: CLOSED - CLOSED,siponsmoothie_citideli_ue,Monday: 00:00 - 23:59,Out of Range
,Tuesday: CLOSED - CLOSED,siponsmoothie_citideli_ue,Tuesday: 00:00 - 23:59,Out of Range
,Wednesday: CLOSED - CLOSED,siponsmoothie_citideli_ue,Wednesday: 00:00 - 23:59,Out of Range
,Thursday: CLOSED - CLOSED,siponsmoothie_citideli_ue,Thursday: 00:00 - 23:59,Out of Range
,Friday: CLOSED - CLOSED,siponsmoothie_citideli_ue,Friday: 00:00 - 23:59,Out of Range
,Saturday: CLOSED - CLOSED,siponsmoothie_citideli_ue,Saturday: 00:00 - 23:59,Out of Range
,Sunday: CLOSED - CLOSED,siponsmoothie_citideli_ue,Sunday: 00:00 - 23:59,Out of Range
,Monday: CLOSED - CLOSED,thecheeseburger_citideli_ue,Monday: 00:00 - 23:59,Out of Range
,Tuesday: CLOSED - CLOSED,thecheeseburger_citideli_ue,Tuesday: 00:00 - 23:59,Out of Range
,Wednesday: CLOSED - CLOSED,thecheeseburger_citideli_ue,Wednesday: 00:00 - 23:59,Out of Range
,Thursday: CLOSED - CLOSED,thecheeseburger_citideli_ue,Thursday: 00:00 - 23:59,Out of Range
,Friday: CLOSED - CLOSED,thecheeseburger_citideli_ue,Friday: 00:00 - 23:59,Out of Range
,Saturday: CLOSED - CLOSED,thecheeseburger_citideli_ue,Saturday: 00:00 - 23:59,Out of Range
,Sunday: CLOSED - CLOSED,thecheeseburger_citideli_ue,Sunday: 00:00 - 23:59,Out of Range
,Monday: CLOSED - CLOSED,toastnroastbrea_citideli_ue,Monday: 00:00 - 23:59,Out of Range
,Tuesday: CLOSED - CLOSED,toastnroastbrea_citideli_ue,Tuesday: 00:00 - 23:59,Out of Range
,Wednesday: CLOSED - CLOSED,toastnroastbrea_citideli_ue,Wednesday: 00:00 - 23:59,Out of Range
,Thursday: CLOSED - CLOSED,toastnroastbrea_citideli_ue,Thursday: 00:00 - 23:59,Out of Range
,Friday: CLOSED - CLOSED,toastnroastbrea_citideli_ue,Friday: 00:00 - 23:59,Out of Range
,Saturday: CLOSED - CLOSED,toastnroastbrea_citideli_ue,Saturday: 00:00 - 23:59,Out of Range
,Sunday: CLOSED - CLOSED,toastnroastbrea_citideli_ue,Sunday: 00:00 - 23:59,Out of Range
,Monday: CLOSED - CLOSED,bennysbuffalowi_classicpizza_ue,Monday: 11:00 - 02:00,Out of Range
,Tuesday: CLOSED - CLOSED,bennysbuffalowi_classicpizza_ue,Tuesday: 11:00 - 02:00,Out of Range
,Wednesday: CLOSED - CLOSED,bennysbuffalowi_classicpizza_ue,Wednesday: 11:00 - 03:00,Out of Range
,Thursday: CLOSED - CLOSED,bennysbuffalowi_classicpizza_ue,Thursday: 11:00 - 03:00,Out of Range
,Friday: CLOSED - CLOSED,bennysbuffalowi_classicpizza_ue,Friday: 11:00 - 03:00,Out of Range
,Saturday: CLOSED - CLOSED,bennysbuffalowi_classicpizza_ue,Saturday: 11:00 - 03:00,Out of Range
,Sunday: CLOSED - CLOSED,bennysbuffalowi_classicpizza_ue,Sunday: 12:00 - 02:00,Out of Range
,Monday: CLOSED - CLOSED,celebritypizza_classicpizza_ue,Monday: 11:00 - 02:00,Out of Range
,Tuesday: CLOSED - CLOSED,celebritypizza_classicpizza_ue,Tuesday: 11:00 - 02:00,Out of Range
,Wednesday: CLOSED - CLOSED,celebritypizza_classicpizza_ue,Wednesday: 11:00 - 03:00,Out of Range
,Thursday: CLOSED - CLOSED,celebritypizza_classicpizza_ue,Thursday: 11:00 - 03:00,Out of Range
,Friday: CLOSED - CLOSED,celebritypizza_classicpizza_ue,Friday: 11:00 - 03:00,Out of Range
,Saturday: CLOSED - CLOSED,celebritypizza_classicpizza_ue,Saturday: 11:00 - 03:00,Out of Range
,Sunday: CLOSED - CLOSED,celebritypizza_classicpizza_ue,Sunday: 12:00 - 02:00,Out of Range
,Monday: CLOSED - CLOSED,classiccheesebu_classicpizza_ue,Monday: 11:00 - 02:00,Out of Range
,Tuesday: CLOSED - CLOSED,classiccheesebu_classicpizza_ue,Tuesday: 11:00 - 02:00,Out of Range
,Wednesday: CLOSED - CLOSED,classiccheesebu_classicpizza_ue,Wednesday: 11:00 - 03:00,Out of Range
,Thursday: CLOSED - CLOSED,classiccheesebu_classicpizza_ue,Thursday: 11:00 - 03:00,Out of Range
,Friday: CLOSED - CLOSED,classiccheesebu_classicpizza_ue,Friday: 11:00 - 03:00,Out of Range
,Saturday: CLOSED - CLOSED,classiccheesebu_classicpizza_ue,Saturday: 11:00 - 03:00,Out of Range
,Sunday: CLOSED - CLOSED,classiccheesebu_classicpizza_ue,Sunday: 12:00 - 02:00,Out of Range
,Monday: CLOSED - CLOSED,dannysdesserts_classicpizza_ue,Monday: 11:00 - 02:00,Out of Range
,Tuesday: CLOSED - CLOSED,dannysdesserts_classicpizza_ue,Tuesday: 11:00 - 02:00,Out of Range
,Wednesday: CLOSED - CLOSED,dannysdesserts_classicpizza_ue,Wednesday: 11:00 - 03:00,Out of Range
,Thursday: CLOSED - CLOSED,dannysdesserts_classicpizza_ue,Thursday: 11:00 - 03:00,Out of Range
,Friday: CLOSED - CLOSED,dannysdesserts_classicpizza_ue,Friday: 11:00 - 03:00,Out of Range
,Saturday: CLOSED - CLOSED,dannysdesserts_classicpizza_ue,Saturday: 11:00 - 03:00,Out of Range
,Sunday: CLOSED - CLOSED,dannysdesserts_classicpizza_ue,Sunday: 12:00 - 02:00,Out of Range
,Monday: CLOSED - CLOSED,fallonsfriedchi_classicpizza_ue,Monday: 11:00 - 02:00,Out of Range
,Tuesday: CLOSED - CLOSED,fallonsfriedchi_classicpizza_ue,Tuesday: 11:00 - 02:00,Out of Range
,Wednesday: CLOSED - CLOSED,fallonsfriedchi_classicpizza_ue,Wednesday: 11:00 - 03:00,Out of Range
,Thursday: CLOSED - CLOSED,fallonsfriedchi_classicpizza_ue,Thursday: 11:00 - 03:00,Out of Range
,Friday: CLOSED - CLOSED,fallonsfriedchi_classicpizza_ue,Friday: 11:00 - 03:00,Out of Range
,Saturday: CLOSED - CLOSED,fallonsfriedchi_classicpizza_ue,Saturday: 11:00 - 03:00,Out of Range
,Sunday: CLOSED - CLOSED,fallonsfriedchi_classicpizza_ue,Sunday: 12:00 - 02:00,Out of Range
,Monday: CLOSED - CLOSED,finishlineburge_classicpizza_ue,Monday: 11:00 - 02:00,Out of Range
,Tuesday: CLOSED - CLOSED,finishlineburge_classicpizza_ue,Tuesday: 11:00 - 02:00,Out of Range
,Wednesday: CLOSED - CLOSED,finishlineburge_classicpizza_ue,Wednesday: 11:00 - 03:00,Out of Range
,Thursday: CLOSED - CLOSED,finishlineburge_classicpizza_ue,Thursday: 11:00 - 03:00,Out of Range
,Friday: CLOSED - CLOSED,finishlineburge_classicpizza_ue,Friday: 11:00 - 03:00,Out of Range
,Saturday: CLOSED - CLOSED,finishlineburge_classicpizza_ue,Saturday: 11:00 - 03:00,Out of Range
,Sunday: CLOSED - CLOSED,finishlineburge_classicpizza_ue,Sunday: 12:00 - 02:00,Out of Range
,Monday: CLOSED - CLOSED,littleitalyscal_classicpizza_ue,Monday: 11:00 - 02:00,Out of Range
,Tuesday: CLOSED - CLOSED,littleitalyscal_classicpizza_ue,Tuesday: 11:00 - 02:00,Out of Range
,Wednesday: CLOSED - CLOSED,littleitalyscal_classicpizza_ue,Wednesday: 11:00 - 03:00,Out of Range
,Thursday: CLOSED - CLOSED,littleitalyscal_classicpizza_ue,Thursday: 11:00 - 03:00,Out of Range
,Friday: CLOSED - CLOSED,littleitalyscal_classicpizza_ue,Friday: 11:00 - 03:00,Out of Range
,Saturday: CLOSED - CLOSED,littleitalyscal_classicpizza_ue,Saturday: 11:00 - 03:00,Out of Range
,Sunday: CLOSED - CLOSED,littleitalyscal_classicpizza_ue,Sunday: 12:00 - 02:00,Out of Range
,Monday: CLOSED - CLOSED,chickentendersb_crosstowndinerc_ue,Monday: 06:30 - 21:00,Out of Range
,Tuesday: CLOSED - CLOSED,chickentendersb_crosstowndinerc_ue,Tuesday: 06:30 - 21:00,Out of Range
,Wednesday: CLOSED - CLOSED,chickentendersb_crosstowndinerc_ue,Wednesday: 06:30 - 21:00,Out of Range
,Thursday: CLOSED - CLOSED,chickentendersb_crosstowndinerc_ue,Thursday: 06:30 - 21:00,Out of Range
,Friday: CLOSED - CLOSED,chickentendersb_crosstowndinerc_ue,Friday: 06:30 - 21:00,Out of Range
,Saturday: CLOSED - CLOSED,chickentendersb_crosstowndinerc_ue,Saturday: 06:30 - 21:00,Out of Range
,Sunday: CLOSED - CLOSED,chickentendersb_crosstowndinerc_ue,Sunday: 06:30 - 21:00,Out of Range
,Monday: CLOSED - CLOSED,dannysdesserts_crosstowndinerc_ue,Monday: 06:30 - 21:00,Out of Range
,Tuesday: CLOSED - CLOSED,dannysdesserts_crosstowndinerc_ue,Tuesday: 06:30 - 21:00,Out of Range
,Wednesday: CLOSED - CLOSED,dannysdesserts_crosstowndinerc_ue,Wednesday: 06:30 - 21:00,Out of Range
,Thursday: CLOSED - CLOSED,dannysdesserts_crosstowndinerc_ue,Thursday: 06:30 - 21:00,Out of Range
,Friday: CLOSED - CLOSED,dannysdesserts_crosstowndinerc_ue,Friday: 06:30 - 21:00,Out of Range
,Saturday: CLOSED - CLOSED,dannysdesserts_crosstowndinerc_ue,Saturday: 06:30 - 21:00,Out of Range
,Sunday: CLOSED - CLOSED,dannysdesserts_crosstowndinerc_ue,Sunday: 06:30 - 21:00,Out of Range
,Monday: CLOSED - CLOSED,maryspancakehou_crosstowndinerc_ue,Monday: 06:30 - 21:00,Out of Range
,Tuesday: CLOSED - CLOSED,maryspancakehou_crosstowndinerc_ue,Tuesday: 06:30 - 21:00,Out of Range
,Wednesday: CLOSED - CLOSED,maryspancakehou_crosstowndinerc_ue,Wednesday: 06:30 - 21:00,Out of Range
,Thursday: CLOSED - CLOSED,maryspancakehou_crosstowndinerc_ue,Thursday: 06:30 - 21:00,Out of Range
,Friday: CLOSED - CLOSED,maryspancakehou_crosstowndinerc_ue,Friday: 06:30 - 21:00,Out of Range
,Saturday: CLOSED - CLOSED,maryspancakehou_crosstowndinerc_ue,Saturday: 06:30 - 21:00,Out of Range
,Sunday: CLOSED - CLOSED,maryspancakehou_crosstowndinerc_ue,Sunday: 06:30 - 21:00,Out of Range
,Monday: CLOSED - CLOSED,bbqribsco_daddysdelights_ue,Monday: 10:00 - 01:00,Out of Range
,Tuesday: CLOSED - CLOSED,bbqribsco_daddysdelights_ue,Tuesday: 10:00 - 01:00,Out of Range
,Wednesday: CLOSED - CLOSED,bbqribsco_daddysdelights_ue,Wednesday: 10:00 - 01:00,Out of Range
,Thursday: CLOSED - CLOSED,bbqribsco_daddysdelights_ue,Thursday: 10:00 - 01:00,Out of Range
,Friday: CLOSED - CLOSED,bbqribsco_daddysdelights_ue,Friday: 10:00 - 01:00,Out of Range
,Saturday: CLOSED - CLOSED,bbqribsco_daddysdelights_ue,Saturday: 10:00 - 01:00,Out of Range
,Sunday: CLOSED - CLOSED,bbqribsco_daddysdelights_ue,Sunday: 16:00 - 00:00,Out of Range
,Monday: CLOSED - CLOSED,chocolatecakesp_daddysdelights_ue,Monday: 10:00 - 01:00,Out of Range
,Tuesday: CLOSED - CLOSED,chocolatecakesp_daddysdelights_ue,Tuesday: 10:00 - 01:00,Out of Range
,Wednesday: CLOSED - CLOSED,chocolatecakesp_daddysdelights_ue,Wednesday: 10:00 - 01:00,Out of Range
,Thursday: CLOSED - CLOSED,chocolatecakesp_daddysdelights_ue,Thursday: 10:00 - 01:00,Out of Range
,Friday: CLOSED - CLOSED,chocolatecakesp_daddysdelights_ue,Friday: 10:00 - 01:00,Out of Range
,Saturday: CLOSED - CLOSED,chocolatecakesp_daddysdelights_ue,Saturday: 10:00 - 01:00,Out of Range
,Sunday: CLOSED - CLOSED,chocolatecakesp_daddysdelights_ue,Sunday: 16:00 - 00:00,Out of Range
,Monday: CLOSED - CLOSED,franksphillyche_daddysdelights_ue,Monday: 10:00 - 01:00,Out of Range
,Tuesday: CLOSED - CLOSED,franksphillyche_daddysdelights_ue,Tuesday: 10:00 - 01:00,Out of Range
,Wednesday: CLOSED - CLOSED,franksphillyche_daddysdelights_ue,Wednesday: 10:00 - 01:00,Out of Range
,Thursday: CLOSED - CLOSED,franksphillyche_daddysdelights_ue,Thursday: 10:00 - 01:00,Out of Range
,Friday: CLOSED - CLOSED,franksphillyche_daddysdelights_ue,Friday: 10:00 - 01:00,Out of Range
,Saturday: CLOSED - CLOSED,franksphillyche_daddysdelights_ue,Saturday: 10:00 - 01:00,Out of Range
,Sunday: CLOSED - CLOSED,franksphillyche_daddysdelights_ue,Sunday: 16:00 - 00:00,Out of Range
,Monday: CLOSED - CLOSED,insomniabuffalo_daddysdelights_ue,Monday: 10:00 - 01:00,Out of Range
,Tuesday: CLOSED - CLOSED,insomniabuffalo_daddysdelights_ue,Tuesday: 10:00 - 01:00,Out of Range
,Wednesday: CLOSED - CLOSED,insomniabuffalo_daddysdelights_ue,Wednesday: 10:00 - 01:00,Out of Range
,Thursday: CLOSED - CLOSED,insomniabuffalo_daddysdelights_ue,Thursday: 10:00 - 01:00,Out of Range
,Friday: CLOSED - CLOSED,insomniabuffalo_daddysdelights_ue,Friday: 10:00 - 01:00,Out of Range
,Saturday: CLOSED - CLOSED,insomniabuffalo_daddysdelights_ue,Saturday: 10:00 - 01:00,Out of Range
,Sunday: CLOSED - CLOSED,insomniabuffalo_daddysdelights_ue,Sunday: 16:00 - 00:00,Out of Range
,Monday: CLOSED - CLOSED,italianpastajoi_daddysdelights_ue,Monday: 10:00 - 01:00,Out of Range
,Tuesday: CLOSED - CLOSED,italianpastajoi_daddysdelights_ue,Tuesday: 10:00 - 01:00,Out of Range
,Wednesday: CLOSED - CLOSED,italianpastajoi_daddysdelights_ue,Wednesday: 10:00 - 01:00,Out of Range
,Thursday: CLOSED - CLOSED,italianpastajoi_daddysdelights_ue,Thursday: 10:00 - 01:00,Out of Range
,Friday: CLOSED - CLOSED,italianpastajoi_daddysdelights_ue,Friday: 10:00 - 01:00,Out of Range
,Saturday: CLOSED - CLOSED,italianpastajoi_daddysdelights_ue,Saturday: 10:00 - 01:00,Out of Range
,Sunday: CLOSED - CLOSED,italianpastajoi_daddysdelights_ue,Sunday: 16:00 - 00:00,Out of Range
,Monday: CLOSED - CLOSED,lasvegasbuinsomnia_daddysdel_ue,Monday: 10:00 - 01:00,Out of Range
,Tuesday: CLOSED - CLOSED,lasvegasbuinsomnia_daddysdel_ue,Tuesday: 10:00 - 01:00,Out of Range
,Wednesday: CLOSED - CLOSED,lasvegasbuinsomnia_daddysdel_ue,Wednesday: 10:00 - 01:00,Out of Range
,Thursday: CLOSED - CLOSED,lasvegasbuinsomnia_daddysdel_ue,Thursday: 10:00 - 01:00,Out of Range
,Friday: CLOSED - CLOSED,lasvegasbuinsomnia_daddysdel_ue,Friday: 10:00 - 01:00,Out of Range
,Saturday: CLOSED - CLOSED,lasvegasbuinsomnia_daddysdel_ue,Saturday: 10:00 - 01:00,Out of Range
,Sunday: CLOSED - CLOSED,lasvegasbuinsomnia_daddysdel_ue,Sunday: 16:00 - 00:00,Out of Range
,Monday: CLOSED - CLOSED,sincityburgersp_daddysdelights_ue,Monday: 10:00 - 01:00,Out of Range
,Tuesday: CLOSED - CLOSED,sincityburgersp_daddysdelights_ue,Tuesday: 10:00 - 01:00,Out of Range
,Wednesday: CLOSED - CLOSED,sincityburgersp_daddysdelights_ue,Wednesday: 10:00 - 01:00,Out of Range
,Thursday: CLOSED - CLOSED,sincityburgersp_daddysdelights_ue,Thursday: 10:00 - 01:00,Out of Range
,Friday: CLOSED - CLOSED,sincityburgersp_daddysdelights_ue,Friday: 10:00 - 01:00,Out of Range
,Saturday: CLOSED - CLOSED,sincityburgersp_daddysdelights_ue,Saturday: 10:00 - 01:00,Out of Range
,Sunday: CLOSED - CLOSED,sincityburgersp_daddysdelights_ue,Sunday: 16:00 - 00:00,Out of Range
,Monday: CLOSED - CLOSED,thejuiceaffair_daddysdelights_ue,Monday: 10:00 - 01:00,Out of Range
,Tuesday: CLOSED - CLOSED,thejuiceaffair_daddysdelights_ue,Tuesday: 10:00 - 01:00,Out of Range
,Wednesday: CLOSED - CLOSED,thejuiceaffair_daddysdelights_ue,Wednesday: 10:00 - 01:00,Out of Range
,Thursday: CLOSED - CLOSED,thejuiceaffair_daddysdelights_ue,Thursday: 10:00 - 01:00,Out of Range
,Friday: CLOSED - CLOSED,thejuiceaffair_daddysdelights_ue,Friday: 10:00 - 01:00,Out of Range
,Saturday: CLOSED - CLOSED,thejuiceaffair_daddysdelights_ue,Saturday: 10:00 - 01:00,Out of Range
,Sunday: CLOSED - CLOSED,thejuiceaffair_daddysdelights_ue,Sunday: 16:00 - 00:00,Out of Range
,Monday: CLOSED - CLOSED,thesaladgod_daddysdelights_ue,Monday: 10:00 - 01:00,Out of Range
,Tuesday: CLOSED - CLOSED,thesaladgod_daddysdelights_ue,Tuesday: 10:00 - 01:00,Out of Range
,Wednesday: CLOSED - CLOSED,thesaladgod_daddysdelights_ue,Wednesday: 10:00 - 01:00,Out of Range
,Thursday: CLOSED - CLOSED,thesaladgod_daddysdelights_ue,Thursday: 10:00 - 01:00,Out of Range
,Friday: CLOSED - CLOSED,thesaladgod_daddysdelights_ue,Friday: 10:00 - 01:00,Out of Range
,Saturday: CLOSED - CLOSED,thesaladgod_daddysdelights_ue,Saturday: 10:00 - 01:00,Out of Range
,Sunday: CLOSED - CLOSED,thesaladgod_daddysdelights_ue,Sunday: 16:00 - 00:00,Out of Range
,Monday: CLOSED - CLOSED,thepizzaobsessi_daddysdelights_ue,Monday: 10:00 - 01:00,Out of Range
,Tuesday: CLOSED - CLOSED,thepizzaobsessi_daddysdelights_ue,Tuesday: 10:00 - 01:00,Out of Range
,Wednesday: CLOSED - CLOSED,thepizzaobsessi_daddysdelights_ue,Wednesday: 10:00 - 01:00,Out of Range
,Thursday: CLOSED - CLOSED,thepizzaobsessi_daddysdelights_ue,Thursday: 10:00 - 01:00,Out of Range
,Friday: CLOSED - CLOSED,thepizzaobsessi_daddysdelights_ue,Friday: 10:00 - 01:00,Out of Range
,Saturday: CLOSED - CLOSED,thepizzaobsessi_daddysdelights_ue,Saturday: 10:00 - 01:00,Out of Range
,Sunday: CLOSED - CLOSED,thepizzaobsessi_daddysdelights_ue,Sunday: 16:00 - 00:00,Out of Range
,Monday: CLOSED - CLOSED,bubbleteagarden_desideli_ue,Monday: 09:30 - 06:00,Out of Range
,Tuesday: CLOSED - CLOSED,bubbleteagarden_desideli_ue,Tuesday: 09:30 - 06:00,Out of Range
,Wednesday: CLOSED - CLOSED,bubbleteagarden_desideli_ue,Wednesday: 09:30 - 06:00,Out of Range
,Thursday: CLOSED - CLOSED,bubbleteagarden_desideli_ue,Thursday: 09:30 - 06:00,Out of Range
,Friday: CLOSED - CLOSED,bubbleteagarden_desideli_ue,Friday: 09:30 - 06:00,Out of Range
,Saturday: CLOSED - CLOSED,bubbleteagarden_desideli_ue,Saturday: 09:30 - 06:00,Out of Range
,Sunday: CLOSED - CLOSED,bubbleteagarden_desideli_ue,Sunday: 09:30 - 06:00,Out of Range
,Monday: CLOSED - CLOSED,halalindianmons_desideli_ue,Monday: 09:30 - 06:00,Out of Range
,Tuesday: CLOSED - CLOSED,halalindianmons_desideli_ue,Tuesday: 09:30 - 06:00,Out of Range
,Wednesday: CLOSED - CLOSED,halalindianmons_desideli_ue,Wednesday: 09:30 - 06:00,Out of Range
,Thursday: CLOSED - CLOSED,halalindianmons_desideli_ue,Thursday: 09:30 - 06:00,Out of Range
,Friday: CLOSED - CLOSED,halalindianmons_desideli_ue,Friday: 09:30 - 06:00,Out of Range
,Saturday: CLOSED - CLOSED,halalindianmons_desideli_ue,Saturday: 09:30 - 06:00,Out of Range
,Sunday: CLOSED - CLOSED,halalindianmons_desideli_ue,Sunday: 09:30 - 06:00,Out of Range
,Monday: CLOSED - CLOSED,indiasquickbite_desideli_ue,Monday: 09:30 - 06:00,Out of Range
,Tuesday: CLOSED - CLOSED,indiasquickbite_desideli_ue,Tuesday: 09:30 - 06:00,Out of Range
,Wednesday: CLOSED - CLOSED,indiasquickbite_desideli_ue,Wednesday: 09:30 - 06:00,Out of Range
,Thursday: CLOSED - CLOSED,indiasquickbite_desideli_ue,Thursday: 09:30 - 06:00,Out of Range
,Friday: CLOSED - CLOSED,indiasquickbite_desideli_ue,Friday: 09:30 - 06:00,Out of Range
,Saturday: CLOSED - CLOSED,indiasquickbite_desideli_ue,Saturday: 09:30 - 06:00,Out of Range
,Sunday: CLOSED - CLOSED,indiasquickbite_desideli_ue,Sunday: 09:30 - 06:00,Out of Range
,Monday: CLOSED - CLOSED,kamalsvegetaria_desideli_ue,Monday: 09:30 - 06:00,Out of Range
,Tuesday: CLOSED - CLOSED,kamalsvegetaria_desideli_ue,Tuesday: 09:30 - 06:00,Out of Range
,Wednesday: CLOSED - CLOSED,kamalsvegetaria_desideli_ue,Wednesday: 09:30 - 06:00,Out of Range
,Thursday: CLOSED - CLOSED,kamalsvegetaria_desideli_ue,Thursday: 09:30 - 06:00,Out of Range
,Friday: CLOSED - CLOSED,kamalsvegetaria_desideli_ue,Friday: 09:30 - 06:00,Out of Range
,Saturday: CLOSED - CLOSED,kamalsvegetaria_desideli_ue,Saturday: 09:30 - 06:00,Out of Range
,Sunday: CLOSED - CLOSED,kamalsvegetaria_desideli_ue,Sunday: 09:30 - 06:00,Out of Range
,Monday: CLOSED - CLOSED,priyasindiankit_desideli_ue,Monday: 09:30 - 06:00,Out of Range
,Tuesday: CLOSED - CLOSED,priyasindiankit_desideli_ue,Tuesday: 09:30 - 06:00,Out of Range
,Wednesday: CLOSED - CLOSED,priyasindiankit_desideli_ue,Wednesday: 09:30 - 06:00,Out of Range
,Thursday: CLOSED - CLOSED,priyasindiankit_desideli_ue,Thursday: 09:30 - 06:00,Out of Range
,Friday: CLOSED - CLOSED,priyasindiankit_desideli_ue,Friday: 09:30 - 06:00,Out of Range
,Saturday: CLOSED - CLOSED,priyasindiankit_desideli_ue,Saturday: 09:30 - 06:00,Out of Range
,Sunday: CLOSED - CLOSED,priyasindiankit_desideli_ue,Sunday: 09:30 - 06:00,Out of Range
,Monday: CLOSED - CLOSED,thehalalindiank_desideli_ue,Monday: 09:30 - 06:00,Out of Range
,Tuesday: CLOSED - CLOSED,thehalalindiank_desideli_ue,Tuesday: 09:30 - 06:00,Out of Range
,Wednesday: CLOSED - CLOSED,thehalalindiank_desideli_ue,Wednesday: 09:30 - 06:00,Out of Range
,Thursday: CLOSED - CLOSED,thehalalindiank_desideli_ue,Thursday: 09:30 - 06:00,Out of Range
,Friday: CLOSED - CLOSED,thehalalindiank_desideli_ue,Friday: 09:30 - 06:00,Out of Range
,Saturday: CLOSED - CLOSED,thehalalindiank_desideli_ue,Saturday: 09:30 - 06:00,Out of Range
,Sunday: CLOSED - CLOSED,thehalalindiank_desideli_ue,Sunday: 09:30 - 06:00,Out of Range
,Monday: CLOSED - CLOSED,veganindiancomp_desideli_ue,Monday: 09:30 - 06:00,Out of Range
,Tuesday: CLOSED - CLOSED,veganindiancomp_desideli_ue,Tuesday: 09:30 - 06:00,Out of Range
,Wednesday: CLOSED - CLOSED,veganindiancomp_desideli_ue,Wednesday: 09:30 - 06:00,Out of Range
,Thursday: CLOSED - CLOSED,veganindiancomp_desideli_ue,Thursday: 09:30 - 06:00,Out of Range
,Friday: CLOSED - CLOSED,veganindiancomp_desideli_ue,Friday: 09:30 - 06:00,Out of Range
,Saturday: CLOSED - CLOSED,veganindiancomp_desideli_ue,Saturday: 09:30 - 06:00,Out of Range
,Sunday: CLOSED - CLOSED,veganindiancomp_desideli_ue,Sunday: 09:30 - 06:00,Out of Range
,Monday: CLOSED - CLOSED,casadequesadill_eastsidedeli_ue,Monday: 06:00 - 21:30,Out of Range
,Tuesday: CLOSED - CLOSED,casadequesadill_eastsidedeli_ue,Tuesday: 06:00 - 21:30,Out of Range
,Wednesday: CLOSED - CLOSED,casadequesadill_eastsidedeli_ue,Wednesday: 06:00 - 21:30,Out of Range
,Thursday: CLOSED - CLOSED,casadequesadill_eastsidedeli_ue,Thursday: 06:00 - 21:30,Out of Range
,Friday: CLOSED - CLOSED,casadequesadill_eastsidedeli_ue,Friday: 06:00 - 21:30,Out of Range
,Saturday: CLOSED - CLOSED,casadequesadill_eastsidedeli_ue,Saturday: 07:00 - 21:00,Out of Range
,Sunday: CLOSED - CLOSED,casadequesadill_eastsidedeli_ue,Sunday: 07:00 - 21:00,Out of Range
,Monday: CLOSED - CLOSED,nybreakfastspot_eastsidedeli_ue,Monday: 06:00 - 21:30,Out of Range
,Tuesday: CLOSED - CLOSED,nybreakfastspot_eastsidedeli_ue,Tuesday: 06:00 - 21:30,Out of Range
,Wednesday: CLOSED - CLOSED,nybreakfastspot_eastsidedeli_ue,Wednesday: 06:00 - 21:30,Out of Range
,Thursday: CLOSED - CLOSED,nybreakfastspot_eastsidedeli_ue,Thursday: 06:00 - 21:30,Out of Range
,Friday: CLOSED - CLOSED,nybreakfastspot_eastsidedeli_ue,Friday: 06:00 - 21:30,Out of Range
,Saturday: CLOSED - CLOSED,nybreakfastspot_eastsidedeli_ue,Saturday: 07:00 - 21:00,Out of Range
,Sunday: CLOSED - CLOSED,nybreakfastspot_eastsidedeli_ue,Sunday: 07:00 - 21:00,Out of Range
,Monday: CLOSED - CLOSED,pressedonpanini_eastsidedeli_ue,Monday: 06:00 - 21:30,Out of Range
,Tuesday: CLOSED - CLOSED,pressedonpanini_eastsidedeli_ue,Tuesday: 06:00 - 21:30,Out of Range
,Wednesday: CLOSED - CLOSED,pressedonpanini_eastsidedeli_ue,Wednesday: 06:00 - 21:30,Out of Range
,Thursday: CLOSED - CLOSED,pressedonpanini_eastsidedeli_ue,Thursday: 06:00 - 21:30,Out of Range
,Friday: CLOSED - CLOSED,pressedonpanini_eastsidedeli_ue,Friday: 06:00 - 21:30,Out of Range
,Saturday: CLOSED - CLOSED,pressedonpanini_eastsidedeli_ue,Saturday: 07:00 - 21:00,Out of Range
,Sunday: CLOSED - CLOSED,pressedonpanini_eastsidedeli_ue,Sunday: 07:00 - 21:00,Out of Range
,Monday: CLOSED - CLOSED,siponsmoothie_eastsidedeli_ue,Monday: 06:00 - 21:30,Out of Range
,Tuesday: CLOSED - CLOSED,siponsmoothie_eastsidedeli_ue,Tuesday: 06:00 - 21:30,Out of Range
,Wednesday: CLOSED - CLOSED,siponsmoothie_eastsidedeli_ue,Wednesday: 06:00 - 21:30,Out of Range
,Thursday: CLOSED - CLOSED,siponsmoothie_eastsidedeli_ue,Thursday: 06:00 - 21:30,Out of Range
,Friday: CLOSED - CLOSED,siponsmoothie_eastsidedeli_ue,Friday: 06:00 - 21:30,Out of Range
,Saturday: CLOSED - CLOSED,siponsmoothie_eastsidedeli_ue,Saturday: 07:00 - 21:00,Out of Range
,Sunday: CLOSED - CLOSED,siponsmoothie_eastsidedeli_ue,Sunday: 07:00 - 21:00,Out of Range
,Monday: CLOSED - CLOSED,theacaidream_eastsidedeli_ue,Monday: 06:00 - 21:30,Out of Range
,Tuesday: CLOSED - CLOSED,theacaidream_eastsidedeli_ue,Tuesday: 06:00 - 21:30,Out of Range
,Wednesday: CLOSED - CLOSED,theacaidream_eastsidedeli_ue,Wednesday: 06:00 - 21:30,Out of Range
,Thursday: CLOSED - CLOSED,theacaidream_eastsidedeli_ue,Thursday: 06:00 - 21:30,Out of Range
,Friday: CLOSED - CLOSED,theacaidream_eastsidedeli_ue,Friday: 06:00 - 21:30,Out of Range
,Saturday: CLOSED - CLOSED,theacaidream_eastsidedeli_ue,Saturday: 07:00 - 21:00,Out of Range
,Sunday: CLOSED - CLOSED,theacaidream_eastsidedeli_ue,Sunday: 07:00 - 21:00,Out of Range
,Monday: CLOSED - CLOSED,theacaistation_eastsidedeli_ue,Monday: 06:00 - 21:30,Out of Range
,Tuesday: CLOSED - CLOSED,theacaistation_eastsidedeli_ue,Tuesday: 06:00 - 21:30,Out of Range
,Wednesday: CLOSED - CLOSED,theacaistation_eastsidedeli_ue,Wednesday: 06:00 - 21:30,Out of Range
,Thursday: CLOSED - CLOSED,theacaistation_eastsidedeli_ue,Thursday: 06:00 - 21:30,Out of Range
,Friday: CLOSED - CLOSED,theacaistation_eastsidedeli_ue,Friday: 06:00 - 21:30,Out of Range
,Saturday: CLOSED - CLOSED,theacaistation_eastsidedeli_ue,Saturday: 07:00 - 21:00,Out of Range
,Sunday: CLOSED - CLOSED,theacaistation_eastsidedeli_ue,Sunday: 07:00 - 21:00,Out of Range
,Monday: CLOSED - CLOSED,thefarmerssalad_eastsidedeli_ue,Monday: 06:00 - 21:30,Out of Range
,Tuesday: CLOSED - CLOSED,thefarmerssalad_eastsidedeli_ue,Tuesday: 06:00 - 21:30,Out of Range
,Wednesday: CLOSED - CLOSED,thefarmerssalad_eastsidedeli_ue,Wednesday: 06:00 - 21:30,Out of Range
,Thursday: CLOSED - CLOSED,thefarmerssalad_eastsidedeli_ue,Thursday: 06:00 - 21:30,Out of Range
,Friday: CLOSED - CLOSED,thefarmerssalad_eastsidedeli_ue,Friday: 06:00 - 21:30,Out of Range
,Saturday: CLOSED - CLOSED,thefarmerssalad_eastsidedeli_ue,Saturday: 07:00 - 21:00,Out of Range
,Sunday: CLOSED - CLOSED,thefarmerssalad_eastsidedeli_ue,Sunday: 07:00 - 21:00,Out of Range
,Monday: CLOSED - CLOSED,thepastastory_eastsidedeli_ue,Monday: 06:00 - 21:30,Out of Range
,Tuesday: CLOSED - CLOSED,thepastastory_eastsidedeli_ue,Tuesday: 06:00 - 21:30,Out of Range
,Wednesday: CLOSED - CLOSED,thepastastory_eastsidedeli_ue,Wednesday: 06:00 - 21:30,Out of Range
,Thursday: CLOSED - CLOSED,thepastastory_eastsidedeli_ue,Thursday: 06:00 - 21:30,Out of Range
,Friday: CLOSED - CLOSED,thepastastory_eastsidedeli_ue,Friday: 06:00 - 21:30,Out of Range
,Saturday: CLOSED - CLOSED,thepastastory_eastsidedeli_ue,Saturday: 07:00 - 21:00,Out of Range
,Sunday: CLOSED - CLOSED,thepastastory_eastsidedeli_ue,Sunday: 07:00 - 21:00,Out of Range
,Monday: CLOSED - CLOSED,dannysdesserts_farmerspizzagri_ue,Monday: 10:00 - 23:00,Out of Range
,Tuesday: CLOSED - CLOSED,dannysdesserts_farmerspizzagri_ue,Tuesday: 10:00 - 23:00,Out of Range
,Wednesday: CLOSED - CLOSED,dannysdesserts_farmerspizzagri_ue,Wednesday: 10:00 - 23:00,Out of Range
,Thursday: CLOSED - CLOSED,dannysdesserts_farmerspizzagri_ue,Thursday: 10:00 - 23:00,Out of Range
,Friday: CLOSED - CLOSED,dannysdesserts_farmerspizzagri_ue,Friday: 10:00 - 00:00,Out of Range
,Saturday: CLOSED - CLOSED,dannysdesserts_farmerspizzagri_ue,Saturday: 10:00 - 00:00,Out of Range
,Sunday: CLOSED - CLOSED,dannysdesserts_farmerspizzagri_ue,Sunday: 10:00 - 23:00,Out of Range
,Monday: CLOSED - CLOSED,alfredosp_frescopizz_ue,Monday: 10:00 - 05:00,Out of Range
,Tuesday: CLOSED - CLOSED,alfredosp_frescopizz_ue,Tuesday: 10:00 - 05:00,Out of Range
,Wednesday: CLOSED - CLOSED,alfredosp_frescopizz_ue,Wednesday: 10:00 - 05:00,Out of Range
,Thursday: CLOSED - CLOSED,alfredosp_frescopizz_ue,Thursday: 10:00 - 05:00,Out of Range
,Friday: CLOSED - CLOSED,alfredosp_frescopizz_ue,Friday: 10:00 - 06:00,Out of Range
,Saturday: CLOSED - CLOSED,alfredosp_frescopizz_ue,Saturday: 10:00 - 06:00,Out of Range
,Sunday: CLOSED - CLOSED,alfredosp_frescopizz_ue,Sunday: 10:00 - 05:00,Out of Range
,Monday: CLOSED - CLOSED,alisgyrol_frescopizz_ue,Monday: 10:00 - 05:00,Out of Range
,Tuesday: CLOSED - CLOSED,alisgyrol_frescopizz_ue,Tuesday: 10:00 - 05:00,Out of Range
,Wednesday: CLOSED - CLOSED,alisgyrol_frescopizz_ue,Wednesday: 10:00 - 05:00,Out of Range
,Thursday: CLOSED - CLOSED,alisgyrol_frescopizz_ue,Thursday: 10:00 - 05:00,Out of Range
,Friday: CLOSED - CLOSED,alisgyrol_frescopizz_ue,Friday: 10:00 - 06:00,Out of Range
,Saturday: CLOSED - CLOSED,alisgyrol_frescopizz_ue,Saturday: 10:00 - 06:00,Out of Range
,Sunday: CLOSED - CLOSED,alisgyrol_frescopizz_ue,Sunday: 10:00 - 05:00,Out of Range
,Monday: CLOSED - CLOSED,bainsburg_frescopizz_ue,Monday: 10:00 - 05:00,Out of Range
,Tuesday: CLOSED - CLOSED,bainsburg_frescopizz_ue,Tuesday: 10:00 - 05:00,Out of Range
,Wednesday: CLOSED - CLOSED,bainsburg_frescopizz_ue,Wednesday: 10:00 - 05:00,Out of Range
,Thursday: CLOSED - CLOSED,bainsburg_frescopizz_ue,Thursday: 10:00 - 05:00,Out of Range
,Friday: CLOSED - CLOSED,bainsburg_frescopizz_ue,Friday: 10:00 - 06:00,Out of Range
,Saturday: CLOSED - CLOSED,bainsburg_frescopizz_ue,Saturday: 10:00 - 06:00,Out of Range
,Sunday: CLOSED - CLOSED,bainsburg_frescopizz_ue,Sunday: 10:00 - 05:00,Out of Range
,Monday: CLOSED - CLOSED,bigdaddys_frescopizz_ue,Monday: 10:00 - 05:00,Out of Range
,Tuesday: CLOSED - CLOSED,bigdaddys_frescopizz_ue,Tuesday: 10:00 - 05:00,Out of Range
,Wednesday: CLOSED - CLOSED,bigdaddys_frescopizz_ue,Wednesday: 10:00 - 05:00,Out of Range
,Thursday: CLOSED - CLOSED,bigdaddys_frescopizz_ue,Thursday: 10:00 - 05:00,Out of Range
,Friday: CLOSED - CLOSED,bigdaddys_frescopizz_ue,Friday: 10:00 - 06:00,Out of Range
,Saturday: CLOSED - CLOSED,bigdaddys_frescopizz_ue,Saturday: 10:00 - 06:00,Out of Range
,Sunday: CLOSED - CLOSED,bigdaddys_frescopizz_ue,Sunday: 10:00 - 05:00,Out of Range
,Monday: CLOSED - CLOSED,celebrityv_frescopizz_ue,Monday: 10:00 - 05:00,Out of Range
,Tuesday: CLOSED - CLOSED,celebrityv_frescopizz_ue,Tuesday: 10:00 - 05:00,Out of Range
,Wednesday: CLOSED - CLOSED,celebrityv_frescopizz_ue,Wednesday: 10:00 - 05:00,Out of Range
,Thursday: CLOSED - CLOSED,celebrityv_frescopizz_ue,Thursday: 10:00 - 05:00,Out of Range
,Friday: CLOSED - CLOSED,celebrityv_frescopizz_ue,Friday: 10:00 - 06:00,Out of Range
,Saturday: CLOSED - CLOSED,celebrityv_frescopizz_ue,Saturday: 10:00 - 06:00,Out of Range
,Sunday: CLOSED - CLOSED,celebrityv_frescopizz_ue,Sunday: 10:00 - 05:00,Out of Range
,Monday: CLOSED - CLOSED,cheesecake_frescopizz_ue,Monday: 10:00 - 05:00,Out of Range
,Tuesday: CLOSED - CLOSED,cheesecake_frescopizz_ue,Tuesday: 10:00 - 05:00,Out of Range
,Wednesday: CLOSED - CLOSED,cheesecake_frescopizz_ue,Wednesday: 10:00 - 05:00,Out of Range
,Thursday: CLOSED - CLOSED,cheesecake_frescopizz_ue,Thursday: 10:00 - 05:00,Out of Range
,Friday: CLOSED - CLOSED,cheesecake_frescopizz_ue,Friday: 10:00 - 06:00,Out of Range
,Saturday: CLOSED - CLOSED,cheesecake_frescopizz_ue,Saturday: 10:00 - 06:00,Out of Range
,Sunday: CLOSED - CLOSED,cheesecake_frescopizz_ue,Sunday: 10:00 - 05:00,Out of Range
,Monday: CLOSED - CLOSED,chuckschee_frescopizz_ue,Monday: 10:00 - 05:00,Out of Range
,Tuesday: CLOSED - CLOSED,chuckschee_frescopizz_ue,Tuesday: 10:00 - 05:00,Out of Range
,Wednesday: CLOSED - CLOSED,chuckschee_frescopizz_ue,Wednesday: 10:00 - 05:00,Out of Range
,Thursday: CLOSED - CLOSED,chuckschee_frescopizz_ue,Thursday: 10:00 - 05:00,Out of Range
,Friday: CLOSED - CLOSED,chuckschee_frescopizz_ue,Friday: 10:00 - 06:00,Out of Range
,Saturday: CLOSED - CLOSED,chuckschee_frescopizz_ue,Saturday: 10:00 - 06:00,Out of Range
,Sunday: CLOSED - CLOSED,chuckschee_frescopizz_ue,Sunday: 10:00 - 05:00,Out of Range
,Monday: CLOSED - CLOSED,farmersmar_frescopizz_ue,Monday: 10:00 - 05:00,Out of Range
,Tuesday: CLOSED - CLOSED,farmersmar_frescopizz_ue,Tuesday: 10:00 - 05:00,Out of Range
,Wednesday: CLOSED - CLOSED,farmersmar_frescopizz_ue,Wednesday: 10:00 - 05:00,Out of Range
,Thursday: CLOSED - CLOSED,farmersmar_frescopizz_ue,Thursday: 10:00 - 05:00,Out of Range
,Friday: CLOSED - CLOSED,farmersmar_frescopizz_ue,Friday: 10:00 - 06:00,Out of Range
,Saturday: CLOSED - CLOSED,farmersmar_frescopizz_ue,Saturday: 10:00 - 06:00,Out of Range
,Sunday: CLOSED - CLOSED,farmersmar_frescopizz_ue,Sunday: 10:00 - 05:00,Out of Range
,Monday: CLOSED - CLOSED,fionasbre_frescopizz_ue,Monday: 10:00 - 05:00,Out of Range
,Tuesday: CLOSED - CLOSED,fionasbre_frescopizz_ue,Tuesday: 10:00 - 05:00,Out of Range
,Wednesday: CLOSED - CLOSED,fionasbre_frescopizz_ue,Wednesday: 10:00 - 05:00,Out of Range
,Thursday: CLOSED - CLOSED,fionasbre_frescopizz_ue,Thursday: 10:00 - 05:00,Out of Range
,Friday: CLOSED - CLOSED,fionasbre_frescopizz_ue,Friday: 10:00 - 06:00,Out of Range
,Saturday: CLOSED - CLOSED,fionasbre_frescopizz_ue,Saturday: 10:00 - 06:00,Out of Range
,Sunday: CLOSED - CLOSED,fionasbre_frescopizz_ue,Sunday: 10:00 - 05:00,Out of Range
,Monday: CLOSED - CLOSED,halalchick_frescopizz_ue,Monday: 10:00 - 05:00,Out of Range
,Tuesday: CLOSED - CLOSED,halalchick_frescopizz_ue,Tuesday: 10:00 - 05:00,Out of Range
,Wednesday: CLOSED - CLOSED,halalchick_frescopizz_ue,Wednesday: 10:00 - 05:00,Out of Range
,Thursday: CLOSED - CLOSED,halalchick_frescopizz_ue,Thursday: 10:00 - 05:00,Out of Range
,Friday: CLOSED - CLOSED,halalchick_frescopizz_ue,Friday: 10:00 - 06:00,Out of Range
,Saturday: CLOSED - CLOSED,halalchick_frescopizz_ue,Saturday: 10:00 - 06:00,Out of Range
,Sunday: CLOSED - CLOSED,halalchick_frescopizz_ue,Sunday: 10:00 - 05:00,Out of Range
,Monday: CLOSED - CLOSED,halalpasta_frescopizz_ue,Monday: 10:00 - 05:00,Out of Range
,Tuesday: CLOSED - CLOSED,halalpasta_frescopizz_ue,Tuesday: 10:00 - 05:00,Out of Range
,Wednesday: CLOSED - CLOSED,halalpasta_frescopizz_ue,Wednesday: 10:00 - 05:00,Out of Range
,Thursday: CLOSED - CLOSED,halalpasta_frescopizz_ue,Thursday: 10:00 - 05:00,Out of Range
,Friday: CLOSED - CLOSED,halalpasta_frescopizz_ue,Friday: 10:00 - 06:00,Out of Range
,Saturday: CLOSED - CLOSED,halalpasta_frescopizz_ue,Saturday: 10:00 - 06:00,Out of Range
,Sunday: CLOSED - CLOSED,halalpasta_frescopizz_ue,Sunday: 10:00 - 05:00,Out of Range
,Monday: CLOSED - CLOSED,perryspiz_frescopizz_ue,Monday: 10:00 - 05:00,Out of Range
,Tuesday: CLOSED - CLOSED,perryspiz_frescopizz_ue,Tuesday: 10:00 - 05:00,Out of Range
,Wednesday: CLOSED - CLOSED,perryspiz_frescopizz_ue,Wednesday: 10:00 - 05:00,Out of Range
,Thursday: CLOSED - CLOSED,perryspiz_frescopizz_ue,Thursday: 10:00 - 05:00,Out of Range
,Friday: CLOSED - CLOSED,perryspiz_frescopizz_ue,Friday: 10:00 - 06:00,Out of Range
,Saturday: CLOSED - CLOSED,perryspiz_frescopizz_ue,Saturday: 10:00 - 06:00,Out of Range
,Sunday: CLOSED - CLOSED,perryspiz_frescopizz_ue,Sunday: 10:00 - 05:00,Out of Range
,Monday: CLOSED - CLOSED,sashassan_frescopizz_ue,Monday: 10:00 - 05:00,Out of Range
,Tuesday: CLOSED - CLOSED,sashassan_frescopizz_ue,Tuesday: 10:00 - 05:00,Out of Range
,Wednesday: CLOSED - CLOSED,sashassan_frescopizz_ue,Wednesday: 10:00 - 05:00,Out of Range
,Thursday: CLOSED - CLOSED,sashassan_frescopizz_ue,Thursday: 10:00 - 05:00,Out of Range
,Friday: CLOSED - CLOSED,sashassan_frescopizz_ue,Friday: 10:00 - 06:00,Out of Range
,Saturday: CLOSED - CLOSED,sashassan_frescopizz_ue,Saturday: 10:00 - 06:00,Out of Range
,Sunday: CLOSED - CLOSED,sashassan_frescopizz_ue,Sunday: 10:00 - 05:00,Out of Range
,Monday: CLOSED - CLOSED,saucyhalal_frescopizz_ue,Monday: 10:00 - 05:00,Out of Range
,Tuesday: CLOSED - CLOSED,saucyhalal_frescopizz_ue,Tuesday: 10:00 - 05:00,Out of Range
,Wednesday: CLOSED - CLOSED,saucyhalal_frescopizz_ue,Wednesday: 10:00 - 05:00,Out of Range
,Thursday: CLOSED - CLOSED,saucyhalal_frescopizz_ue,Thursday: 10:00 - 05:00,Out of Range
,Friday: CLOSED - CLOSED,saucyhalal_frescopizz_ue,Friday: 10:00 - 06:00,Out of Range
,Saturday: CLOSED - CLOSED,saucyhalal_frescopizz_ue,Saturday: 10:00 - 06:00,Out of Range
,Sunday: CLOSED - CLOSED,saucyhalal_frescopizz_ue,Sunday: 10:00 - 05:00,Out of Range
,Monday: CLOSED - CLOSED,thepastafl_frescopizz_ue,Monday: 10:00 - 05:00,Out of Range
,Tuesday: CLOSED - CLOSED,thepastafl_frescopizz_ue,Tuesday: 10:00 - 05:00,Out of Range
,Wednesday: CLOSED - CLOSED,thepastafl_frescopizz_ue,Wednesday: 10:00 - 05:00,Out of Range
,Thursday: CLOSED - CLOSED,thepastafl_frescopizz_ue,Thursday: 10:00 - 05:00,Out of Range
,Friday: CLOSED - CLOSED,thepastafl_frescopizz_ue,Friday: 10:00 - 06:00,Out of Range
,Saturday: CLOSED - CLOSED,thepastafl_frescopizz_ue,Saturday: 10:00 - 06:00,Out of Range
,Sunday: CLOSED - CLOSED,thepastafl_frescopizz_ue,Sunday: 10:00 - 05:00,Out of Range
,Monday: CLOSED - CLOSED,theshawarmabar_frescopizz_ue,Monday: 10:00 - 05:00,Out of Range
,Tuesday: CLOSED - CLOSED,theshawarmabar_frescopizz_ue,Tuesday: 10:00 - 05:00,Out of Range
,Wednesday: CLOSED - CLOSED,theshawarmabar_frescopizz_ue,Wednesday: 10:00 - 05:00,Out of Range
,Thursday: CLOSED - CLOSED,theshawarmabar_frescopizz_ue,Thursday: 10:00 - 05:00,Out of Range
,Friday: CLOSED - CLOSED,theshawarmabar_frescopizz_ue,Friday: 10:00 - 06:00,Out of Range
,Saturday: CLOSED - CLOSED,theshawarmabar_frescopizz_ue,Saturday: 10:00 - 06:00,Out of Range
,Sunday: CLOSED - CLOSED,theshawarmabar_frescopizz_ue,Sunday: 10:00 - 05:00,Out of Range
,Monday: CLOSED - CLOSED,theshawarmaeats_frescopizz_ue,Monday: 10:00 - 05:00,Out of Range
,Tuesday: CLOSED - CLOSED,theshawarmaeats_frescopizz_ue,Tuesday: 10:00 - 05:00,Out of Range
,Wednesday: CLOSED - CLOSED,theshawarmaeats_frescopizz_ue,Wednesday: 10:00 - 05:00,Out of Range
,Thursday: CLOSED - CLOSED,theshawarmaeats_frescopizz_ue,Thursday: 10:00 - 05:00,Out of Range
,Friday: CLOSED - CLOSED,theshawarmaeats_frescopizz_ue,Friday: 10:00 - 06:00,Out of Range
,Saturday: CLOSED - CLOSED,theshawarmaeats_frescopizz_ue,Saturday: 10:00 - 06:00,Out of Range
,Sunday: CLOSED - CLOSED,theshawarmaeats_frescopizz_ue,Sunday: 10:00 - 05:00,Out of Range
,Monday: CLOSED - CLOSED,veganfalaf_frescopizz_ue,Monday: 10:00 - 05:00,Out of Range
,Tuesday: CLOSED - CLOSED,veganfalaf_frescopizz_ue,Tuesday: 10:00 - 05:00,Out of Range
,Wednesday: CLOSED - CLOSED,veganfalaf_frescopizz_ue,Wednesday: 10:00 - 05:00,Out of Range
,Thursday: CLOSED - CLOSED,veganfalaf_frescopizz_ue,Thursday: 10:00 - 05:00,Out of Range
,Friday: CLOSED - CLOSED,veganfalaf_frescopizz_ue,Friday: 10:00 - 06:00,Out of Range
,Saturday: CLOSED - CLOSED,veganfalaf_frescopizz_ue,Saturday: 10:00 - 06:00,Out of Range
,Sunday: CLOSED - CLOSED,veganfalaf_frescopizz_ue,Sunday: 10:00 - 05:00,Out of Range
,Monday: CLOSED - CLOSED,veganfalafelspo_gaters_ue,Monday: 11:00 - 21:00,Out of Range
,Tuesday: CLOSED - CLOSED,veganfalafelspo_gaters_ue,Tuesday: 11:00 - 21:00,Out of Range
,Wednesday: CLOSED - CLOSED,veganfalafelspo_gaters_ue,Wednesday: 11:00 - 21:00,Out of Range
,Thursday: CLOSED - CLOSED,veganfalafelspo_gaters_ue,Thursday: 11:00 - 21:00,Out of Range
,Friday: CLOSED - CLOSED,veganfalafelspo_gaters_ue,Friday: 11:00 - 21:00,Out of Range
,Saturday: CLOSED - CLOSED,veganfalafelspo_gaters_ue,Saturday: 11:00 - 21:00,Out of Range
,Sunday: CLOSED - CLOSED,veganfalafelspo_gaters_ue,Sunday: 11:00 - 21:00,Out of Range
,Monday: CLOSED - CLOSED,bosscatburgers_goldstreetmarke_ue,Monday: 00:00 - 23:59,Out of Range
,Tuesday: CLOSED - CLOSED,bosscatburgers_goldstreetmarke_ue,Tuesday: 00:00 - 23:59,Out of Range
,Wednesday: CLOSED - CLOSED,bosscatburgers_goldstreetmarke_ue,Wednesday: 00:00 - 23:59,Out of Range
,Thursday: CLOSED - CLOSED,bosscatburgers_goldstreetmarke_ue,Thursday: 00:00 - 23:59,Out of Range
,Friday: CLOSED - CLOSED,bosscatburgers_goldstreetmarke_ue,Friday: 00:00 - 23:59,Out of Range
,Saturday: CLOSED - CLOSED,bosscatburgers_goldstreetmarke_ue,Saturday: 00:00 - 23:59,Out of Range
,Sunday: CLOSED - CLOSED,bosscatburgers_goldstreetmarke_ue,Sunday: 00:00 - 23:59,Out of Range
,Monday: CLOSED - CLOSED,burritoloversba_goldstreetmarke_ue,Monday: 00:00 - 23:59,Out of Range
,Tuesday: CLOSED - CLOSED,burritoloversba_goldstreetmarke_ue,Tuesday: 00:00 - 23:59,Out of Range
,Wednesday: CLOSED - CLOSED,burritoloversba_goldstreetmarke_ue,Wednesday: 00:00 - 23:59,Out of Range
,Thursday: CLOSED - CLOSED,burritoloversba_goldstreetmarke_ue,Thursday: 00:00 - 23:59,Out of Range
,Friday: CLOSED - CLOSED,burritoloversba_goldstreetmarke_ue,Friday: 00:00 - 23:59,Out of Range
,Saturday: CLOSED - CLOSED,burritoloversba_goldstreetmarke_ue,Saturday: 00:00 - 23:59,Out of Range
,Sunday: CLOSED - CLOSED,burritoloversba_goldstreetmarke_ue,Sunday: 00:00 - 23:59,Out of Range
,Monday: CLOSED - CLOSED,chickensaladbar_goldstreetmarke_ue,Monday: 00:00 - 23:59,Out of Range
,Tuesday: CLOSED - CLOSED,chickensaladbar_goldstreetmarke_ue,Tuesday: 00:00 - 23:59,Out of Range
,Wednesday: CLOSED - CLOSED,chickensaladbar_goldstreetmarke_ue,Wednesday: 00:00 - 23:59,Out of Range
,Thursday: CLOSED - CLOSED,chickensaladbar_goldstreetmarke_ue,Thursday: 00:00 - 23:59,Out of Range
,Friday: CLOSED - CLOSED,chickensaladbar_goldstreetmarke_ue,Friday: 00:00 - 23:59,Out of Range
,Saturday: CLOSED - CLOSED,chickensaladbar_goldstreetmarke_ue,Saturday: 00:00 - 23:59,Out of Range
,Sunday: CLOSED - CLOSED,chickensaladbar_goldstreetmarke_ue,Sunday: 00:00 - 23:59,Out of Range
,Monday: CLOSED - CLOSED,doughboyssandwi_goldstreetmarke_ue,Monday: 00:00 - 23:59,Out of Range
,Tuesday: CLOSED - CLOSED,doughboyssandwi_goldstreetmarke_ue,Tuesday: 00:00 - 23:59,Out of Range
,Wednesday: CLOSED - CLOSED,doughboyssandwi_goldstreetmarke_ue,Wednesday: 00:00 - 23:59,Out of Range
,Thursday: CLOSED - CLOSED,doughboyssandwi_goldstreetmarke_ue,Thursday: 00:00 - 23:59,Out of Range
,Friday: CLOSED - CLOSED,doughboyssandwi_goldstreetmarke_ue,Friday: 00:00 - 23:59,Out of Range
,Saturday: CLOSED - CLOSED,doughboyssandwi_goldstreetmarke_ue,Saturday: 00:00 - 23:59,Out of Range
,Sunday: CLOSED - CLOSED,doughboyssandwi_goldstreetmarke_ue,Sunday: 00:00 - 23:59,Out of Range
,Monday: CLOSED - CLOSED,holygrailomelet_goldstreetmarke_ue,Monday: 00:00 - 23:59,Out of Range
,Tuesday: CLOSED - CLOSED,holygrailomelet_goldstreetmarke_ue,Tuesday: 00:00 - 23:59,Out of Range
,Wednesday: CLOSED - CLOSED,holygrailomelet_goldstreetmarke_ue,Wednesday: 00:00 - 23:59,Out of Range
,Thursday: CLOSED - CLOSED,holygrailomelet_goldstreetmarke_ue,Thursday: 00:00 - 23:59,Out of Range
,Friday: CLOSED - CLOSED,holygrailomelet_goldstreetmarke_ue,Friday: 00:00 - 23:59,Out of Range
,Saturday: CLOSED - CLOSED,holygrailomelet_goldstreetmarke_ue,Saturday: 00:00 - 23:59,Out of Range
,Sunday: CLOSED - CLOSED,holygrailomelet_goldstreetmarke_ue,Sunday: 00:00 - 23:59,Out of Range
,Monday: CLOSED - CLOSED,icecreambakeryl_goldstreetmarke_ue,Monday: 00:00 - 23:59,Out of Range
,Tuesday: CLOSED - CLOSED,icecreambakeryl_goldstreetmarke_ue,Tuesday: 00:00 - 23:59,Out of Range
,Wednesday: CLOSED - CLOSED,icecreambakeryl_goldstreetmarke_ue,Wednesday: 00:00 - 23:59,Out of Range
,Thursday: CLOSED - CLOSED,icecreambakeryl_goldstreetmarke_ue,Thursday: 00:00 - 23:59,Out of Range
,Friday: CLOSED - CLOSED,icecreambakeryl_goldstreetmarke_ue,Friday: 00:00 - 23:59,Out of Range
,Saturday: CLOSED - CLOSED,icecreambakeryl_goldstreetmarke_ue,Saturday: 00:00 - 23:59,Out of Range
,Sunday: CLOSED - CLOSED,icecreambakeryl_goldstreetmarke_ue,Sunday: 00:00 - 23:59,Out of Range
,Monday: CLOSED - CLOSED,jasminscoffeeba_goldstreetmarke_ue,Monday: 00:00 - 23:59,Out of Range
,Tuesday: CLOSED - CLOSED,jasminscoffeeba_goldstreetmarke_ue,Tuesday: 00:00 - 23:59,Out of Range
,Wednesday: CLOSED - CLOSED,jasminscoffeeba_goldstreetmarke_ue,Wednesday: 00:00 - 23:59,Out of Range
,Thursday: CLOSED - CLOSED,jasminscoffeeba_goldstreetmarke_ue,Thursday: 00:00 - 23:59,Out of Range
,Friday: CLOSED - CLOSED,jasminscoffeeba_goldstreetmarke_ue,Friday: 00:00 - 23:59,Out of Range
,Saturday: CLOSED - CLOSED,jasminscoffeeba_goldstreetmarke_ue,Saturday: 00:00 - 23:59,Out of Range
,Sunday: CLOSED - CLOSED,jasminscoffeeba_goldstreetmarke_ue,Sunday: 00:00 - 23:59,Out of Range
,Monday: CLOSED - CLOSED,justinsjuicebar_goldstreetmarke_ue,Monday: 00:00 - 23:59,Out of Range
,Tuesday: CLOSED - CLOSED,justinsjuicebar_goldstreetmarke_ue,Tuesday: 00:00 - 23:59,Out of Range
,Wednesday: CLOSED - CLOSED,justinsjuicebar_goldstreetmarke_ue,Wednesday: 00:00 - 23:59,Out of Range
,Thursday: CLOSED - CLOSED,justinsjuicebar_goldstreetmarke_ue,Thursday: 00:00 - 23:59,Out of Range
,Friday: CLOSED - CLOSED,justinsjuicebar_goldstreetmarke_ue,Friday: 00:00 - 23:59,Out of Range
,Saturday: CLOSED - CLOSED,justinsjuicebar_goldstreetmarke_ue,Saturday: 00:00 - 23:59,Out of Range
,Sunday: CLOSED - CLOSED,justinsjuicebar_goldstreetmarke_ue,Sunday: 00:00 - 23:59,Out of Range
,Monday: CLOSED - CLOSED,martyswrapsshac_goldstreetmarke_ue,Monday: 00:00 - 23:59,Out of Range
,Tuesday: CLOSED - CLOSED,martyswrapsshac_goldstreetmarke_ue,Tuesday: 00:00 - 23:59,Out of Range
,Wednesday: CLOSED - CLOSED,martyswrapsshac_goldstreetmarke_ue,Wednesday: 00:00 - 23:59,Out of Range
,Thursday: CLOSED - CLOSED,martyswrapsshac_goldstreetmarke_ue,Thursday: 00:00 - 23:59,Out of Range
,Friday: CLOSED - CLOSED,martyswrapsshac_goldstreetmarke_ue,Friday: 00:00 - 23:59,Out of Range
,Saturday: CLOSED - CLOSED,martyswrapsshac_goldstreetmarke_ue,Saturday: 00:00 - 23:59,Out of Range
,Sunday: CLOSED - CLOSED,martyswrapsshac_goldstreetmarke_ue,Sunday: 00:00 - 23:59,Out of Range
,Monday: CLOSED - CLOSED,papaspanini_goldstreetmarke_ue,Monday: 00:00 - 23:59,Out of Range
,Tuesday: CLOSED - CLOSED,papaspanini_goldstreetmarke_ue,Tuesday: 00:00 - 23:59,Out of Range
,Wednesday: CLOSED - CLOSED,papaspanini_goldstreetmarke_ue,Wednesday: 00:00 - 23:59,Out of Range
,Thursday: CLOSED - CLOSED,papaspanini_goldstreetmarke_ue,Thursday: 00:00 - 23:59,Out of Range
,Friday: CLOSED - CLOSED,papaspanini_goldstreetmarke_ue,Friday: 00:00 - 23:59,Out of Range
,Saturday: CLOSED - CLOSED,papaspanini_goldstreetmarke_ue,Saturday: 00:00 - 23:59,Out of Range
,Sunday: CLOSED - CLOSED,papaspanini_goldstreetmarke_ue,Sunday: 00:00 - 23:59,Out of Range
,Monday: CLOSED - CLOSED,rjsphillycheese_goldstreetmarke_ue,Monday: 00:00 - 23:59,Out of Range
,Tuesday: CLOSED - CLOSED,rjsphillycheese_goldstreetmarke_ue,Tuesday: 00:00 - 23:59,Out of Range
,Wednesday: CLOSED - CLOSED,rjsphillycheese_goldstreetmarke_ue,Wednesday: 00:00 - 23:59,Out of Range
,Thursday: CLOSED - CLOSED,rjsphillycheese_goldstreetmarke_ue,Thursday: 00:00 - 23:59,Out of Range
,Friday: CLOSED - CLOSED,rjsphillycheese_goldstreetmarke_ue,Friday: 00:00 - 23:59,Out of Range
,Saturday: CLOSED - CLOSED,rjsphillycheese_goldstreetmarke_ue,Saturday: 00:00 - 23:59,Out of Range
,Sunday: CLOSED - CLOSED,rjsphillycheese_goldstreetmarke_ue,Sunday: 00:00 - 23:59,Out of Range
,Monday: CLOSED - CLOSED,thepancakesnob_goldstreetmarke_ue,Monday: 00:00 - 23:59,Out of Range
,Tuesday: CLOSED - CLOSED,thepancakesnob_goldstreetmarke_ue,Tuesday: 00:00 - 23:59,Out of Range
,Wednesday: CLOSED - CLOSED,thepancakesnob_goldstreetmarke_ue,Wednesday: 00:00 - 23:59,Out of Range
,Thursday: CLOSED - CLOSED,thepancakesnob_goldstreetmarke_ue,Thursday: 00:00 - 23:59,Out of Range
,Friday: CLOSED - CLOSED,thepancakesnob_goldstreetmarke_ue,Friday: 00:00 - 23:59,Out of Range
,Saturday: CLOSED - CLOSED,thepancakesnob_goldstreetmarke_ue,Saturday: 00:00 - 23:59,Out of Range
,Sunday: CLOSED - CLOSED,thepancakesnob_goldstreetmarke_ue,Sunday: 00:00 - 23:59,Out of Range
,Monday: CLOSED - CLOSED,theshawarmabar_goldstreetmarke_ue,Monday: 00:00 - 23:59,Out of Range
,Tuesday: CLOSED - CLOSED,theshawarmabar_goldstreetmarke_ue,Tuesday: 00:00 - 23:59,Out of Range
,Wednesday: CLOSED - CLOSED,theshawarmabar_goldstreetmarke_ue,Wednesday: 00:00 - 23:59,Out of Range
,Thursday: CLOSED - CLOSED,theshawarmabar_goldstreetmarke_ue,Thursday: 00:00 - 23:59,Out of Range
,Friday: CLOSED - CLOSED,theshawarmabar_goldstreetmarke_ue,Friday: 00:00 - 23:59,Out of Range
,Saturday: CLOSED - CLOSED,theshawarmabar_goldstreetmarke_ue,Saturday: 00:00 - 23:59,Out of Range
,Sunday: CLOSED - CLOSED,theshawarmabar_goldstreetmarke_ue,Sunday: 00:00 - 23:59,Out of Range
,Monday: CLOSED - CLOSED,bainsburgerbar_headlinesdiner_ue,Monday: 00:00 - 23:59,Out of Range
,Tuesday: CLOSED - CLOSED,bainsburgerbar_headlinesdiner_ue,Tuesday: 00:00 - 23:59,Out of Range
,Wednesday: CLOSED - CLOSED,bainsburgerbar_headlinesdiner_ue,Wednesday: 00:00 - 23:59,Out of Range
,Thursday: CLOSED - CLOSED,bainsburgerbar_headlinesdiner_ue,Thursday: 00:00 - 23:59,Out of Range
,Friday: CLOSED - CLOSED,bainsburgerbar_headlinesdiner_ue,Friday: 00:00 - 23:59,Out of Range
,Saturday: CLOSED - CLOSED,bainsburgerbar_headlinesdiner_ue,Saturday: 00:00 - 23:59,Out of Range
,Sunday: CLOSED - CLOSED,bainsburgerbar_headlinesdiner_ue,Sunday: 00:00 - 23:59,Out of Range
,Monday: CLOSED - CLOSED,fionasbreakfast_headlinesdiner_ue,Monday: 06:00 - 22:00,Out of Range
,Tuesday: CLOSED - CLOSED,fionasbreakfast_headlinesdiner_ue,Tuesday: 06:00 - 22:00,Out of Range
,Wednesday: CLOSED - CLOSED,fionasbreakfast_headlinesdiner_ue,Wednesday: 06:00 - 22:00,Out of Range
,Thursday: CLOSED - CLOSED,fionasbreakfast_headlinesdiner_ue,Thursday: 06:00 - 22:00,Out of Range
,Friday: CLOSED - CLOSED,fionasbreakfast_headlinesdiner_ue,Friday: 06:00 - 22:00,Out of Range
,Saturday: CLOSED - CLOSED,fionasbreakfast_headlinesdiner_ue,Saturday: 07:00 - 21:00,Out of Range
,Sunday: CLOSED - CLOSED,fionasbreakfast_headlinesdiner_ue,Sunday: 07:00 - 21:00,Out of Range
,Monday: CLOSED - CLOSED,lucyspancakebar_headlinesdiner_ue,Monday: 06:00 - 22:00,Out of Range
,Tuesday: CLOSED - CLOSED,lucyspancakebar_headlinesdiner_ue,Tuesday: 06:00 - 22:00,Out of Range
,Wednesday: CLOSED - CLOSED,lucyspancakebar_headlinesdiner_ue,Wednesday: 06:00 - 22:00,Out of Range
,Thursday: CLOSED - CLOSED,lucyspancakebar_headlinesdiner_ue,Thursday: 06:00 - 22:00,Out of Range
,Friday: CLOSED - CLOSED,lucyspancakebar_headlinesdiner_ue,Friday: 06:00 - 22:00,Out of Range
,Saturday: CLOSED - CLOSED,lucyspancakebar_headlinesdiner_ue,Saturday: 07:00 - 21:00,Out of Range
,Sunday: CLOSED - CLOSED,lucyspancakebar_headlinesdiner_ue,Sunday: 07:00 - 21:00,Out of Range
,Monday: CLOSED - CLOSED,ogchickenandwaf_headlinesdiner_ue,Monday: 06:00 - 22:00,Out of Range
,Tuesday: CLOSED - CLOSED,ogchickenandwaf_headlinesdiner_ue,Tuesday: 06:00 - 22:00,Out of Range
,Wednesday: CLOSED - CLOSED,ogchickenandwaf_headlinesdiner_ue,Wednesday: 06:00 - 22:00,Out of Range
,Thursday: CLOSED - CLOSED,ogchickenandwaf_headlinesdiner_ue,Thursday: 06:00 - 22:00,Out of Range
,Friday: CLOSED - CLOSED,ogchickenandwaf_headlinesdiner_ue,Friday: 06:00 - 22:00,Out of Range
,Saturday: CLOSED - CLOSED,ogchickenandwaf_headlinesdiner_ue,Saturday: 07:00 - 21:00,Out of Range
,Sunday: CLOSED - CLOSED,ogchickenandwaf_headlinesdiner_ue,Sunday: 07:00 - 21:00,Out of Range
,Monday: CLOSED - CLOSED,pardonmypanini_headlinesdiner_ue,Monday: 06:00 - 22:00,Out of Range
,Tuesday: CLOSED - CLOSED,pardonmypanini_headlinesdiner_ue,Tuesday: 06:00 - 22:00,Out of Range
,Wednesday: CLOSED - CLOSED,pardonmypanini_headlinesdiner_ue,Wednesday: 06:00 - 22:00,Out of Range
,Thursday: CLOSED - CLOSED,pardonmypanini_headlinesdiner_ue,Thursday: 06:00 - 22:00,Out of Range
,Friday: CLOSED - CLOSED,pardonmypanini_headlinesdiner_ue,Friday: 06:00 - 22:00,Out of Range
,Saturday: CLOSED - CLOSED,pardonmypanini_headlinesdiner_ue,Saturday: 07:00 - 21:00,Out of Range
,Sunday: CLOSED - CLOSED,pardonmypanini_headlinesdiner_ue,Sunday: 07:00 - 21:00,Out of Range
,Monday: CLOSED - CLOSED,theburgerbae_headlinesdiner_ue,Monday: 6:00 - 22:00,Out of Range
,Tuesday: CLOSED - CLOSED,theburgerbae_headlinesdiner_ue,Tuesday: 6:00 - 22:00,Out of Range
,Wednesday: CLOSED - CLOSED,theburgerbae_headlinesdiner_ue,Wednesday: 6:00 - 22:00,Out of Range
,Thursday: CLOSED - CLOSED,theburgerbae_headlinesdiner_ue,Thursday: 6:00 - 22:00,Out of Range
,Friday: CLOSED - CLOSED,theburgerbae_headlinesdiner_ue,Friday: 6:00 - 22:00,Out of Range
,Saturday: CLOSED - CLOSED,theburgerbae_headlinesdiner_ue,Saturday: 07:00 - 21:00,Out of Range
,Sunday: CLOSED - CLOSED,theburgerbae_headlinesdiner_ue,Sunday: 07:00 - 21:00,Out of Range
,Monday: CLOSED - CLOSED,thesandwichcafe_headlinesdiner_ue,Monday: 06:00 - 22:00,Out of Range
,Tuesday: CLOSED - CLOSED,thesandwichcafe_headlinesdiner_ue,Tuesday: 06:00 - 22:00,Out of Range
,Wednesday: CLOSED - CLOSED,thesandwichcafe_headlinesdiner_ue,Wednesday: 06:00 - 22:00,Out of Range
,Thursday: CLOSED - CLOSED,thesandwichcafe_headlinesdiner_ue,Thursday: 06:00 - 22:00,Out of Range
,Friday: CLOSED - CLOSED,thesandwichcafe_headlinesdiner_ue,Friday: 06:00 - 22:00,Out of Range
,Saturday: CLOSED - CLOSED,thesandwichcafe_headlinesdiner_ue,Saturday: 07:00 - 21:00,Out of Range
,Sunday: CLOSED - CLOSED,thesandwichcafe_headlinesdiner_ue,Sunday: 07:00 - 21:00,Out of Range
,Monday: CLOSED - CLOSED,wondaswrapcafe_headlinesdiner_ue,Monday: 06:00 - 22:00,Out of Range
,Tuesday: CLOSED - CLOSED,wondaswrapcafe_headlinesdiner_ue,Tuesday: 06:00 - 22:00,Out of Range
,Wednesday: CLOSED - CLOSED,wondaswrapcafe_headlinesdiner_ue,Wednesday: 06:00 - 22:00,Out of Range
,Thursday: CLOSED - CLOSED,wondaswrapcafe_headlinesdiner_ue,Thursday: 06:00 - 22:00,Out of Range
,Friday: CLOSED - CLOSED,wondaswrapcafe_headlinesdiner_ue,Friday: 06:00 - 22:00,Out of Range
,Saturday: CLOSED - CLOSED,wondaswrapcafe_headlinesdiner_ue,Saturday: 07:00 - 21:00,Out of Range
,Sunday: CLOSED - CLOSED,wondaswrapcafe_headlinesdiner_ue,Sunday: 07:00 - 21:00,Out of Range
,Monday: CLOSED - CLOSED,charlieschicken_heavenlymarketi_ue,Monday: 00:00 - 23:59,Out of Range
,Tuesday: CLOSED - CLOSED,charlieschicken_heavenlymarketi_ue,Tuesday: 00:00 - 23:59,Out of Range
,Wednesday: CLOSED - CLOSED,charlieschicken_heavenlymarketi_ue,Wednesday: 00:00 - 23:59,Out of Range
,Thursday: CLOSED - CLOSED,charlieschicken_heavenlymarketi_ue,Thursday: 00:00 - 23:59,Out of Range
,Friday: CLOSED - CLOSED,charlieschicken_heavenlymarketi_ue,Friday: 00:00 - 23:59,Out of Range
,Saturday: CLOSED - CLOSED,charlieschicken_heavenlymarketi_ue,Saturday: 00:00 - 23:59,Out of Range
,Sunday: CLOSED - CLOSED,charlieschicken_heavenlymarketi_ue,Sunday: 00:00 - 23:59,Out of Range
,Monday: CLOSED - CLOSED,cheesecakeandde_heavenlymarketi_ue,Monday: 00:00 - 23:59,Out of Range
,Tuesday: CLOSED - CLOSED,cheesecakeandde_heavenlymarketi_ue,Tuesday: 00:00 - 23:59,Out of Range
,Wednesday: CLOSED - CLOSED,cheesecakeandde_heavenlymarketi_ue,Wednesday: 00:00 - 23:59,Out of Range
,Thursday: CLOSED - CLOSED,cheesecakeandde_heavenlymarketi_ue,Thursday: 00:00 - 23:59,Out of Range
,Friday: CLOSED - CLOSED,cheesecakeandde_heavenlymarketi_ue,Friday: 00:00 - 23:59,Out of Range
,Saturday: CLOSED - CLOSED,cheesecakeandde_heavenlymarketi_ue,Saturday: 00:00 - 23:59,Out of Range
,Sunday: CLOSED - CLOSED,cheesecakeandde_heavenlymarketi_ue,Sunday: 00:00 - 23:59,Out of Range
,Monday: CLOSED - CLOSED,coffeecremasnob_heavenlymarketi_ue,Monday: 00:00 - 23:59,Out of Range
,Tuesday: CLOSED - CLOSED,coffeecremasnob_heavenlymarketi_ue,Tuesday: 00:00 - 23:59,Out of Range
,Wednesday: CLOSED - CLOSED,coffeecremasnob_heavenlymarketi_ue,Wednesday: 00:00 - 23:59,Out of Range
,Thursday: CLOSED - CLOSED,coffeecremasnob_heavenlymarketi_ue,Thursday: 00:00 - 23:59,Out of Range
,Friday: CLOSED - CLOSED,coffeecremasnob_heavenlymarketi_ue,Friday: 00:00 - 23:59,Out of Range
,Saturday: CLOSED - CLOSED,coffeecremasnob_heavenlymarketi_ue,Saturday: 00:00 - 23:59,Out of Range
,Sunday: CLOSED - CLOSED,coffeecremasnob_heavenlymarketi_ue,Sunday: 00:00 - 23:59,Out of Range
,Monday: CLOSED - CLOSED,franksfrenchtoa_heavenlymarketi_ue,Monday: 00:00 - 23:59,Out of Range
,Tuesday: CLOSED - CLOSED,franksfrenchtoa_heavenlymarketi_ue,Tuesday: 00:00 - 23:59,Out of Range
,Wednesday: CLOSED - CLOSED,franksfrenchtoa_heavenlymarketi_ue,Wednesday: 00:00 - 23:59,Out of Range
,Thursday: CLOSED - CLOSED,franksfrenchtoa_heavenlymarketi_ue,Thursday: 00:00 - 23:59,Out of Range
,Friday: CLOSED - CLOSED,franksfrenchtoa_heavenlymarketi_ue,Friday: 00:00 - 23:59,Out of Range
,Saturday: CLOSED - CLOSED,franksfrenchtoa_heavenlymarketi_ue,Saturday: 00:00 - 23:59,Out of Range
,Sunday: CLOSED - CLOSED,franksfrenchtoa_heavenlymarketi_ue,Sunday: 00:00 - 23:59,Out of Range
,Monday: CLOSED - CLOSED,frenchomeletteb_heavenlymarketi_ue,Monday: 00:00 - 23:59,Out of Range
,Tuesday: CLOSED - CLOSED,frenchomeletteb_heavenlymarketi_ue,Tuesday: 00:00 - 23:59,Out of Range
,Wednesday: CLOSED - CLOSED,frenchomeletteb_heavenlymarketi_ue,Wednesday: 00:00 - 23:59,Out of Range
,Thursday: CLOSED - CLOSED,frenchomeletteb_heavenlymarketi_ue,Thursday: 00:00 - 23:59,Out of Range
,Friday: CLOSED - CLOSED,frenchomeletteb_heavenlymarketi_ue,Friday: 00:00 - 23:59,Out of Range
,Saturday: CLOSED - CLOSED,frenchomeletteb_heavenlymarketi_ue,Saturday: 00:00 - 23:59,Out of Range
,Sunday: CLOSED - CLOSED,frenchomeletteb_heavenlymarketi_ue,Sunday: 00:00 - 23:59,Out of Range
,Monday: CLOSED - CLOSED,friedmunchiessh_heavenlymarketi_ue,Monday: 00:00 - 23:59,Out of Range
,Tuesday: CLOSED - CLOSED,friedmunchiessh_heavenlymarketi_ue,Tuesday: 00:00 - 23:59,Out of Range
,Wednesday: CLOSED - CLOSED,friedmunchiessh_heavenlymarketi_ue,Wednesday: 00:00 - 23:59,Out of Range
,Thursday: CLOSED - CLOSED,friedmunchiessh_heavenlymarketi_ue,Thursday: 00:00 - 23:59,Out of Range
,Friday: CLOSED - CLOSED,friedmunchiessh_heavenlymarketi_ue,Friday: 00:00 - 23:59,Out of Range
,Saturday: CLOSED - CLOSED,friedmunchiessh_heavenlymarketi_ue,Saturday: 00:00 - 23:59,Out of Range
,Sunday: CLOSED - CLOSED,friedmunchiessh_heavenlymarketi_ue,Sunday: 00:00 - 23:59,Out of Range
,Monday: CLOSED - CLOSED,goldenbearsandw_heavenlymarketi_ue,Monday: 00:00 - 23:59,Out of Range
,Tuesday: CLOSED - CLOSED,goldenbearsandw_heavenlymarketi_ue,Tuesday: 00:00 - 23:59,Out of Range
,Wednesday: CLOSED - CLOSED,goldenbearsandw_heavenlymarketi_ue,Wednesday: 00:00 - 23:59,Out of Range
,Thursday: CLOSED - CLOSED,goldenbearsandw_heavenlymarketi_ue,Thursday: 00:00 - 23:59,Out of Range
,Friday: CLOSED - CLOSED,goldenbearsandw_heavenlymarketi_ue,Friday: 00:00 - 23:59,Out of Range
,Saturday: CLOSED - CLOSED,goldenbearsandw_heavenlymarketi_ue,Saturday: 00:00 - 23:59,Out of Range
,Sunday: CLOSED - CLOSED,goldenbearsandw_heavenlymarketi_ue,Sunday: 00:00 - 23:59,Out of Range
,Monday: CLOSED - CLOSED,halalgyrolab_heavenlymarketi_ue,Monday: 00:00 - 23:59,Out of Range
,Tuesday: CLOSED - CLOSED,halalgyrolab_heavenlymarketi_ue,Tuesday: 00:00 - 23:59,Out of Range
,Wednesday: CLOSED - CLOSED,halalgyrolab_heavenlymarketi_ue,Wednesday: 00:00 - 23:59,Out of Range
,Thursday: CLOSED - CLOSED,halalgyrolab_heavenlymarketi_ue,Thursday: 00:00 - 23:59,Out of Range
,Friday: CLOSED - CLOSED,halalgyrolab_heavenlymarketi_ue,Friday: 00:00 - 23:59,Out of Range
,Saturday: CLOSED - CLOSED,halalgyrolab_heavenlymarketi_ue,Saturday: 00:00 - 23:59,Out of Range
,Sunday: CLOSED - CLOSED,halalgyrolab_heavenlymarketi_ue,Sunday: 00:00 - 23:59,Out of Range
,Monday: CLOSED - CLOSED,healthysaladbar_heavenlymarketi_ue,Monday: 00:00 - 23:59,Out of Range
,Tuesday: CLOSED - CLOSED,healthysaladbar_heavenlymarketi_ue,Tuesday: 00:00 - 23:59,Out of Range
,Wednesday: CLOSED - CLOSED,healthysaladbar_heavenlymarketi_ue,Wednesday: 00:00 - 23:59,Out of Range
,Thursday: CLOSED - CLOSED,healthysaladbar_heavenlymarketi_ue,Thursday: 00:00 - 23:59,Out of Range
,Friday: CLOSED - CLOSED,healthysaladbar_heavenlymarketi_ue,Friday: 00:00 - 23:59,Out of Range
,Saturday: CLOSED - CLOSED,healthysaladbar_heavenlymarketi_ue,Saturday: 00:00 - 23:59,Out of Range
,Sunday: CLOSED - CLOSED,healthysaladbar_heavenlymarketi_ue,Sunday: 00:00 - 23:59,Out of Range
,Monday: CLOSED - CLOSED,herosandwichsho_heavenlymarketi_ue,Monday: 00:00 - 23:59,Out of Range
,Tuesday: CLOSED - CLOSED,herosandwichsho_heavenlymarketi_ue,Tuesday: 00:00 - 23:59,Out of Range
,Wednesday: CLOSED - CLOSED,herosandwichsho_heavenlymarketi_ue,Wednesday: 00:00 - 23:59,Out of Range
,Thursday: CLOSED - CLOSED,herosandwichsho_heavenlymarketi_ue,Thursday: 00:00 - 23:59,Out of Range
,Friday: CLOSED - CLOSED,herosandwichsho_heavenlymarketi_ue,Friday: 00:00 - 23:59,Out of Range
,Saturday: CLOSED - CLOSED,herosandwichsho_heavenlymarketi_ue,Saturday: 00:00 - 23:59,Out of Range
,Sunday: CLOSED - CLOSED,herosandwichsho_heavenlymarketi_ue,Sunday: 00:00 - 23:59,Out of Range
,Monday: CLOSED - CLOSED,janesjuicebar_heavenlymarketi_ue,Monday: 00:00 - 23:59,Out of Range
,Tuesday: CLOSED - CLOSED,janesjuicebar_heavenlymarketi_ue,Tuesday: 00:00 - 23:59,Out of Range
,Wednesday: CLOSED - CLOSED,janesjuicebar_heavenlymarketi_ue,Wednesday: 00:00 - 23:59,Out of Range
,Thursday: CLOSED - CLOSED,janesjuicebar_heavenlymarketi_ue,Thursday: 00:00 - 23:59,Out of Range
,Friday: CLOSED - CLOSED,janesjuicebar_heavenlymarketi_ue,Friday: 00:00 - 23:59,Out of Range
,Saturday: CLOSED - CLOSED,janesjuicebar_heavenlymarketi_ue,Saturday: 00:00 - 23:59,Out of Range
,Sunday: CLOSED - CLOSED,janesjuicebar_heavenlymarketi_ue,Sunday: 00:00 - 23:59,Out of Range
,Monday: CLOSED - CLOSED,palmtreejuiceba_heavenlymarketi_ue,Monday: 00:00 - 23:59,Out of Range
,Tuesday: CLOSED - CLOSED,palmtreejuiceba_heavenlymarketi_ue,Tuesday: 00:00 - 23:59,Out of Range
,Wednesday: CLOSED - CLOSED,palmtreejuiceba_heavenlymarketi_ue,Wednesday: 00:00 - 23:59,Out of Range
,Thursday: CLOSED - CLOSED,palmtreejuiceba_heavenlymarketi_ue,Thursday: 00:00 - 23:59,Out of Range
,Friday: CLOSED - CLOSED,palmtreejuiceba_heavenlymarketi_ue,Friday: 00:00 - 23:59,Out of Range
,Saturday: CLOSED - CLOSED,palmtreejuiceba_heavenlymarketi_ue,Saturday: 00:00 - 23:59,Out of Range
,Sunday: CLOSED - CLOSED,palmtreejuiceba_heavenlymarketi_ue,Sunday: 00:00 - 23:59,Out of Range
,Monday: CLOSED - CLOSED,patriciaspanini_heavenlymarketi_ue,Monday: 00:00 - 23:59,Out of Range
,Tuesday: CLOSED - CLOSED,patriciaspanini_heavenlymarketi_ue,Tuesday: 00:00 - 23:59,Out of Range
,Wednesday: CLOSED - CLOSED,patriciaspanini_heavenlymarketi_ue,Wednesday: 00:00 - 23:59,Out of Range
,Thursday: CLOSED - CLOSED,patriciaspanini_heavenlymarketi_ue,Thursday: 00:00 - 23:59,Out of Range
,Friday: CLOSED - CLOSED,patriciaspanini_heavenlymarketi_ue,Friday: 00:00 - 23:59,Out of Range
,Saturday: CLOSED - CLOSED,patriciaspanini_heavenlymarketi_ue,Saturday: 00:00 - 23:59,Out of Range
,Sunday: CLOSED - CLOSED,patriciaspanini_heavenlymarketi_ue,Sunday: 00:00 - 23:59,Out of Range
,Monday: CLOSED - CLOSED,pennyspancakes_heavenlymarketi_ue,Monday: 00:00 - 23:59,Out of Range
,Tuesday: CLOSED - CLOSED,pennyspancakes_heavenlymarketi_ue,Tuesday: 00:00 - 23:59,Out of Range
,Wednesday: CLOSED - CLOSED,pennyspancakes_heavenlymarketi_ue,Wednesday: 00:00 - 23:59,Out of Range
,Thursday: CLOSED - CLOSED,pennyspancakes_heavenlymarketi_ue,Thursday: 00:00 - 23:59,Out of Range
,Friday: CLOSED - CLOSED,pennyspancakes_heavenlymarketi_ue,Friday: 00:00 - 23:59,Out of Range
,Saturday: CLOSED - CLOSED,pennyspancakes_heavenlymarketi_ue,Saturday: 00:00 - 23:59,Out of Range
,Sunday: CLOSED - CLOSED,pennyspancakes_heavenlymarketi_ue,Sunday: 00:00 - 23:59,Out of Range
,Monday: CLOSED - CLOSED,phillycheeseste_heavenlymarketi_ue,Monday: 00:00 - 23:59,Out of Range
,Tuesday: CLOSED - CLOSED,phillycheeseste_heavenlymarketi_ue,Tuesday: 00:00 - 23:59,Out of Range
,Wednesday: CLOSED - CLOSED,phillycheeseste_heavenlymarketi_ue,Wednesday: 00:00 - 23:59,Out of Range
,Thursday: CLOSED - CLOSED,phillycheeseste_heavenlymarketi_ue,Thursday: 00:00 - 23:59,Out of Range
,Friday: CLOSED - CLOSED,phillycheeseste_heavenlymarketi_ue,Friday: 00:00 - 23:59,Out of Range
,Saturday: CLOSED - CLOSED,phillycheeseste_heavenlymarketi_ue,Saturday: 00:00 - 23:59,Out of Range
,Sunday: CLOSED - CLOSED,phillycheeseste_heavenlymarketi_ue,Sunday: 00:00 - 23:59,Out of Range
,Monday: CLOSED - CLOSED,scottysbagelexp_heavenlymarketi_ue,Monday: 00:00 - 23:59,Out of Range
,Tuesday: CLOSED - CLOSED,scottysbagelexp_heavenlymarketi_ue,Tuesday: 00:00 - 23:59,Out of Range
,Wednesday: CLOSED - CLOSED,scottysbagelexp_heavenlymarketi_ue,Wednesday: 00:00 - 23:59,Out of Range
,Thursday: CLOSED - CLOSED,scottysbagelexp_heavenlymarketi_ue,Thursday: 00:00 - 23:59,Out of Range
,Friday: CLOSED - CLOSED,scottysbagelexp_heavenlymarketi_ue,Friday: 00:00 - 23:59,Out of Range
,Saturday: CLOSED - CLOSED,scottysbagelexp_heavenlymarketi_ue,Saturday: 00:00 - 23:59,Out of Range
,Sunday: CLOSED - CLOSED,scottysbagelexp_heavenlymarketi_ue,Sunday: 00:00 - 23:59,Out of Range
,Monday: CLOSED - CLOSED,thefrenchfriesg_heavenlymarketi_ue,Monday: 00:00 - 23:59,Out of Range
,Tuesday: CLOSED - CLOSED,thefrenchfriesg_heavenlymarketi_ue,Tuesday: 00:00 - 23:59,Out of Range
,Wednesday: CLOSED - CLOSED,thefrenchfriesg_heavenlymarketi_ue,Wednesday: 00:00 - 23:59,Out of Range
,Thursday: CLOSED - CLOSED,thefrenchfriesg_heavenlymarketi_ue,Thursday: 00:00 - 23:59,Out of Range
,Friday: CLOSED - CLOSED,thefrenchfriesg_heavenlymarketi_ue,Friday: 00:00 - 23:59,Out of Range
,Saturday: CLOSED - CLOSED,thefrenchfriesg_heavenlymarketi_ue,Saturday: 00:00 - 23:59,Out of Range
,Sunday: CLOSED - CLOSED,thefrenchfriesg_heavenlymarketi_ue,Sunday: 00:00 - 23:59,Out of Range
,Monday: CLOSED - CLOSED,theministerwrap_heavenlymarketi_ue,Monday: 00:00 - 23:59,Out of Range
,Tuesday: CLOSED - CLOSED,theministerwrap_heavenlymarketi_ue,Tuesday: 00:00 - 23:59,Out of Range
,Wednesday: CLOSED - CLOSED,theministerwrap_heavenlymarketi_ue,Wednesday: 00:00 - 23:59,Out of Range
,Thursday: CLOSED - CLOSED,theministerwrap_heavenlymarketi_ue,Thursday: 00:00 - 23:59,Out of Range
,Friday: CLOSED - CLOSED,theministerwrap_heavenlymarketi_ue,Friday: 00:00 - 23:59,Out of Range
,Saturday: CLOSED - CLOSED,theministerwrap_heavenlymarketi_ue,Saturday: 00:00 - 23:59,Out of Range
,Sunday: CLOSED - CLOSED,theministerwrap_heavenlymarketi_ue,Sunday: 00:00 - 23:59,Out of Range
,Monday: CLOSED - CLOSED,twohandburger_heavenlymarketi_ue,Monday: 00:00 - 23:59,Out of Range
,Tuesday: CLOSED - CLOSED,twohandburger_heavenlymarketi_ue,Tuesday: 00:00 - 23:59,Out of Range
,Wednesday: CLOSED - CLOSED,twohandburger_heavenlymarketi_ue,Wednesday: 00:00 - 23:59,Out of Range
,Thursday: CLOSED - CLOSED,twohandburger_heavenlymarketi_ue,Thursday: 00:00 - 23:59,Out of Range
,Friday: CLOSED - CLOSED,twohandburger_heavenlymarketi_ue,Friday: 00:00 - 23:59,Out of Range
,Saturday: CLOSED - CLOSED,twohandburger_heavenlymarketi_ue,Saturday: 00:00 - 23:59,Out of Range
,Sunday: CLOSED - CLOSED,twohandburger_heavenlymarketi_ue,Sunday: 00:00 - 23:59,Out of Range
,Monday: CLOSED - CLOSED,alyssasdessertb_lemontreegourme_ue,Monday: 00:00 - 23:59,Out of Range
,Tuesday: CLOSED - CLOSED,alyssasdessertb_lemontreegourme_ue,Tuesday: 00:00 - 23:59,Out of Range
,Wednesday: CLOSED - CLOSED,alyssasdessertb_lemontreegourme_ue,Wednesday: 00:00 - 23:59,Out of Range
,Thursday: CLOSED - CLOSED,alyssasdessertb_lemontreegourme_ue,Thursday: 00:00 - 23:59,Out of Range
,Friday: CLOSED - CLOSED,alyssasdessertb_lemontreegourme_ue,Friday: 00:00 - 23:59,Out of Range
,Saturday: CLOSED - CLOSED,alyssasdessertb_lemontreegourme_ue,Saturday: 00:00 - 23:59,Out of Range
,Sunday: CLOSED - CLOSED,alyssasdessertb_lemontreegourme_ue,Sunday: 00:00 - 23:59,Out of Range
,Monday: CLOSED - CLOSED,bageldynasty_lemontreegourme_ue,Monday: 00:00 - 23:59,Out of Range
,Tuesday: CLOSED - CLOSED,bageldynasty_lemontreegourme_ue,Tuesday: 00:00 - 23:59,Out of Range
,Wednesday: CLOSED - CLOSED,bageldynasty_lemontreegourme_ue,Wednesday: 00:00 - 23:59,Out of Range
,Thursday: CLOSED - CLOSED,bageldynasty_lemontreegourme_ue,Thursday: 00:00 - 23:59,Out of Range
,Friday: CLOSED - CLOSED,bageldynasty_lemontreegourme_ue,Friday: 00:00 - 23:59,Out of Range
,Saturday: CLOSED - CLOSED,bageldynasty_lemontreegourme_ue,Saturday: 00:00 - 23:59,Out of Range
,Sunday: CLOSED - CLOSED,bageldynasty_lemontreegourme_ue,Sunday: 00:00 - 23:59,Out of Range
,Monday: CLOSED - CLOSED,bigbellypaninis_lemontreegourme_ue,Monday: 00:00 - 23:59,Out of Range
,Tuesday: CLOSED - CLOSED,bigbellypaninis_lemontreegourme_ue,Tuesday: 00:00 - 23:59,Out of Range
,Wednesday: CLOSED - CLOSED,bigbellypaninis_lemontreegourme_ue,Wednesday: 00:00 - 23:59,Out of Range
,Thursday: CLOSED - CLOSED,bigbellypaninis_lemontreegourme_ue,Thursday: 00:00 - 23:59,Out of Range
,Friday: CLOSED - CLOSED,bigbellypaninis_lemontreegourme_ue,Friday: 00:00 - 23:59,Out of Range
,Saturday: CLOSED - CLOSED,bigbellypaninis_lemontreegourme_ue,Saturday: 00:00 - 23:59,Out of Range
,Sunday: CLOSED - CLOSED,bigbellypaninis_lemontreegourme_ue,Sunday: 00:00 - 23:59,Out of Range
,Monday: CLOSED - CLOSED,bigeswraps_lemontreegourme_ue,Monday: 00:00 - 23:59,Out of Range
,Tuesday: CLOSED - CLOSED,bigeswraps_lemontreegourme_ue,Tuesday: 00:00 - 23:59,Out of Range
,Wednesday: CLOSED - CLOSED,bigeswraps_lemontreegourme_ue,Wednesday: 00:00 - 23:59,Out of Range
,Thursday: CLOSED - CLOSED,bigeswraps_lemontreegourme_ue,Thursday: 00:00 - 23:59,Out of Range
,Friday: CLOSED - CLOSED,bigeswraps_lemontreegourme_ue,Friday: 00:00 - 23:59,Out of Range
,Saturday: CLOSED - CLOSED,bigeswraps_lemontreegourme_ue,Saturday: 00:00 - 23:59,Out of Range
,Sunday: CLOSED - CLOSED,bigeswraps_lemontreegourme_ue,Sunday: 00:00 - 23:59,Out of Range
,Monday: CLOSED - CLOSED,bigeasesmoothie_lemontreegourme_ue,Monday: 00:00 - 23:59,Out of Range
,Tuesday: CLOSED - CLOSED,bigeasesmoothie_lemontreegourme_ue,Tuesday: 00:00 - 23:59,Out of Range
,Wednesday: CLOSED - CLOSED,bigeasesmoothie_lemontreegourme_ue,Wednesday: 00:00 - 23:59,Out of Range
,Thursday: CLOSED - CLOSED,bigeasesmoothie_lemontreegourme_ue,Thursday: 00:00 - 23:59,Out of Range
,Friday: CLOSED - CLOSED,bigeasesmoothie_lemontreegourme_ue,Friday: 00:00 - 23:59,Out of Range
,Saturday: CLOSED - CLOSED,bigeasesmoothie_lemontreegourme_ue,Saturday: 00:00 - 23:59,Out of Range
,Sunday: CLOSED - CLOSED,bigeasesmoothie_lemontreegourme_ue,Sunday: 00:00 - 23:59,Out of Range
,Monday: CLOSED - CLOSED,espressocoffeee_lemontreegourme_ue,Monday: 00:00 - 23:59,Out of Range
,Tuesday: CLOSED - CLOSED,espressocoffeee_lemontreegourme_ue,Tuesday: 00:00 - 23:59,Out of Range
,Wednesday: CLOSED - CLOSED,espressocoffeee_lemontreegourme_ue,Wednesday: 00:00 - 23:59,Out of Range
,Thursday: CLOSED - CLOSED,espressocoffeee_lemontreegourme_ue,Thursday: 00:00 - 23:59,Out of Range
,Friday: CLOSED - CLOSED,espressocoffeee_lemontreegourme_ue,Friday: 00:00 - 23:59,Out of Range
,Saturday: CLOSED - CLOSED,espressocoffeee_lemontreegourme_ue,Saturday: 00:00 - 23:59,Out of Range
,Sunday: CLOSED - CLOSED,espressocoffeee_lemontreegourme_ue,Sunday: 00:00 - 23:59,Out of Range
,Monday: CLOSED - CLOSED,firstlightbreak_lemontreegourme_ue,Monday: 00:00 - 23:59,Out of Range
,Tuesday: CLOSED - CLOSED,firstlightbreak_lemontreegourme_ue,Tuesday: 00:00 - 23:59,Out of Range
,Wednesday: CLOSED - CLOSED,firstlightbreak_lemontreegourme_ue,Wednesday: 00:00 - 23:59,Out of Range
,Thursday: CLOSED - CLOSED,firstlightbreak_lemontreegourme_ue,Thursday: 00:00 - 23:59,Out of Range
,Friday: CLOSED - CLOSED,firstlightbreak_lemontreegourme_ue,Friday: 00:00 - 23:59,Out of Range
,Saturday: CLOSED - CLOSED,firstlightbreak_lemontreegourme_ue,Saturday: 00:00 - 23:59,Out of Range
,Sunday: CLOSED - CLOSED,firstlightbreak_lemontreegourme_ue,Sunday: 00:00 - 23:59,Out of Range
,Monday: CLOSED - CLOSED,homerunpaninis_lemontreegourme_ue,Monday: 00:00 - 23:59,Out of Range
,Tuesday: CLOSED - CLOSED,homerunpaninis_lemontreegourme_ue,Tuesday: 00:00 - 23:59,Out of Range
,Wednesday: CLOSED - CLOSED,homerunpaninis_lemontreegourme_ue,Wednesday: 00:00 - 23:59,Out of Range
,Thursday: CLOSED - CLOSED,homerunpaninis_lemontreegourme_ue,Thursday: 00:00 - 23:59,Out of Range
,Friday: CLOSED - CLOSED,homerunpaninis_lemontreegourme_ue,Friday: 00:00 - 23:59,Out of Range
,Saturday: CLOSED - CLOSED,homerunpaninis_lemontreegourme_ue,Saturday: 00:00 - 23:59,Out of Range
,Sunday: CLOSED - CLOSED,homerunpaninis_lemontreegourme_ue,Sunday: 00:00 - 23:59,Out of Range
,Monday: CLOSED - CLOSED,hydesgrilledche_lemontreegourme_ue,Monday: 00:00 - 23:59,Out of Range
,Tuesday: CLOSED - CLOSED,hydesgrilledche_lemontreegourme_ue,Tuesday: 00:00 - 23:59,Out of Range
,Wednesday: CLOSED - CLOSED,hydesgrilledche_lemontreegourme_ue,Wednesday: 00:00 - 23:59,Out of Range
,Thursday: CLOSED - CLOSED,hydesgrilledche_lemontreegourme_ue,Thursday: 00:00 - 23:59,Out of Range
,Friday: CLOSED - CLOSED,hydesgrilledche_lemontreegourme_ue,Friday: 00:00 - 23:59,Out of Range
,Saturday: CLOSED - CLOSED,hydesgrilledche_lemontreegourme_ue,Saturday: 00:00 - 23:59,Out of Range
,Sunday: CLOSED - CLOSED,hydesgrilledche_lemontreegourme_ue,Sunday: 00:00 - 23:59,Out of Range
,Monday: CLOSED - CLOSED,lucaschickenwin_lemontreegourme_ue,Monday: 00:00 - 23:59,Out of Range
,Tuesday: CLOSED - CLOSED,lucaschickenwin_lemontreegourme_ue,Tuesday: 00:00 - 23:59,Out of Range
,Wednesday: CLOSED - CLOSED,lucaschickenwin_lemontreegourme_ue,Wednesday: 00:00 - 23:59,Out of Range
,Thursday: CLOSED - CLOSED,lucaschickenwin_lemontreegourme_ue,Thursday: 00:00 - 23:59,Out of Range
,Friday: CLOSED - CLOSED,lucaschickenwin_lemontreegourme_ue,Friday: 00:00 - 23:59,Out of Range
,Saturday: CLOSED - CLOSED,lucaschickenwin_lemontreegourme_ue,Saturday: 00:00 - 23:59,Out of Range
,Sunday: CLOSED - CLOSED,lucaschickenwin_lemontreegourme_ue,Sunday: 00:00 - 23:59,Out of Range
,Monday: CLOSED - CLOSED,marysomeletteba_lemontreegourme_ue,Monday: 00:00 - 23:59,Out of Range
,Tuesday: CLOSED - CLOSED,marysomeletteba_lemontreegourme_ue,Tuesday: 00:00 - 23:59,Out of Range
,Wednesday: CLOSED - CLOSED,marysomeletteba_lemontreegourme_ue,Wednesday: 00:00 - 23:59,Out of Range
,Thursday: CLOSED - CLOSED,marysomeletteba_lemontreegourme_ue,Thursday: 00:00 - 23:59,Out of Range
,Friday: CLOSED - CLOSED,marysomeletteba_lemontreegourme_ue,Friday: 00:00 - 23:59,Out of Range
,Saturday: CLOSED - CLOSED,marysomeletteba_lemontreegourme_ue,Saturday: 00:00 - 23:59,Out of Range
,Sunday: CLOSED - CLOSED,marysomeletteba_lemontreegourme_ue,Sunday: 00:00 - 23:59,Out of Range
,Monday: CLOSED - CLOSED,planetearthsala_lemontreegourme_ue,Monday: 00:00 - 23:59,Out of Range
,Tuesday: CLOSED - CLOSED,planetearthsala_lemontreegourme_ue,Tuesday: 00:00 - 23:59,Out of Range
,Wednesday: CLOSED - CLOSED,planetearthsala_lemontreegourme_ue,Wednesday: 00:00 - 23:59,Out of Range
,Thursday: CLOSED - CLOSED,planetearthsala_lemontreegourme_ue,Thursday: 00:00 - 23:59,Out of Range
,Friday: CLOSED - CLOSED,planetearthsala_lemontreegourme_ue,Friday: 00:00 - 23:59,Out of Range
,Saturday: CLOSED - CLOSED,planetearthsala_lemontreegourme_ue,Saturday: 00:00 - 23:59,Out of Range
,Sunday: CLOSED - CLOSED,planetearthsala_lemontreegourme_ue,Sunday: 00:00 - 23:59,Out of Range
,Monday: CLOSED - CLOSED,sandwichonfleek_lemontreegourme_ue,Monday: 00:00 - 23:59,Out of Range
,Tuesday: CLOSED - CLOSED,sandwichonfleek_lemontreegourme_ue,Tuesday: 00:00 - 23:59,Out of Range
,Wednesday: CLOSED - CLOSED,sandwichonfleek_lemontreegourme_ue,Wednesday: 00:00 - 23:59,Out of Range
,Thursday: CLOSED - CLOSED,sandwichonfleek_lemontreegourme_ue,Thursday: 00:00 - 23:59,Out of Range
,Friday: CLOSED - CLOSED,sandwichonfleek_lemontreegourme_ue,Friday: 00:00 - 23:59,Out of Range
,Saturday: CLOSED - CLOSED,sandwichonfleek_lemontreegourme_ue,Saturday: 00:00 - 23:59,Out of Range
,Sunday: CLOSED - CLOSED,sandwichonfleek_lemontreegourme_ue,Sunday: 00:00 - 23:59,Out of Range
,Monday: CLOSED - CLOSED,suzannessubsand_lemontreegourme_ue,Monday: 00:00 - 23:59,Out of Range
,Tuesday: CLOSED - CLOSED,suzannessubsand_lemontreegourme_ue,Tuesday: 00:00 - 23:59,Out of Range
,Wednesday: CLOSED - CLOSED,suzannessubsand_lemontreegourme_ue,Wednesday: 00:00 - 23:59,Out of Range
,Thursday: CLOSED - CLOSED,suzannessubsand_lemontreegourme_ue,Thursday: 00:00 - 23:59,Out of Range
,Friday: CLOSED - CLOSED,suzannessubsand_lemontreegourme_ue,Friday: 00:00 - 23:59,Out of Range
,Saturday: CLOSED - CLOSED,suzannessubsand_lemontreegourme_ue,Saturday: 00:00 - 23:59,Out of Range
,Sunday: CLOSED - CLOSED,suzannessubsand_lemontreegourme_ue,Sunday: 00:00 - 23:59,Out of Range
,Monday: CLOSED - CLOSED,tanyasvegetaria_lemontreegourme_ue,Monday: 00:00 - 23:59,Out of Range
,Tuesday: CLOSED - CLOSED,tanyasvegetaria_lemontreegourme_ue,Tuesday: 00:00 - 23:59,Out of Range
,Wednesday: CLOSED - CLOSED,tanyasvegetaria_lemontreegourme_ue,Wednesday: 00:00 - 23:59,Out of Range
,Thursday: CLOSED - CLOSED,tanyasvegetaria_lemontreegourme_ue,Thursday: 00:00 - 23:59,Out of Range
,Friday: CLOSED - CLOSED,tanyasvegetaria_lemontreegourme_ue,Friday: 00:00 - 23:59,Out of Range
,Saturday: CLOSED - CLOSED,tanyasvegetaria_lemontreegourme_ue,Saturday: 00:00 - 23:59,Out of Range
,Sunday: CLOSED - CLOSED,tanyasvegetaria_lemontreegourme_ue,Sunday: 00:00 - 23:59,Out of Range
,Monday: CLOSED - CLOSED,theburgerstack_lemontreegourme_ue,Monday: 00:00 - 23:59,Out of Range
,Tuesday: CLOSED - CLOSED,theburgerstack_lemontreegourme_ue,Tuesday: 00:00 - 23:59,Out of Range
,Wednesday: CLOSED - CLOSED,theburgerstack_lemontreegourme_ue,Wednesday: 00:00 - 23:59,Out of Range
,Thursday: CLOSED - CLOSED,theburgerstack_lemontreegourme_ue,Thursday: 00:00 - 23:59,Out of Range
,Friday: CLOSED - CLOSED,theburgerstack_lemontreegourme_ue,Friday: 00:00 - 23:59,Out of Range
,Saturday: CLOSED - CLOSED,theburgerstack_lemontreegourme_ue,Saturday: 00:00 - 23:59,Out of Range
,Sunday: CLOSED - CLOSED,theburgerstack_lemontreegourme_ue,Sunday: 00:00 - 23:59,Out of Range
,Monday: CLOSED - CLOSED,themontageveget_lemontreegourme_ue,Monday: 00:00 - 23:59,Out of Range
,Tuesday: CLOSED - CLOSED,themontageveget_lemontreegourme_ue,Tuesday: 00:00 - 23:59,Out of Range
,Wednesday: CLOSED - CLOSED,themontageveget_lemontreegourme_ue,Wednesday: 00:00 - 23:59,Out of Range
,Thursday: CLOSED - CLOSED,themontageveget_lemontreegourme_ue,Thursday: 00:00 - 23:59,Out of Range
,Friday: CLOSED - CLOSED,themontageveget_lemontreegourme_ue,Friday: 00:00 - 23:59,Out of Range
,Saturday: CLOSED - CLOSED,themontageveget_lemontreegourme_ue,Saturday: 00:00 - 23:59,Out of Range
,Sunday: CLOSED - CLOSED,themontageveget_lemontreegourme_ue,Sunday: 00:00 - 23:59,Out of Range
,Monday: CLOSED - CLOSED,thepancakehero_lemontreegourme_ue,Monday: 00:00 - 23:59,Out of Range
,Tuesday: CLOSED - CLOSED,thepancakehero_lemontreegourme_ue,Tuesday: 00:00 - 23:59,Out of Range
,Wednesday: CLOSED - CLOSED,thepancakehero_lemontreegourme_ue,Wednesday: 00:00 - 23:59,Out of Range
,Thursday: CLOSED - CLOSED,thepancakehero_lemontreegourme_ue,Thursday: 00:00 - 23:59,Out of Range
,Friday: CLOSED - CLOSED,thepancakehero_lemontreegourme_ue,Friday: 00:00 - 23:59,Out of Range
,Saturday: CLOSED - CLOSED,thepancakehero_lemontreegourme_ue,Saturday: 00:00 - 23:59,Out of Range
,Sunday: CLOSED - CLOSED,thepancakehero_lemontreegourme_ue,Sunday: 00:00 - 23:59,Out of Range
,Monday: CLOSED - CLOSED,thesmoothiesque_lemontreegourme_ue,Monday: 00:00 - 23:59,Out of Range
,Tuesday: CLOSED - CLOSED,thesmoothiesque_lemontreegourme_ue,Tuesday: 00:00 - 23:59,Out of Range
,Wednesday: CLOSED - CLOSED,thesmoothiesque_lemontreegourme_ue,Wednesday: 00:00 - 23:59,Out of Range
,Thursday: CLOSED - CLOSED,thesmoothiesque_lemontreegourme_ue,Thursday: 00:00 - 23:59,Out of Range
,Friday: CLOSED - CLOSED,thesmoothiesque_lemontreegourme_ue,Friday: 00:00 - 23:59,Out of Range
,Saturday: CLOSED - CLOSED,thesmoothiesque_lemontreegourme_ue,Saturday: 00:00 - 23:59,Out of Range
,Sunday: CLOSED - CLOSED,thesmoothiesque_lemontreegourme_ue,Sunday: 00:00 - 23:59,Out of Range
,Monday: CLOSED - CLOSED,topnotchsandwic_lemontreegourme_ue,Monday: 00:00 - 23:59,Out of Range
,Tuesday: CLOSED - CLOSED,topnotchsandwic_lemontreegourme_ue,Tuesday: 00:00 - 23:59,Out of Range
,Wednesday: CLOSED - CLOSED,topnotchsandwic_lemontreegourme_ue,Wednesday: 00:00 - 23:59,Out of Range
,Thursday: CLOSED - CLOSED,topnotchsandwic_lemontreegourme_ue,Thursday: 00:00 - 23:59,Out of Range
,Friday: CLOSED - CLOSED,topnotchsandwic_lemontreegourme_ue,Friday: 00:00 - 23:59,Out of Range
,Saturday: CLOSED - CLOSED,topnotchsandwic_lemontreegourme_ue,Saturday: 00:00 - 23:59,Out of Range
,Sunday: CLOSED - CLOSED,topnotchsandwic_lemontreegourme_ue,Sunday: 00:00 - 23:59,Out of Range
,Monday: CLOSED - CLOSED,villagequesadil_lemontreegourme_ue,Monday: 00:00 - 23:59,Out of Range
,Tuesday: CLOSED - CLOSED,villagequesadil_lemontreegourme_ue,Tuesday: 00:00 - 23:59,Out of Range
,Wednesday: CLOSED - CLOSED,villagequesadil_lemontreegourme_ue,Wednesday: 00:00 - 23:59,Out of Range
,Thursday: CLOSED - CLOSED,villagequesadil_lemontreegourme_ue,Thursday: 00:00 - 23:59,Out of Range
,Friday: CLOSED - CLOSED,villagequesadil_lemontreegourme_ue,Friday: 00:00 - 23:59,Out of Range
,Saturday: CLOSED - CLOSED,villagequesadil_lemontreegourme_ue,Saturday: 00:00 - 23:59,Out of Range
,Sunday: CLOSED - CLOSED,villagequesadil_lemontreegourme_ue,Sunday: 00:00 - 23:59,Out of Range
,Monday: CLOSED - CLOSED,wrapsoncrack_lemontreegourme_ue,Monday: 06:00 - 00:00,Out of Range
,Tuesday: CLOSED - CLOSED,wrapsoncrack_lemontreegourme_ue,Tuesday: 06:00 - 00:00,Out of Range
,Wednesday: CLOSED - CLOSED,wrapsoncrack_lemontreegourme_ue,Wednesday: 06:00 - 00:00,Out of Range
,Thursday: CLOSED - CLOSED,wrapsoncrack_lemontreegourme_ue,Thursday: 06:00 - 00:00,Out of Range
,Friday: CLOSED - CLOSED,wrapsoncrack_lemontreegourme_ue,Friday: 06:00 - 00:00,Out of Range
,Saturday: CLOSED - CLOSED,wrapsoncrack_lemontreegourme_ue,Saturday: 06:00 - 00:00,Out of Range
,Sunday: CLOSED - CLOSED,wrapsoncrack_lemontreegourme_ue,Sunday: 06:00 - 00:00,Out of Range
,Monday: CLOSED - CLOSED,bosscatbreakfas_lincolngourmetd_ue,Monday: 00:00 - 23:59,Out of Range
,Tuesday: CLOSED - CLOSED,bosscatbreakfas_lincolngourmetd_ue,Tuesday: 00:00 - 23:59,Out of Range
,Wednesday: CLOSED - CLOSED,bosscatbreakfas_lincolngourmetd_ue,Wednesday: 00:00 - 23:59,Out of Range
,Thursday: CLOSED - CLOSED,bosscatbreakfas_lincolngourmetd_ue,Thursday: 00:00 - 23:59,Out of Range
,Friday: CLOSED - CLOSED,bosscatbreakfas_lincolngourmetd_ue,Friday: 00:00 - 23:59,Out of Range
,Saturday: CLOSED - CLOSED,bosscatbreakfas_lincolngourmetd_ue,Saturday: 00:00 - 23:59,Out of Range
,Sunday: CLOSED - CLOSED,bosscatbreakfas_lincolngourmetd_ue,Sunday: 00:00 - 23:59,Out of Range
,Monday: CLOSED - CLOSED,gourmetomelette_lincolngourmetd_ue,Monday: 00:00 - 23:59,Out of Range
,Tuesday: CLOSED - CLOSED,gourmetomelette_lincolngourmetd_ue,Tuesday: 00:00 - 23:59,Out of Range
,Wednesday: CLOSED - CLOSED,gourmetomelette_lincolngourmetd_ue,Wednesday: 00:00 - 23:59,Out of Range
,Thursday: CLOSED - CLOSED,gourmetomelette_lincolngourmetd_ue,Thursday: 00:00 - 23:59,Out of Range
,Friday: CLOSED - CLOSED,gourmetomelette_lincolngourmetd_ue,Friday: 00:00 - 23:59,Out of Range
,Saturday: CLOSED - CLOSED,gourmetomelette_lincolngourmetd_ue,Saturday: 00:00 - 23:59,Out of Range
,Sunday: CLOSED - CLOSED,gourmetomelette_lincolngourmetd_ue,Sunday: 00:00 - 23:59,Out of Range
,Monday: CLOSED - CLOSED,grandmasbreakfa_lincolngourmetd_ue,Monday: 00:00 - 23:59,Out of Range
,Tuesday: CLOSED - CLOSED,grandmasbreakfa_lincolngourmetd_ue,Tuesday: 00:00 - 23:59,Out of Range
,Wednesday: CLOSED - CLOSED,grandmasbreakfa_lincolngourmetd_ue,Wednesday: 00:00 - 23:59,Out of Range
,Thursday: CLOSED - CLOSED,grandmasbreakfa_lincolngourmetd_ue,Thursday: 00:00 - 23:59,Out of Range
,Friday: CLOSED - CLOSED,grandmasbreakfa_lincolngourmetd_ue,Friday: 00:00 - 23:59,Out of Range
,Saturday: CLOSED - CLOSED,grandmasbreakfa_lincolngourmetd_ue,Saturday: 00:00 - 23:59,Out of Range
,Sunday: CLOSED - CLOSED,grandmasbreakfa_lincolngourmetd_ue,Sunday: 00:00 - 23:59,Out of Range
,Monday: CLOSED - CLOSED,icecreambakeryl_lincolngourmetd_ue,Monday: 00:00 - 23:59,Out of Range
,Tuesday: CLOSED - CLOSED,icecreambakeryl_lincolngourmetd_ue,Tuesday: 00:00 - 23:59,Out of Range
,Wednesday: CLOSED - CLOSED,icecreambakeryl_lincolngourmetd_ue,Wednesday: 00:00 - 23:59,Out of Range
,Thursday: CLOSED - CLOSED,icecreambakeryl_lincolngourmetd_ue,Thursday: 00:00 - 23:59,Out of Range
,Friday: CLOSED - CLOSED,icecreambakeryl_lincolngourmetd_ue,Friday: 00:00 - 23:59,Out of Range
,Saturday: CLOSED - CLOSED,icecreambakeryl_lincolngourmetd_ue,Saturday: 00:00 - 23:59,Out of Range
,Sunday: CLOSED - CLOSED,icecreambakeryl_lincolngourmetd_ue,Sunday: 00:00 - 23:59,Out of Range
,Monday: CLOSED - CLOSED,jjsphillycheese_lincolngourmetd_ue,Monday: 00:00 - 23:59,Out of Range
,Tuesday: CLOSED - CLOSED,jjsphillycheese_lincolngourmetd_ue,Tuesday: 00:00 - 23:59,Out of Range
,Wednesday: CLOSED - CLOSED,jjsphillycheese_lincolngourmetd_ue,Wednesday: 00:00 - 23:59,Out of Range
,Thursday: CLOSED - CLOSED,jjsphillycheese_lincolngourmetd_ue,Thursday: 00:00 - 23:59,Out of Range
,Friday: CLOSED - CLOSED,jjsphillycheese_lincolngourmetd_ue,Friday: 00:00 - 23:59,Out of Range
,Saturday: CLOSED - CLOSED,jjsphillycheese_lincolngourmetd_ue,Saturday: 00:00 - 23:59,Out of Range
,Sunday: CLOSED - CLOSED,jjsphillycheese_lincolngourmetd_ue,Sunday: 00:00 - 23:59,Out of Range
,Monday: CLOSED - CLOSED,mariositalianri_lincolngourmetd_ue,Monday: 00:00 - 23:59,Out of Range
,Tuesday: CLOSED - CLOSED,mariositalianri_lincolngourmetd_ue,Tuesday: 00:00 - 23:59,Out of Range
,Wednesday: CLOSED - CLOSED,mariositalianri_lincolngourmetd_ue,Wednesday: 00:00 - 23:59,Out of Range
,Thursday: CLOSED - CLOSED,mariositalianri_lincolngourmetd_ue,Thursday: 00:00 - 23:59,Out of Range
,Friday: CLOSED - CLOSED,mariositalianri_lincolngourmetd_ue,Friday: 00:00 - 23:59,Out of Range
,Saturday: CLOSED - CLOSED,mariositalianri_lincolngourmetd_ue,Saturday: 00:00 - 23:59,Out of Range
,Sunday: CLOSED - CLOSED,mariositalianri_lincolngourmetd_ue,Sunday: 00:00 - 23:59,Out of Range
,Monday: CLOSED - CLOSED,midtownquesadil_lincolngourmetd_ue,Monday: 00:00 - 23:59,Out of Range
,Tuesday: CLOSED - CLOSED,midtownquesadil_lincolngourmetd_ue,Tuesday: 00:00 - 23:59,Out of Range
,Wednesday: CLOSED - CLOSED,midtownquesadil_lincolngourmetd_ue,Wednesday: 00:00 - 23:59,Out of Range
,Thursday: CLOSED - CLOSED,midtownquesadil_lincolngourmetd_ue,Thursday: 00:00 - 23:59,Out of Range
,Friday: CLOSED - CLOSED,midtownquesadil_lincolngourmetd_ue,Friday: 00:00 - 23:59,Out of Range
,Saturday: CLOSED - CLOSED,midtownquesadil_lincolngourmetd_ue,Saturday: 00:00 - 23:59,Out of Range
,Sunday: CLOSED - CLOSED,midtownquesadil_lincolngourmetd_ue,Sunday: 00:00 - 23:59,Out of Range
,Monday: CLOSED - CLOSED,primapaninibar_lincolngourmetd_ue,Monday: 00:00 - 23:59,Out of Range
,Tuesday: CLOSED - CLOSED,primapaninibar_lincolngourmetd_ue,Tuesday: 00:00 - 23:59,Out of Range
,Wednesday: CLOSED - CLOSED,primapaninibar_lincolngourmetd_ue,Wednesday: 00:00 - 23:59,Out of Range
,Thursday: CLOSED - CLOSED,primapaninibar_lincolngourmetd_ue,Thursday: 00:00 - 23:59,Out of Range
,Friday: CLOSED - CLOSED,primapaninibar_lincolngourmetd_ue,Friday: 00:00 - 23:59,Out of Range
,Saturday: CLOSED - CLOSED,primapaninibar_lincolngourmetd_ue,Saturday: 00:00 - 23:59,Out of Range
,Sunday: CLOSED - CLOSED,primapaninibar_lincolngourmetd_ue,Sunday: 00:00 - 23:59,Out of Range
,Monday: CLOSED - CLOSED,sunsupbreakfast_lincolngourmetd_ue,Monday: 00:00 - 23:59,Out of Range
,Tuesday: CLOSED - CLOSED,sunsupbreakfast_lincolngourmetd_ue,Tuesday: 00:00 - 23:59,Out of Range
,Wednesday: CLOSED - CLOSED,sunsupbreakfast_lincolngourmetd_ue,Wednesday: 00:00 - 23:59,Out of Range
,Thursday: CLOSED - CLOSED,sunsupbreakfast_lincolngourmetd_ue,Thursday: 00:00 - 23:59,Out of Range
,Friday: CLOSED - CLOSED,sunsupbreakfast_lincolngourmetd_ue,Friday: 00:00 - 23:59,Out of Range
,Saturday: CLOSED - CLOSED,sunsupbreakfast_lincolngourmetd_ue,Saturday: 00:00 - 23:59,Out of Range
,Sunday: CLOSED - CLOSED,sunsupbreakfast_lincolngourmetd_ue,Sunday: 00:00 - 23:59,Out of Range
,Monday: CLOSED - CLOSED,theburgertrilog_lincolngourmetd_ue,Monday: 00:00 - 23:59,Out of Range
,Tuesday: CLOSED - CLOSED,theburgertrilog_lincolngourmetd_ue,Tuesday: 00:00 - 23:59,Out of Range
,Wednesday: CLOSED - CLOSED,theburgertrilog_lincolngourmetd_ue,Wednesday: 00:00 - 23:59,Out of Range
,Thursday: CLOSED - CLOSED,theburgertrilog_lincolngourmetd_ue,Thursday: 00:00 - 23:59,Out of Range
,Friday: CLOSED - CLOSED,theburgertrilog_lincolngourmetd_ue,Friday: 00:00 - 23:59,Out of Range
,Saturday: CLOSED - CLOSED,theburgertrilog_lincolngourmetd_ue,Saturday: 00:00 - 23:59,Out of Range
,Sunday: CLOSED - CLOSED,theburgertrilog_lincolngourmetd_ue,Sunday: 00:00 - 23:59,Out of Range
,Monday: CLOSED - CLOSED,thesaladgod_lincolngourmetd_ue,Monday: 00:00 - 23:59,Out of Range
,Tuesday: CLOSED - CLOSED,thesaladgod_lincolngourmetd_ue,Tuesday: 00:00 - 23:59,Out of Range
,Wednesday: CLOSED - CLOSED,thesaladgod_lincolngourmetd_ue,Wednesday: 00:00 - 23:59,Out of Range
,Thursday: CLOSED - CLOSED,thesaladgod_lincolngourmetd_ue,Thursday: 00:00 - 23:59,Out of Range
,Friday: CLOSED - CLOSED,thesaladgod_lincolngourmetd_ue,Friday: 00:00 - 23:59,Out of Range
,Saturday: CLOSED - CLOSED,thesaladgod_lincolngourmetd_ue,Saturday: 00:00 - 23:59,Out of Range
,Sunday: CLOSED - CLOSED,thesaladgod_lincolngourmetd_ue,Sunday: 00:00 - 23:59,Out of Range
,Monday: CLOSED - CLOSED,thesmoothiesava_lincolngourmetd_ue,Monday: 00:00 - 23:59,Out of Range
,Tuesday: CLOSED - CLOSED,thesmoothiesava_lincolngourmetd_ue,Tuesday: 00:00 - 23:59,Out of Range
,Wednesday: CLOSED - CLOSED,thesmoothiesava_lincolngourmetd_ue,Wednesday: 00:00 - 23:59,Out of Range
,Thursday: CLOSED - CLOSED,thesmoothiesava_lincolngourmetd_ue,Thursday: 00:00 - 23:59,Out of Range
,Friday: CLOSED - CLOSED,thesmoothiesava_lincolngourmetd_ue,Friday: 00:00 - 23:59,Out of Range
,Saturday: CLOSED - CLOSED,thesmoothiesava_lincolngourmetd_ue,Saturday: 00:00 - 23:59,Out of Range
,Sunday: CLOSED - CLOSED,thesmoothiesava_lincolngourmetd_ue,Sunday: 00:00 - 23:59,Out of Range
,Monday: CLOSED - CLOSED,torettosbreakfa_lincolngourmetd_ue,Monday: 00:00 - 23:59,Out of Range
,Tuesday: CLOSED - CLOSED,torettosbreakfa_lincolngourmetd_ue,Tuesday: 00:00 - 23:59,Out of Range
,Wednesday: CLOSED - CLOSED,torettosbreakfa_lincolngourmetd_ue,Wednesday: 00:00 - 23:59,Out of Range
,Thursday: CLOSED - CLOSED,torettosbreakfa_lincolngourmetd_ue,Thursday: 00:00 - 23:59,Out of Range
,Friday: CLOSED - CLOSED,torettosbreakfa_lincolngourmetd_ue,Friday: 00:00 - 23:59,Out of Range
,Saturday: CLOSED - CLOSED,torettosbreakfa_lincolngourmetd_ue,Saturday: 00:00 - 23:59,Out of Range
,Sunday: CLOSED - CLOSED,torettosbreakfa_lincolngourmetd_ue,Sunday: 00:00 - 23:59,Out of Range
,Monday: CLOSED - CLOSED,villagewrapssno_lincolngourmetd_ue,Monday: 00:00 - 23:59,Out of Range
,Tuesday: CLOSED - CLOSED,villagewrapssno_lincolngourmetd_ue,Tuesday: 00:00 - 23:59,Out of Range
,Wednesday: CLOSED - CLOSED,villagewrapssno_lincolngourmetd_ue,Wednesday: 00:00 - 23:59,Out of Range
,Thursday: CLOSED - CLOSED,villagewrapssno_lincolngourmetd_ue,Thursday: 00:00 - 23:59,Out of Range
,Friday: CLOSED - CLOSED,villagewrapssno_lincolngourmetd_ue,Friday: 00:00 - 23:59,Out of Range
,Saturday: CLOSED - CLOSED,villagewrapssno_lincolngourmetd_ue,Saturday: 00:00 - 23:59,Out of Range
,Sunday: CLOSED - CLOSED,villagewrapssno_lincolngourmetd_ue,Sunday: 00:00 - 23:59,Out of Range
,Monday: CLOSED - CLOSED,butterchickensn_marhabaindian_ue,Monday: 11:30 - 23:30,Out of Range
,Tuesday: CLOSED - CLOSED,butterchickensn_marhabaindian_ue,Tuesday: 11:30 - 23:30,Out of Range
,Wednesday: CLOSED - CLOSED,butterchickensn_marhabaindian_ue,Wednesday: 11:30 - 23:30,Out of Range
,Thursday: CLOSED - CLOSED,butterchickensn_marhabaindian_ue,Thursday: 11:30 - 23:30,Out of Range
,Friday: CLOSED - CLOSED,butterchickensn_marhabaindian_ue,Friday: 11:30 - 23:30,Out of Range
,Saturday: CLOSED - CLOSED,butterchickensn_marhabaindian_ue,Saturday: 11:30 - 23:30,Out of Range
,Sunday: CLOSED - CLOSED,butterchickensn_marhabaindian_ue,Sunday: 11:30 - 23:30,Out of Range
,Monday: CLOSED - CLOSED,divyasdumbiryan_marhabaindian_ue,Monday: 11:30 - 23:30,Out of Range
,Tuesday: CLOSED - CLOSED,divyasdumbiryan_marhabaindian_ue,Tuesday: 11:30 - 23:30,Out of Range
,Wednesday: CLOSED - CLOSED,divyasdumbiryan_marhabaindian_ue,Wednesday: 11:30 - 23:30,Out of Range
,Thursday: CLOSED - CLOSED,divyasdumbiryan_marhabaindian_ue,Thursday: 11:30 - 23:30,Out of Range
,Friday: CLOSED - CLOSED,divyasdumbiryan_marhabaindian_ue,Friday: 11:30 - 23:30,Out of Range
,Saturday: CLOSED - CLOSED,divyasdumbiryan_marhabaindian_ue,Saturday: 11:30 - 23:30,Out of Range
,Sunday: CLOSED - CLOSED,divyasdumbiryan_marhabaindian_ue,Sunday: 11:30 - 23:30,Out of Range
,Monday: CLOSED - CLOSED,hotwingscofillm_marhabaindian_ue,Monday: 11:30 - 23:30,Out of Range
,Tuesday: CLOSED - CLOSED,hotwingscofillm_marhabaindian_ue,Tuesday: 11:30 - 23:30,Out of Range
,Wednesday: CLOSED - CLOSED,hotwingscofillm_marhabaindian_ue,Wednesday: 11:30 - 23:30,Out of Range
,Thursday: CLOSED - CLOSED,hotwingscofillm_marhabaindian_ue,Thursday: 11:30 - 23:30,Out of Range
,Friday: CLOSED - CLOSED,hotwingscofillm_marhabaindian_ue,Friday: 11:30 - 23:30,Out of Range
,Saturday: CLOSED - CLOSED,hotwingscofillm_marhabaindian_ue,Saturday: 11:30 - 23:30,Out of Range
,Sunday: CLOSED - CLOSED,hotwingscofillm_marhabaindian_ue,Sunday: 11:30 - 23:30,Out of Range
,Monday: CLOSED - CLOSED,indianbiryanisn_marhabaindian_ue,Monday: 11:30 - 23:30,Out of Range
,Tuesday: CLOSED - CLOSED,indianbiryanisn_marhabaindian_ue,Tuesday: 11:30 - 23:30,Out of Range
,Wednesday: CLOSED - CLOSED,indianbiryanisn_marhabaindian_ue,Wednesday: 11:30 - 23:30,Out of Range
,Thursday: CLOSED - CLOSED,indianbiryanisn_marhabaindian_ue,Thursday: 11:30 - 23:30,Out of Range
,Friday: CLOSED - CLOSED,indianbiryanisn_marhabaindian_ue,Friday: 11:30 - 23:30,Out of Range
,Saturday: CLOSED - CLOSED,indianbiryanisn_marhabaindian_ue,Saturday: 11:30 - 23:30,Out of Range
,Sunday: CLOSED - CLOSED,indianbiryanisn_marhabaindian_ue,Sunday: 11:30 - 23:30,Out of Range
,Monday: CLOSED - CLOSED,nehasindianrest_marhabaindian_ue,Monday: 11:30 - 23:30,Out of Range
,Tuesday: CLOSED - CLOSED,nehasindianrest_marhabaindian_ue,Tuesday: 11:30 - 23:30,Out of Range
,Wednesday: CLOSED - CLOSED,nehasindianrest_marhabaindian_ue,Wednesday: 11:30 - 23:30,Out of Range
,Thursday: CLOSED - CLOSED,nehasindianrest_marhabaindian_ue,Thursday: 11:30 - 23:30,Out of Range
,Friday: CLOSED - CLOSED,nehasindianrest_marhabaindian_ue,Friday: 11:30 - 23:30,Out of Range
,Saturday: CLOSED - CLOSED,nehasindianrest_marhabaindian_ue,Saturday: 11:30 - 23:30,Out of Range
,Sunday: CLOSED - CLOSED,nehasindianrest_marhabaindian_ue,Sunday: 11:30 - 23:30,Out of Range
,Monday: CLOSED - CLOSED,palaceindochnes_marhabaindian_ue,Monday: 11:30 - 23:30,Out of Range
,Tuesday: CLOSED - CLOSED,palaceindochnes_marhabaindian_ue,Tuesday: 11:30 - 23:30,Out of Range
,Wednesday: CLOSED - CLOSED,palaceindochnes_marhabaindian_ue,Wednesday: 11:30 - 23:30,Out of Range
,Thursday: CLOSED - CLOSED,palaceindochnes_marhabaindian_ue,Thursday: 11:30 - 23:30,Out of Range
,Friday: CLOSED - CLOSED,palaceindochnes_marhabaindian_ue,Friday: 11:30 - 23:30,Out of Range
,Saturday: CLOSED - CLOSED,palaceindochnes_marhabaindian_ue,Saturday: 11:30 - 23:30,Out of Range
,Sunday: CLOSED - CLOSED,palaceindochnes_marhabaindian_ue,Sunday: 11:30 - 23:30,Out of Range
,Monday: CLOSED - CLOSED,sizzlintandooro_marhabaindian_ue,Monday: 11:30 - 23:30,Out of Range
,Tuesday: CLOSED - CLOSED,sizzlintandooro_marhabaindian_ue,Tuesday: 11:30 - 23:30,Out of Range
,Wednesday: CLOSED - CLOSED,sizzlintandooro_marhabaindian_ue,Wednesday: 11:30 - 23:30,Out of Range
,Thursday: CLOSED - CLOSED,sizzlintandooro_marhabaindian_ue,Thursday: 11:30 - 23:30,Out of Range
,Friday: CLOSED - CLOSED,sizzlintandooro_marhabaindian_ue,Friday: 11:30 - 23:30,Out of Range
,Saturday: CLOSED - CLOSED,sizzlintandooro_marhabaindian_ue,Saturday: 11:30 - 23:30,Out of Range
,Sunday: CLOSED - CLOSED,sizzlintandooro_marhabaindian_ue,Sunday: 11:30 - 23:30,Out of Range
,Monday: CLOSED - CLOSED,veganindianjoin_marhabaindian_ue,Monday: 11:30 - 23:30,Out of Range
,Tuesday: CLOSED - CLOSED,veganindianjoin_marhabaindian_ue,Tuesday: 11:30 - 23:30,Out of Range
,Wednesday: CLOSED - CLOSED,veganindianjoin_marhabaindian_ue,Wednesday: 11:30 - 23:30,Out of Range
,Thursday: CLOSED - CLOSED,veganindianjoin_marhabaindian_ue,Thursday: 11:30 - 23:30,Out of Range
,Friday: CLOSED - CLOSED,veganindianjoin_marhabaindian_ue,Friday: 11:30 - 23:30,Out of Range
,Saturday: CLOSED - CLOSED,veganindianjoin_marhabaindian_ue,Saturday: 11:30 - 23:30,Out of Range
,Sunday: CLOSED - CLOSED,veganindianjoin_marhabaindian_ue,Sunday: 11:30 - 23:30,Out of Range
,Monday: CLOSED - CLOSED,vegetarianvegan_marhabaindian_ue,Monday: 11:30 - 23:30,Out of Range
,Tuesday: CLOSED - CLOSED,vegetarianvegan_marhabaindian_ue,Tuesday: 11:30 - 23:30,Out of Range
,Wednesday: CLOSED - CLOSED,vegetarianvegan_marhabaindian_ue,Wednesday: 11:30 - 23:30,Out of Range
,Thursday: CLOSED - CLOSED,vegetarianvegan_marhabaindian_ue,Thursday: 11:30 - 23:30,Out of Range
,Friday: CLOSED - CLOSED,vegetarianvegan_marhabaindian_ue,Friday: 11:30 - 23:30,Out of Range
,Saturday: CLOSED - CLOSED,vegetarianvegan_marhabaindian_ue,Saturday: 11:30 - 23:30,Out of Range
,Sunday: CLOSED - CLOSED,vegetarianvegan_marhabaindian_ue,Sunday: 11:30 - 23:30,Out of Range
,Monday: CLOSED - CLOSED,arifsmedit_greenolive_ue,Monday: 08:00 - 22:30,Out of Range
,Tuesday: CLOSED - CLOSED,arifsmedit_greenolive_ue,Tuesday: 08:00 - 22:30,Out of Range
,Wednesday: CLOSED - CLOSED,arifsmedit_greenolive_ue,Wednesday: 08:00 - 22:30,Out of Range
,Thursday: CLOSED - CLOSED,arifsmedit_greenolive_ue,Thursday: 08:00 - 22:30,Out of Range
,Friday: CLOSED - CLOSED,arifsmedit_greenolive_ue,Friday: 08:00 - 22:30,Out of Range
,Saturday: CLOSED - CLOSED,arifsmedit_greenolive_ue,Saturday: 08:00 - 23:30,Out of Range
,Sunday: CLOSED - CLOSED,arifsmedit_greenolive_ue,Sunday: 08:00 - 14:30,Out of Range
,Monday: CLOSED - CLOSED,ambrosialwings_michaelangelosp_ue,Monday: 10:00 - 03:00,Out of Range
,Tuesday: CLOSED - CLOSED,ambrosialwings_michaelangelosp_ue,Tuesday: 10:00 - 03:00,Out of Range
,Wednesday: CLOSED - CLOSED,ambrosialwings_michaelangelosp_ue,Wednesday: 10:00 - 03:00,Out of Range
,Thursday: CLOSED - CLOSED,ambrosialwings_michaelangelosp_ue,Thursday: 10:00 - 03:00,Out of Range
,Friday: CLOSED - CLOSED,ambrosialwings_michaelangelosp_ue,Friday: 10:00 - 03:00,Out of Range
,Saturday: CLOSED - CLOSED,ambrosialwings_michaelangelosp_ue,Saturday: 11:00 - 03:00,Out of Range
,Sunday: CLOSED - CLOSED,ambrosialwings_michaelangelosp_ue,Sunday: 17:00 - 03:00,Out of Range
,Monday: CLOSED - CLOSED,charlieschicken_michaelangelosp_ue,Monday: 10:00 - 03:00,Out of Range
,Tuesday: CLOSED - CLOSED,charlieschicken_michaelangelosp_ue,Tuesday: 10:00 - 03:00,Out of Range
,Wednesday: CLOSED - CLOSED,charlieschicken_michaelangelosp_ue,Wednesday: 10:00 - 03:00,Out of Range
,Thursday: CLOSED - CLOSED,charlieschicken_michaelangelosp_ue,Thursday: 10:00 - 03:00,Out of Range
,Friday: CLOSED - CLOSED,charlieschicken_michaelangelosp_ue,Friday: 10:00 - 03:00,Out of Range
,Saturday: CLOSED - CLOSED,charlieschicken_michaelangelosp_ue,Saturday: 11:00 - 03:00,Out of Range
,Sunday: CLOSED - CLOSED,charlieschicken_michaelangelosp_ue,Sunday: 17:00 - 03:00,Out of Range
,Monday: CLOSED - CLOSED,highlifepizzas_milanspizzeriap_ue,Monday: 11:00 - 02:00,Out of Range
,Tuesday: CLOSED - CLOSED,highlifepizzas_milanspizzeriap_ue,Tuesday: 11:00 - 02:00,Out of Range
,Wednesday: CLOSED - CLOSED,highlifepizzas_milanspizzeriap_ue,Wednesday: 11:00 - 02:00,Out of Range
,Thursday: CLOSED - CLOSED,highlifepizzas_milanspizzeriap_ue,Thursday: 11:00 - 02:00,Out of Range
,Friday: CLOSED - CLOSED,highlifepizzas_milanspizzeriap_ue,Friday: 11:00 - 02:00,Out of Range
,Saturday: CLOSED - CLOSED,highlifepizzas_milanspizzeriap_ue,Saturday: 11:00 - 02:00,Out of Range
,Sunday: CLOSED - CLOSED,highlifepizzas_milanspizzeriap_ue,Sunday: 11:00 - 02:00,Out of Range
,Monday: CLOSED - CLOSED,mariositalianri_milanspizzeriap_ue,Monday: 11:00 - 02:00,Out of Range
,Tuesday: CLOSED - CLOSED,mariositalianri_milanspizzeriap_ue,Tuesday: 11:00 - 02:00,Out of Range
,Wednesday: CLOSED - CLOSED,mariositalianri_milanspizzeriap_ue,Wednesday: 11:00 - 02:00,Out of Range
,Thursday: CLOSED - CLOSED,mariositalianri_milanspizzeriap_ue,Thursday: 11:00 - 02:00,Out of Range
,Friday: CLOSED - CLOSED,mariositalianri_milanspizzeriap_ue,Friday: 11:00 - 02:00,Out of Range
,Saturday: CLOSED - CLOSED,mariositalianri_milanspizzeriap_ue,Saturday: 11:00 - 02:00,Out of Range
,Sunday: CLOSED - CLOSED,mariositalianri_milanspizzeriap_ue,Sunday: 11:00 - 02:00,Out of Range
,Monday: CLOSED - CLOSED,samsscrumptious_milanspizzeriap_ue,Monday: 11:00 - 02:00,Out of Range
,Tuesday: CLOSED - CLOSED,samsscrumptious_milanspizzeriap_ue,Tuesday: 11:00 - 02:00,Out of Range
,Wednesday: CLOSED - CLOSED,samsscrumptious_milanspizzeriap_ue,Wednesday: 11:00 - 02:00,Out of Range
,Thursday: CLOSED - CLOSED,samsscrumptious_milanspizzeriap_ue,Thursday: 11:00 - 02:00,Out of Range
,Friday: CLOSED - CLOSED,samsscrumptious_milanspizzeriap_ue,Friday: 11:00 - 02:00,Out of Range
,Saturday: CLOSED - CLOSED,samsscrumptious_milanspizzeriap_ue,Saturday: 11:00 - 02:00,Out of Range
,Sunday: CLOSED - CLOSED,samsscrumptious_milanspizzeriap_ue,Sunday: 11:00 - 02:00,Out of Range
,Monday: CLOSED - CLOSED,sarahssaladbar_milanspizzeriap_ue,Monday: 11:00 - 02:00,Out of Range
,Tuesday: CLOSED - CLOSED,sarahssaladbar_milanspizzeriap_ue,Tuesday: 11:00 - 02:00,Out of Range
,Wednesday: CLOSED - CLOSED,sarahssaladbar_milanspizzeriap_ue,Wednesday: 11:00 - 02:00,Out of Range
,Thursday: CLOSED - CLOSED,sarahssaladbar_milanspizzeriap_ue,Thursday: 11:00 - 02:00,Out of Range
,Friday: CLOSED - CLOSED,sarahssaladbar_milanspizzeriap_ue,Friday: 11:00 - 02:00,Out of Range
,Saturday: CLOSED - CLOSED,sarahssaladbar_milanspizzeriap_ue,Saturday: 11:00 - 02:00,Out of Range
,Sunday: CLOSED - CLOSED,sarahssaladbar_milanspizzeriap_ue,Sunday: 11:00 - 02:00,Out of Range
,Monday: CLOSED - CLOSED,sicilyscalzoneh_milanspizzeriap_ue,Monday: 11:00 - 02:00,Out of Range
,Tuesday: CLOSED - CLOSED,sicilyscalzoneh_milanspizzeriap_ue,Tuesday: 11:00 - 02:00,Out of Range
,Wednesday: CLOSED - CLOSED,sicilyscalzoneh_milanspizzeriap_ue,Wednesday: 11:00 - 02:00,Out of Range
,Thursday: CLOSED - CLOSED,sicilyscalzoneh_milanspizzeriap_ue,Thursday: 11:00 - 02:00,Out of Range
,Friday: CLOSED - CLOSED,sicilyscalzoneh_milanspizzeriap_ue,Friday: 11:00 - 02:00,Out of Range
,Saturday: CLOSED - CLOSED,sicilyscalzoneh_milanspizzeriap_ue,Saturday: 11:00 - 02:00,Out of Range
,Sunday: CLOSED - CLOSED,sicilyscalzoneh_milanspizzeriap_ue,Sunday: 11:00 - 02:00,Out of Range
,Monday: CLOSED - CLOSED,theburgerbae_milanspizzeriap_ue,Monday: 11:00 - 02:00,Out of Range
,Tuesday: CLOSED - CLOSED,theburgerbae_milanspizzeriap_ue,Tuesday: 11:00 - 02:00,Out of Range
,Wednesday: CLOSED - CLOSED,theburgerbae_milanspizzeriap_ue,Wednesday: 11:00 - 02:00,Out of Range
,Thursday: CLOSED - CLOSED,theburgerbae_milanspizzeriap_ue,Thursday: 11:00 - 02:00,Out of Range
,Friday: CLOSED - CLOSED,theburgerbae_milanspizzeriap_ue,Friday: 11:00 - 02:00,Out of Range
,Saturday: CLOSED - CLOSED,theburgerbae_milanspizzeriap_ue,Saturday: 11:00 - 02:00,Out of Range
,Sunday: CLOSED - CLOSED,theburgerbae_milanspizzeriap_ue,Sunday: 11:00 - 02:00,Out of Range
,Monday: CLOSED - CLOSED,thewingsshack_milanspizzeriap_ue,Monday: 11:00 - 02:00,Out of Range
,Tuesday: CLOSED - CLOSED,thewingsshack_milanspizzeriap_ue,Tuesday: 11:00 - 02:00,Out of Range
,Wednesday: CLOSED - CLOSED,thewingsshack_milanspizzeriap_ue,Wednesday: 11:00 - 02:00,Out of Range
,Thursday: CLOSED - CLOSED,thewingsshack_milanspizzeriap_ue,Thursday: 11:00 - 02:00,Out of Range
,Friday: CLOSED - CLOSED,thewingsshack_milanspizzeriap_ue,Friday: 11:00 - 02:00,Out of Range
,Saturday: CLOSED - CLOSED,thewingsshack_milanspizzeriap_ue,Saturday: 11:00 - 02:00,Out of Range
,Sunday: CLOSED - CLOSED,thewingsshack_milanspizzeriap_ue,Sunday: 11:00 - 02:00,Out of Range
,Monday: CLOSED - CLOSED,mixt-2299broadway_2299broadw_ue,Monday: 10:30 - 20:45,Out of Range
,Tuesday: CLOSED - CLOSED,mixt-2299broadway_2299broadw_ue,Tuesday: 10:30 - 20:45,Out of Range
,Wednesday: CLOSED - CLOSED,mixt-2299broadway_2299broadw_ue,Wednesday: 10:30 - 20:45,Out of Range
,Thursday: CLOSED - CLOSED,mixt-2299broadway_2299broadw_ue,Thursday: 10:30 - 20:45,Out of Range
,Friday: CLOSED - CLOSED,mixt-2299broadway_2299broadw_ue,Friday: 10:30 - 20:45,Out of Range
,Saturday: CLOSED - CLOSED,mixt-2299broadway_2299broadw_ue,Saturday: 10:30 - 20:45,Out of Range
,Sunday: CLOSED - CLOSED,mixt-2299broadway_2299broadw_ue,Sunday: 10:30 - 20:45,Out of Range
,Monday: CLOSED - CLOSED,mixt-2355olivestreet_2355olives_ue,Monday: 11:00 - 20:00,Out of Range
,Tuesday: CLOSED - CLOSED,mixt-2355olivestreet_2355olives_ue,Tuesday: 11:00 - 20:00,Out of Range
,Wednesday: CLOSED - CLOSED,mixt-2355olivestreet_2355olives_ue,Wednesday: 11:00 - 20:00,Out of Range
,Thursday: CLOSED - CLOSED,mixt-2355olivestreet_2355olives_ue,Thursday: 11:00 - 20:00,Out of Range
,Friday: CLOSED - CLOSED,mixt-2355olivestreet_2355olives_ue,Friday: 11:00 - 20:00,Out of Range
,Monday: CLOSED - CLOSED,mixt-240kearnystreet_240kearnys_ue,Monday: 10:30 - 15:00,Out of Range
,Tuesday: CLOSED - CLOSED,mixt-240kearnystreet_240kearnys_ue,Tuesday: 10:30 - 15:00,Out of Range
,Wednesday: CLOSED - CLOSED,mixt-240kearnystreet_240kearnys_ue,Wednesday: 10:30 - 15:00,Out of Range
,Thursday: CLOSED - CLOSED,mixt-240kearnystreet_240kearnys_ue,Thursday: 10:30 - 15:00,Out of Range
,Friday: CLOSED - CLOSED,mixt-240kearnystreet_240kearnys_ue,Friday: 10:30 - 15:00,Out of Range
,Monday: CLOSED - CLOSED,mixt-3130fillmorestreet_3130fillmo_ue,Monday: 10:30 - 20:00,Out of Range
,Tuesday: CLOSED - CLOSED,mixt-3130fillmorestreet_3130fillmo_ue,Tuesday: 10:30 - 20:00,Out of Range
,Wednesday: CLOSED - CLOSED,mixt-3130fillmorestreet_3130fillmo_ue,Wednesday: 10:30 - 20:00,Out of Range
,Thursday: CLOSED - CLOSED,mixt-3130fillmorestreet_3130fillmo_ue,Thursday: 10:30 - 20:00,Out of Range
,Friday: CLOSED - CLOSED,mixt-3130fillmorestreet_3130fillmo_ue,Friday: 10:30 - 20:00,Out of Range
,Saturday: CLOSED - CLOSED,mixt-3130fillmorestreet_3130fillmo_ue,Saturday: 10:30 - 20:00,Out of Range
,Sunday: CLOSED - CLOSED,mixt-3130fillmorestreet_3130fillmo_ue,Sunday: 10:30 - 20:00,Out of Range
,Monday: CLOSED - CLOSED,mixt-51yerbabuenalane_51yerbabue_ue,Monday: 10:30 - 20:00,Out of Range
,Tuesday: CLOSED - CLOSED,mixt-51yerbabuenalane_51yerbabue_ue,Tuesday: 10:30 - 20:00,Out of Range
,Wednesday: CLOSED - CLOSED,mixt-51yerbabuenalane_51yerbabue_ue,Wednesday: 10:30 - 20:00,Out of Range
,Wednesday: CLOSED - CLOSED,mixt-51yerbabuenalane_51yerbabue_ue,Wednesday: 10:30 - 20:00,Out of Range
,Thursday: CLOSED - CLOSED,mixt-51yerbabuenalane_51yerbabue_ue,Thursday: 10:30 - 20:00,Out of Range
,Thursday: CLOSED - CLOSED,mixt-51yerbabuenalane_51yerbabue_ue,Thursday: 10:30 - 20:00,Out of Range
,Friday: CLOSED - CLOSED,mixt-51yerbabuenalane_51yerbabue_ue,Friday: 10:30 - 20:00,Out of Range
,Friday: CLOSED - CLOSED,mixt-51yerbabuenalane_51yerbabue_ue,Friday: 10:30 - 20:00,Out of Range
,Saturday: CLOSED - CLOSED,mixt-51yerbabuenalane_51yerbabue_ue,Saturday: 10:30 - 20:00,Out of Range
,Saturday: CLOSED - CLOSED,mixt-51yerbabuenalane_51yerbabue_ue,Saturday: 10:30 - 20:00,Out of Range
,Sunday: CLOSED - CLOSED,mixt-51yerbabuenalane_51yerbabue_ue,Sunday: 10:30 - 20:00,Out of Range
,Sunday: CLOSED - CLOSED,mixt-51yerbabuenalane_51yerbabue_ue,Sunday: 10:30 - 20:00,Out of Range
,Monday: CLOSED - CLOSED,mixt-560missionstreet_560mission_ue,Monday: 10:30 - 15:00,Out of Range
,Tuesday: CLOSED - CLOSED,mixt-560missionstreet_560mission_ue,Tuesday: 10:30 - 15:00,Out of Range
,Wednesday: CLOSED - CLOSED,mixt-560missionstreet_560mission_ue,Wednesday: 10:30 - 15:00,Out of Range
,Thursday: CLOSED - CLOSED,mixt-560missionstreet_560mission_ue,Thursday: 10:30 - 15:00,Out of Range
,Friday: CLOSED - CLOSED,mixt-560missionstreet_560mission_ue,Friday: 10:30 - 15:00,Out of Range
,Monday: CLOSED - CLOSED,mixt-70missionstreet_70missions_ue,Monday: 10:30 - 15:00,Out of Range
,Tuesday: CLOSED - CLOSED,mixt-70missionstreet_70missions_ue,Tuesday: 10:30 - 15:00,Out of Range
,Wednesday: CLOSED - CLOSED,mixt-70missionstreet_70missions_ue,Wednesday: 10:30 - 15:00,Out of Range
,Thursday: CLOSED - CLOSED,mixt-70missionstreet_70missions_ue,Thursday: 10:30 - 15:00,Out of Range
,Friday: CLOSED - CLOSED,mixt-70missionstreet_70missions_ue,Friday: 10:30 - 15:00,Out of Range
,Monday: CLOSED - CLOSED,mixt-901valenciastreet_901valenci_ue,Monday: 10:30 - 20:40,Out of Range
,Tuesday: CLOSED - CLOSED,mixt-901valenciastreet_901valenci_ue,Tuesday: 10:30 - 20:40,Out of Range
,Wednesday: CLOSED - CLOSED,mixt-901valenciastreet_901valenci_ue,Wednesday: 10:30 - 20:40,Out of Range
,Thursday: CLOSED - CLOSED,mixt-901valenciastreet_901valenci_ue,Thursday: 10:30 - 20:40,Out of Range
,Friday: CLOSED - CLOSED,mixt-901valenciastreet_901valenci_ue,Friday: 10:30 - 20:40,Out of Range
,Saturday: CLOSED - CLOSED,mixt-901valenciastreet_901valenci_ue,Saturday: 10:30 - 20:40,Out of Range
,Sunday: CLOSED - CLOSED,mixt-901valenciastreet_901valenci_ue,Sunday: 10:30 - 20:40,Out of Range
,Monday: CLOSED - CLOSED,mixt-citycentrebishopranch_6000bollin_ue,Monday: 11:00 - 21:00,Out of Range
,Tuesday: CLOSED - CLOSED,mixt-citycentrebishopranch_6000bollin_ue,Tuesday: 11:00 - 21:00,Out of Range
,Wednesday: CLOSED - CLOSED,mixt-citycentrebishopranch_6000bollin_ue,Wednesday: 11:00 - 21:00,Out of Range
,Thursday: CLOSED - CLOSED,mixt-citycentrebishopranch_6000bollin_ue,Thursday: 11:00 - 21:00,Out of Range
,Friday: CLOSED - CLOSED,mixt-citycentrebishopranch_6000bollin_ue,Friday: 11:00 - 21:00,Out of Range
,Saturday: CLOSED - CLOSED,mixt-citycentrebishopranch_6000bollin_ue,Saturday: 11:00 - 21:00,Out of Range
,Sunday: CLOSED - CLOSED,mixt-citycentrebishopranch_6000bollin_ue,Sunday: 11:00 - 21:00,Out of Range
,Monday: CLOSED - CLOSED,mixt-miraclemile_5757wilshi_ue,Monday: 10:30 - 15:00,Out of Range
,Tuesday: CLOSED - CLOSED,mixt-miraclemile_5757wilshi_ue,Tuesday: 10:30 - 15:00,Out of Range
,Wednesday: CLOSED - CLOSED,mixt-miraclemile_5757wilshi_ue,Wednesday: 10:30 - 15:00,Out of Range
,Thursday: CLOSED - CLOSED,mixt-miraclemile_5757wilshi_ue,Thursday: 10:30 - 15:00,Out of Range
,Friday: CLOSED - CLOSED,mixt-miraclemile_5757wilshi_ue,Friday: 10:30 - 15:00,Out of Range
,Monday: CLOSED - CLOSED,mixt-scottsdalequarter_15125north_ue,Monday: 11:00 - 19:45,Out of Range
,Tuesday: CLOSED - CLOSED,mixt-scottsdalequarter_15125north_ue,Tuesday: 11:00 - 19:45,Out of Range
,Wednesday: CLOSED - CLOSED,mixt-scottsdalequarter_15125north_ue,Wednesday: 11:00 - 19:45,Out of Range
,Thursday: CLOSED - CLOSED,mixt-scottsdalequarter_15125north_ue,Thursday: 11:00 - 19:45,Out of Range
,Friday: CLOSED - CLOSED,mixt-scottsdalequarter_15125north_ue,Friday: 11:00 - 19:45,Out of Range
,Saturday: CLOSED - CLOSED,mixt-scottsdalequarter_15125north_ue,Saturday: 11:00 - 19:45,Out of Range
,Sunday: CLOSED - CLOSED,mixt-scottsdalequarter_15125north_ue,Sunday: 11:00 - 19:45,Out of Range
,Monday: CLOSED - CLOSED,mixt-silverlake_3100sunset_ue,Monday: 11:00 - 21:15,Out of Range
,Tuesday: CLOSED - CLOSED,mixt-silverlake_3100sunset_ue,Tuesday: 11:00 - 21:15,Out of Range
,Wednesday: CLOSED - CLOSED,mixt-silverlake_3100sunset_ue,Wednesday: 11:00 - 21:15,Out of Range
,Thursday: CLOSED - CLOSED,mixt-silverlake_3100sunset_ue,Thursday: 11:00 - 21:15,Out of Range
,Friday: CLOSED - CLOSED,mixt-silverlake_3100sunset_ue,Friday: 11:00 - 21:15,Out of Range
,Saturday: CLOSED - CLOSED,mixt-silverlake_3100sunset_ue,Saturday: 11:00 - 21:15,Out of Range
,Sunday: CLOSED - CLOSED,mixt-silverlake_3100sunset_ue,Sunday: 11:00 - 21:15,Out of Range
,Monday: CLOSED - CLOSED,salvatoresparmi_modenapizzaicec_ue,Monday: 11:00 - 02:00,Out of Range
,Tuesday: CLOSED - CLOSED,salvatoresparmi_modenapizzaicec_ue,Tuesday: 11:00 - 02:00,Out of Range
,Wednesday: CLOSED - CLOSED,salvatoresparmi_modenapizzaicec_ue,Wednesday: 11:00 - 02:00,Out of Range
,Thursday: CLOSED - CLOSED,salvatoresparmi_modenapizzaicec_ue,Thursday: 11:00 - 02:00,Out of Range
,Friday: CLOSED - CLOSED,salvatoresparmi_modenapizzaicec_ue,Friday: 11:00 - 02:00,Out of Range
,Saturday: CLOSED - CLOSED,salvatoresparmi_modenapizzaicec_ue,Saturday: 11:00 - 02:00,Out of Range
,Sunday: CLOSED - CLOSED,salvatoresparmi_modenapizzaicec_ue,Sunday: 11:00 - 02:00,Out of Range
,Monday: CLOSED - CLOSED,theitalianpizza_modenapizzaicec_ue,Monday: 11:00 - 02:00,Out of Range
,Tuesday: CLOSED - CLOSED,theitalianpizza_modenapizzaicec_ue,Tuesday: 11:00 - 02:00,Out of Range
,Wednesday: CLOSED - CLOSED,theitalianpizza_modenapizzaicec_ue,Wednesday: 11:00 - 02:00,Out of Range
,Thursday: CLOSED - CLOSED,theitalianpizza_modenapizzaicec_ue,Thursday: 11:00 - 02:00,Out of Range
,Friday: CLOSED - CLOSED,theitalianpizza_modenapizzaicec_ue,Friday: 11:00 - 02:00,Out of Range
,Saturday: CLOSED - CLOSED,theitalianpizza_modenapizzaicec_ue,Saturday: 11:00 - 02:00,Out of Range
,Sunday: CLOSED - CLOSED,theitalianpizza_modenapizzaicec_ue,Sunday: 11:00 - 02:00,Out of Range
,Monday: CLOSED - CLOSED,thepastatwins_modenapizzaicec_ue,Monday: 11:00 - 02:00,Out of Range
,Tuesday: CLOSED - CLOSED,thepastatwins_modenapizzaicec_ue,Tuesday: 11:00 - 02:00,Out of Range
,Wednesday: CLOSED - CLOSED,thepastatwins_modenapizzaicec_ue,Wednesday: 11:00 - 02:00,Out of Range
,Thursday: CLOSED - CLOSED,thepastatwins_modenapizzaicec_ue,Thursday: 11:00 - 02:00,Out of Range
,Friday: CLOSED - CLOSED,thepastatwins_modenapizzaicec_ue,Friday: 11:00 - 02:00,Out of Range
,Saturday: CLOSED - CLOSED,thepastatwins_modenapizzaicec_ue,Saturday: 11:00 - 02:00,Out of Range
,Sunday: CLOSED - CLOSED,thepastatwins_modenapizzaicec_ue,Sunday: 11:00 - 02:00,Out of Range
,Monday: CLOSED - CLOSED,thesaladsnob_modenapizzaicec_ue,Monday: 11:00 - 02:00,Out of Range
,Tuesday: CLOSED - CLOSED,thesaladsnob_modenapizzaicec_ue,Tuesday: 11:00 - 02:00,Out of Range
,Wednesday: CLOSED - CLOSED,thesaladsnob_modenapizzaicec_ue,Wednesday: 11:00 - 02:00,Out of Range
,Thursday: CLOSED - CLOSED,thesaladsnob_modenapizzaicec_ue,Thursday: 11:00 - 02:00,Out of Range
,Friday: CLOSED - CLOSED,thesaladsnob_modenapizzaicec_ue,Friday: 11:00 - 02:00,Out of Range
,Saturday: CLOSED - CLOSED,thesaladsnob_modenapizzaicec_ue,Saturday: 11:00 - 02:00,Out of Range
,Sunday: CLOSED - CLOSED,thesaladsnob_modenapizzaicec_ue,Sunday: 11:00 - 02:00,Out of Range
,Monday: CLOSED - CLOSED,antoniosquesadi_mrpizzaman_ue,Monday: 11:00 - 00:00,Out of Range
,Tuesday: CLOSED - CLOSED,antoniosquesadi_mrpizzaman_ue,Tuesday: 11:00 - 00:00,Out of Range
,Wednesday: CLOSED - CLOSED,antoniosquesadi_mrpizzaman_ue,Wednesday: 11:00 - 00:00,Out of Range
,Thursday: CLOSED - CLOSED,antoniosquesadi_mrpizzaman_ue,Thursday: 11:00 - 00:00,Out of Range
,Friday: CLOSED - CLOSED,antoniosquesadi_mrpizzaman_ue,Friday: 11:00 - 00:00,Out of Range
,Saturday: CLOSED - CLOSED,antoniosquesadi_mrpizzaman_ue,Saturday: 11:00 - 00:00,Out of Range
,Sunday: CLOSED - CLOSED,antoniosquesadi_mrpizzaman_ue,Sunday: 11:00 - 23:00,Out of Range
,Monday: CLOSED - CLOSED,bensbuffalowing_mrpizzaman_ue,Monday: 11:00 - 00:00,Out of Range
,Tuesday: CLOSED - CLOSED,bensbuffalowing_mrpizzaman_ue,Tuesday: 11:00 - 00:00,Out of Range
,Wednesday: CLOSED - CLOSED,bensbuffalowing_mrpizzaman_ue,Wednesday: 11:00 - 00:00,Out of Range
,Thursday: CLOSED - CLOSED,bensbuffalowing_mrpizzaman_ue,Thursday: 11:00 - 00:00,Out of Range
,Friday: CLOSED - CLOSED,bensbuffalowing_mrpizzaman_ue,Friday: 11:00 - 00:00,Out of Range
,Saturday: CLOSED - CLOSED,bensbuffalowing_mrpizzaman_ue,Saturday: 11:00 - 00:00,Out of Range
,Sunday: CLOSED - CLOSED,bensbuffalowing_mrpizzaman_ue,Sunday: 11:00 - 23:00,Out of Range
,Monday: CLOSED - CLOSED,breakfastburrit_mrpizzaman_ue,Monday: 11:00 - 00:00,Out of Range
,Tuesday: CLOSED - CLOSED,breakfastburrit_mrpizzaman_ue,Tuesday: 11:00 - 00:00,Out of Range
,Wednesday: CLOSED - CLOSED,breakfastburrit_mrpizzaman_ue,Wednesday: 11:00 - 00:00,Out of Range
,Thursday: CLOSED - CLOSED,breakfastburrit_mrpizzaman_ue,Thursday: 11:00 - 00:00,Out of Range
,Friday: CLOSED - CLOSED,breakfastburrit_mrpizzaman_ue,Friday: 11:00 - 00:00,Out of Range
,Saturday: CLOSED - CLOSED,breakfastburrit_mrpizzaman_ue,Saturday: 11:00 - 00:00,Out of Range
,Sunday: CLOSED - CLOSED,breakfastburrit_mrpizzaman_ue,Sunday: 11:00 - 23:00,Out of Range
,Monday: CLOSED - CLOSED,devilsburgerbar_mrpizzaman_ue,Monday: 11:00 - 00:00,Out of Range
,Tuesday: CLOSED - CLOSED,devilsburgerbar_mrpizzaman_ue,Tuesday: 11:00 - 00:00,Out of Range
,Wednesday: CLOSED - CLOSED,devilsburgerbar_mrpizzaman_ue,Wednesday: 11:00 - 00:00,Out of Range
,Thursday: CLOSED - CLOSED,devilsburgerbar_mrpizzaman_ue,Thursday: 11:00 - 00:00,Out of Range
,Friday: CLOSED - CLOSED,devilsburgerbar_mrpizzaman_ue,Friday: 11:00 - 00:00,Out of Range
,Saturday: CLOSED - CLOSED,devilsburgerbar_mrpizzaman_ue,Saturday: 11:00 - 00:00,Out of Range
,Sunday: CLOSED - CLOSED,devilsburgerbar_mrpizzaman_ue,Sunday: 11:00 - 23:00,Out of Range
,Monday: CLOSED - CLOSED,lvtacobar_mrpizzaman_ue,Monday: 11:00 - 00:00,Out of Range
,Tuesday: CLOSED - CLOSED,lvtacobar_mrpizzaman_ue,Tuesday: 11:00 - 00:00,Out of Range
,Wednesday: CLOSED - CLOSED,lvtacobar_mrpizzaman_ue,Wednesday: 11:00 - 00:00,Out of Range
,Thursday: CLOSED - CLOSED,lvtacobar_mrpizzaman_ue,Thursday: 11:00 - 00:00,Out of Range
,Friday: CLOSED - CLOSED,lvtacobar_mrpizzaman_ue,Friday: 11:00 - 00:00,Out of Range
,Saturday: CLOSED - CLOSED,lvtacobar_mrpizzaman_ue,Saturday: 11:00 - 00:00,Out of Range
,Sunday: CLOSED - CLOSED,lvtacobar_mrpizzaman_ue,Sunday: 11:00 - 23:00,Out of Range
,Monday: CLOSED - CLOSED,lucasphillychee_mrpizzaman_ue,Monday: 11:00 - 00:00,Out of Range
,Tuesday: CLOSED - CLOSED,lucasphillychee_mrpizzaman_ue,Tuesday: 11:00 - 00:00,Out of Range
,Wednesday: CLOSED - CLOSED,lucasphillychee_mrpizzaman_ue,Wednesday: 11:00 - 00:00,Out of Range
,Thursday: CLOSED - CLOSED,lucasphillychee_mrpizzaman_ue,Thursday: 11:00 - 00:00,Out of Range
,Friday: CLOSED - CLOSED,lucasphillychee_mrpizzaman_ue,Friday: 11:00 - 00:00,Out of Range
,Saturday: CLOSED - CLOSED,lucasphillychee_mrpizzaman_ue,Saturday: 11:00 - 00:00,Out of Range
,Sunday: CLOSED - CLOSED,lucasphillychee_mrpizzaman_ue,Sunday: 11:00 - 23:00,Out of Range
,Monday: CLOSED - CLOSED,luigispastarist_mrpizzaman_ue,Monday: 11:00 - 00:00,Out of Range
,Tuesday: CLOSED - CLOSED,luigispastarist_mrpizzaman_ue,Tuesday: 11:00 - 00:00,Out of Range
,Wednesday: CLOSED - CLOSED,luigispastarist_mrpizzaman_ue,Wednesday: 11:00 - 00:00,Out of Range
,Thursday: CLOSED - CLOSED,luigispastarist_mrpizzaman_ue,Thursday: 11:00 - 00:00,Out of Range
,Friday: CLOSED - CLOSED,luigispastarist_mrpizzaman_ue,Friday: 11:00 - 00:00,Out of Range
,Saturday: CLOSED - CLOSED,luigispastarist_mrpizzaman_ue,Saturday: 11:00 - 00:00,Out of Range
,Sunday: CLOSED - CLOSED,luigispastarist_mrpizzaman_ue,Sunday: 11:00 - 23:00,Out of Range
,Monday: CLOSED - CLOSED,maryssaladco_mrpizzaman_ue,Monday: 11:00 - 00:00,Out of Range
,Tuesday: CLOSED - CLOSED,maryssaladco_mrpizzaman_ue,Tuesday: 11:00 - 00:00,Out of Range
,Wednesday: CLOSED - CLOSED,maryssaladco_mrpizzaman_ue,Wednesday: 11:00 - 00:00,Out of Range
,Thursday: CLOSED - CLOSED,maryssaladco_mrpizzaman_ue,Thursday: 11:00 - 00:00,Out of Range
,Friday: CLOSED - CLOSED,maryssaladco_mrpizzaman_ue,Friday: 11:00 - 00:00,Out of Range
,Saturday: CLOSED - CLOSED,maryssaladco_mrpizzaman_ue,Saturday: 11:00 - 00:00,Out of Range
,Sunday: CLOSED - CLOSED,maryssaladco_mrpizzaman_ue,Sunday: 11:00 - 23:00,Out of Range
,Monday: CLOSED - CLOSED,romanspizzaoven_mrpizzaman_ue,Monday: 11:00 - 00:00,Out of Range
,Tuesday: CLOSED - CLOSED,romanspizzaoven_mrpizzaman_ue,Tuesday: 11:00 - 00:00,Out of Range
,Wednesday: CLOSED - CLOSED,romanspizzaoven_mrpizzaman_ue,Wednesday: 11:00 - 00:00,Out of Range
,Thursday: CLOSED - CLOSED,romanspizzaoven_mrpizzaman_ue,Thursday: 11:00 - 00:00,Out of Range
,Friday: CLOSED - CLOSED,romanspizzaoven_mrpizzaman_ue,Friday: 11:00 - 00:00,Out of Range
,Saturday: CLOSED - CLOSED,romanspizzaoven_mrpizzaman_ue,Saturday: 11:00 - 00:00,Out of Range
,Sunday: CLOSED - CLOSED,romanspizzaoven_mrpizzaman_ue,Sunday: 11:00 - 23:00,Out of Range
,Monday: CLOSED - CLOSED,theburgerblade_mrpizzaman_ue,Monday: 11:00 - 00:00,Out of Range
,Tuesday: CLOSED - CLOSED,theburgerblade_mrpizzaman_ue,Tuesday: 11:00 - 00:00,Out of Range
,Wednesday: CLOSED - CLOSED,theburgerblade_mrpizzaman_ue,Wednesday: 11:00 - 00:00,Out of Range
,Thursday: CLOSED - CLOSED,theburgerblade_mrpizzaman_ue,Thursday: 11:00 - 00:00,Out of Range
,Friday: CLOSED - CLOSED,theburgerblade_mrpizzaman_ue,Friday: 11:00 - 00:00,Out of Range
,Saturday: CLOSED - CLOSED,theburgerblade_mrpizzaman_ue,Saturday: 11:00 - 00:00,Out of Range
,Sunday: CLOSED - CLOSED,theburgerblade_mrpizzaman_ue,Sunday: 11:00 - 23:00,Out of Range
,Monday: CLOSED - CLOSED,theburritotaque_mrpizzaman_ue,Monday: 11:00 - 00:00,Out of Range
,Tuesday: CLOSED - CLOSED,theburritotaque_mrpizzaman_ue,Tuesday: 11:00 - 00:00,Out of Range
,Wednesday: CLOSED - CLOSED,theburritotaque_mrpizzaman_ue,Wednesday: 11:00 - 00:00,Out of Range
,Thursday: CLOSED - CLOSED,theburritotaque_mrpizzaman_ue,Thursday: 11:00 - 00:00,Out of Range
,Friday: CLOSED - CLOSED,theburritotaque_mrpizzaman_ue,Friday: 11:00 - 00:00,Out of Range
,Saturday: CLOSED - CLOSED,theburritotaque_mrpizzaman_ue,Saturday: 11:00 - 00:00,Out of Range
,Sunday: CLOSED - CLOSED,theburritotaque_mrpizzaman_ue,Sunday: 11:00 - 23:00,Out of Range
,Monday: CLOSED - CLOSED,angelinosbreakf_olivesorganicma_ue,Monday: 06:00 - 01:00,Out of Range
,Tuesday: CLOSED - CLOSED,angelinosbreakf_olivesorganicma_ue,Tuesday: 06:00 - 01:00,Out of Range
,Wednesday: CLOSED - CLOSED,angelinosbreakf_olivesorganicma_ue,Wednesday: 06:00 - 01:00,Out of Range
,Thursday: CLOSED - CLOSED,angelinosbreakf_olivesorganicma_ue,Thursday: 06:00 - 01:00,Out of Range
,Friday: CLOSED - CLOSED,angelinosbreakf_olivesorganicma_ue,Friday: 06:00 - 01:00,Out of Range
,Saturday: CLOSED - CLOSED,angelinosbreakf_olivesorganicma_ue,Saturday: 07:00 - 01:00,Out of Range
,Sunday: CLOSED - CLOSED,angelinosbreakf_olivesorganicma_ue,Sunday: 07:00 - 01:00,Out of Range
,Monday: CLOSED - CLOSED,coffeecremasnob_olivesorganicma_ue,Monday: 06:00 - 01:00,Out of Range
,Tuesday: CLOSED - CLOSED,coffeecremasnob_olivesorganicma_ue,Tuesday: 06:00 - 01:00,Out of Range
,Wednesday: CLOSED - CLOSED,coffeecremasnob_olivesorganicma_ue,Wednesday: 06:00 - 01:00,Out of Range
,Thursday: CLOSED - CLOSED,coffeecremasnob_olivesorganicma_ue,Thursday: 06:00 - 01:00,Out of Range
,Friday: CLOSED - CLOSED,coffeecremasnob_olivesorganicma_ue,Friday: 06:00 - 01:00,Out of Range
,Saturday: CLOSED - CLOSED,coffeecremasnob_olivesorganicma_ue,Saturday: 07:00 - 01:00,Out of Range
,Sunday: CLOSED - CLOSED,coffeecremasnob_olivesorganicma_ue,Sunday: 07:00 - 01:00,Out of Range
,Monday: CLOSED - CLOSED,constantinopleb_olivesorganicma_ue,Monday: 06:00 - 01:00,Out of Range
,Tuesday: CLOSED - CLOSED,constantinopleb_olivesorganicma_ue,Tuesday: 06:00 - 01:00,Out of Range
,Wednesday: CLOSED - CLOSED,constantinopleb_olivesorganicma_ue,Wednesday: 06:00 - 01:00,Out of Range
,Thursday: CLOSED - CLOSED,constantinopleb_olivesorganicma_ue,Thursday: 06:00 - 01:00,Out of Range
,Friday: CLOSED - CLOSED,constantinopleb_olivesorganicma_ue,Friday: 06:00 - 01:00,Out of Range
,Saturday: CLOSED - CLOSED,constantinopleb_olivesorganicma_ue,Saturday: 07:00 - 01:00,Out of Range
,Sunday: CLOSED - CLOSED,constantinopleb_olivesorganicma_ue,Sunday: 07:00 - 01:00,Out of Range
,Monday: CLOSED - CLOSED,frenchomeletteb_olivesorganicma_ue,Monday: 06:00 - 02:00,Out of Range
,Tuesday: CLOSED - CLOSED,frenchomeletteb_olivesorganicma_ue,Tuesday: 06:00 - 02:00,Out of Range
,Wednesday: CLOSED - CLOSED,frenchomeletteb_olivesorganicma_ue,Wednesday: 06:00 - 02:00,Out of Range
,Thursday: CLOSED - CLOSED,frenchomeletteb_olivesorganicma_ue,Thursday: 06:00 - 02:00,Out of Range
,Friday: CLOSED - CLOSED,frenchomeletteb_olivesorganicma_ue,Friday: 06:00 - 02:00,Out of Range
,Saturday: CLOSED - CLOSED,frenchomeletteb_olivesorganicma_ue,Saturday: 06:00 - 02:00,Out of Range
,Sunday: CLOSED - CLOSED,frenchomeletteb_olivesorganicma_ue,Sunday: 06:00 - 02:00,Out of Range
,Monday: CLOSED - CLOSED,freshnfruitysmo_olivesorganicma_ue,Monday: 06:00 - 01:00,Out of Range
,Tuesday: CLOSED - CLOSED,freshnfruitysmo_olivesorganicma_ue,Tuesday: 06:00 - 01:00,Out of Range
,Wednesday: CLOSED - CLOSED,freshnfruitysmo_olivesorganicma_ue,Wednesday: 06:00 - 01:00,Out of Range
,Thursday: CLOSED - CLOSED,freshnfruitysmo_olivesorganicma_ue,Thursday: 06:00 - 01:00,Out of Range
,Friday: CLOSED - CLOSED,freshnfruitysmo_olivesorganicma_ue,Friday: 06:00 - 01:00,Out of Range
,Saturday: CLOSED - CLOSED,freshnfruitysmo_olivesorganicma_ue,Saturday: 07:00 - 01:00,Out of Range
,Sunday: CLOSED - CLOSED,freshnfruitysmo_olivesorganicma_ue,Sunday: 07:00 - 01:00,Out of Range
,Monday: CLOSED - CLOSED,gloriouspaninis_olivesorganicma_ue,Monday: 06:00 - 01:00,Out of Range
,Tuesday: CLOSED - CLOSED,gloriouspaninis_olivesorganicma_ue,Tuesday: 06:00 - 01:00,Out of Range
,Wednesday: CLOSED - CLOSED,gloriouspaninis_olivesorganicma_ue,Wednesday: 06:00 - 01:00,Out of Range
,Thursday: CLOSED - CLOSED,gloriouspaninis_olivesorganicma_ue,Thursday: 06:00 - 01:00,Out of Range
,Friday: CLOSED - CLOSED,gloriouspaninis_olivesorganicma_ue,Friday: 06:00 - 01:00,Out of Range
,Saturday: CLOSED - CLOSED,gloriouspaninis_olivesorganicma_ue,Saturday: 07:00 - 01:00,Out of Range
,Sunday: CLOSED - CLOSED,gloriouspaninis_olivesorganicma_ue,Sunday: 07:00 - 01:00,Out of Range
,Monday: CLOSED - CLOSED,nybreakfastspot_olivesorganicma_ue,Monday: 06:00 - 01:00,Out of Range
,Tuesday: CLOSED - CLOSED,nybreakfastspot_olivesorganicma_ue,Tuesday: 06:00 - 01:00,Out of Range
,Wednesday: CLOSED - CLOSED,nybreakfastspot_olivesorganicma_ue,Wednesday: 06:00 - 01:00,Out of Range
,Thursday: CLOSED - CLOSED,nybreakfastspot_olivesorganicma_ue,Thursday: 06:00 - 01:00,Out of Range
,Friday: CLOSED - CLOSED,nybreakfastspot_olivesorganicma_ue,Friday: 06:00 - 01:00,Out of Range
,Saturday: CLOSED - CLOSED,nybreakfastspot_olivesorganicma_ue,Saturday: 07:00 - 01:00,Out of Range
,Sunday: CLOSED - CLOSED,nybreakfastspot_olivesorganicma_ue,Sunday: 07:00 - 01:00,Out of Range
,Monday: CLOSED - CLOSED,palmtreejuiceba_olivesorganicma_ue,Monday: 06:00 - 01:00,Out of Range
,Tuesday: CLOSED - CLOSED,palmtreejuiceba_olivesorganicma_ue,Tuesday: 06:00 - 01:00,Out of Range
,Wednesday: CLOSED - CLOSED,palmtreejuiceba_olivesorganicma_ue,Wednesday: 06:00 - 01:00,Out of Range
,Thursday: CLOSED - CLOSED,palmtreejuiceba_olivesorganicma_ue,Thursday: 06:00 - 01:00,Out of Range
,Friday: CLOSED - CLOSED,palmtreejuiceba_olivesorganicma_ue,Friday: 06:00 - 01:00,Out of Range
,Saturday: CLOSED - CLOSED,palmtreejuiceba_olivesorganicma_ue,Saturday: 07:00 - 01:00,Out of Range
,Sunday: CLOSED - CLOSED,palmtreejuiceba_olivesorganicma_ue,Sunday: 07:00 - 01:00,Out of Range
,Monday: CLOSED - CLOSED,patriciaspanini_olivesorganicma_ue,Monday: 06:00 - 01:00,Out of Range
,Tuesday: CLOSED - CLOSED,patriciaspanini_olivesorganicma_ue,Tuesday: 06:00 - 01:00,Out of Range
,Wednesday: CLOSED - CLOSED,patriciaspanini_olivesorganicma_ue,Wednesday: 06:00 - 01:00,Out of Range
,Thursday: CLOSED - CLOSED,patriciaspanini_olivesorganicma_ue,Thursday: 06:00 - 01:00,Out of Range
,Friday: CLOSED - CLOSED,patriciaspanini_olivesorganicma_ue,Friday: 06:00 - 01:00,Out of Range
,Saturday: CLOSED - CLOSED,patriciaspanini_olivesorganicma_ue,Saturday: 07:00 - 01:00,Out of Range
,Sunday: CLOSED - CLOSED,patriciaspanini_olivesorganicma_ue,Sunday: 07:00 - 01:00,Out of Range
,Monday: CLOSED - CLOSED,richmondsburger_olivesorganicma_ue,Monday: 06:00 - 01:00,Out of Range
,Tuesday: CLOSED - CLOSED,richmondsburger_olivesorganicma_ue,Tuesday: 06:00 - 01:00,Out of Range
,Wednesday: CLOSED - CLOSED,richmondsburger_olivesorganicma_ue,Wednesday: 06:00 - 01:00,Out of Range
,Thursday: CLOSED - CLOSED,richmondsburger_olivesorganicma_ue,Thursday: 06:00 - 01:00,Out of Range
,Friday: CLOSED - CLOSED,richmondsburger_olivesorganicma_ue,Friday: 06:00 - 01:00,Out of Range
,Saturday: CLOSED - CLOSED,richmondsburger_olivesorganicma_ue,Saturday: 07:00 - 01:00,Out of Range
,Sunday: CLOSED - CLOSED,richmondsburger_olivesorganicma_ue,Sunday: 07:00 - 01:00,Out of Range
,Monday: CLOSED - CLOSED,thedessertshack_olivesorganicma_ue,Monday: 06:00 - 01:00,Out of Range
,Tuesday: CLOSED - CLOSED,thedessertshack_olivesorganicma_ue,Tuesday: 06:00 - 01:00,Out of Range
,Wednesday: CLOSED - CLOSED,thedessertshack_olivesorganicma_ue,Wednesday: 06:00 - 01:00,Out of Range
,Thursday: CLOSED - CLOSED,thedessertshack_olivesorganicma_ue,Thursday: 06:00 - 01:00,Out of Range
,Friday: CLOSED - CLOSED,thedessertshack_olivesorganicma_ue,Friday: 06:00 - 01:00,Out of Range
,Saturday: CLOSED - CLOSED,thedessertshack_olivesorganicma_ue,Saturday: 07:00 - 01:00,Out of Range
,Sunday: CLOSED - CLOSED,thedessertshack_olivesorganicma_ue,Sunday: 07:00 - 01:00,Out of Range
,Monday: CLOSED - CLOSED,thehotpancake_olivesorganicma_ue,Monday: 06:00 - 01:00,Out of Range
,Tuesday: CLOSED - CLOSED,thehotpancake_olivesorganicma_ue,Tuesday: 06:00 - 01:00,Out of Range
,Wednesday: CLOSED - CLOSED,thehotpancake_olivesorganicma_ue,Wednesday: 06:00 - 01:00,Out of Range
,Thursday: CLOSED - CLOSED,thehotpancake_olivesorganicma_ue,Thursday: 06:00 - 01:00,Out of Range
,Friday: CLOSED - CLOSED,thehotpancake_olivesorganicma_ue,Friday: 06:00 - 01:00,Out of Range
,Saturday: CLOSED - CLOSED,thehotpancake_olivesorganicma_ue,Saturday: 07:00 - 01:00,Out of Range
,Sunday: CLOSED - CLOSED,thehotpancake_olivesorganicma_ue,Sunday: 07:00 - 01:00,Out of Range
,Monday: CLOSED - CLOSED,famousgyrobar_omegasaladbarde_ue,Monday: 00:00 - 23:59,Out of Range
,Tuesday: CLOSED - CLOSED,famousgyrobar_omegasaladbarde_ue,Tuesday: 00:00 - 23:59,Out of Range
,Wednesday: CLOSED - CLOSED,famousgyrobar_omegasaladbarde_ue,Wednesday: 00:00 - 23:59,Out of Range
,Thursday: CLOSED - CLOSED,famousgyrobar_omegasaladbarde_ue,Thursday: 00:00 - 23:59,Out of Range
,Friday: CLOSED - CLOSED,famousgyrobar_omegasaladbarde_ue,Friday: 00:00 - 23:59,Out of Range
,Saturday: CLOSED - CLOSED,famousgyrobar_omegasaladbarde_ue,Saturday: 00:00 - 23:59,Out of Range
,Sunday: CLOSED - CLOSED,famousgyrobar_omegasaladbarde_ue,Sunday: 00:00 - 23:59,Out of Range
,Monday: CLOSED - CLOSED,hilltopsandwich_omegasaladbarde_ue,Monday: 00:00 - 23:59,Out of Range
,Tuesday: CLOSED - CLOSED,hilltopsandwich_omegasaladbarde_ue,Tuesday: 00:00 - 23:59,Out of Range
,Wednesday: CLOSED - CLOSED,hilltopsandwich_omegasaladbarde_ue,Wednesday: 00:00 - 23:59,Out of Range
,Thursday: CLOSED - CLOSED,hilltopsandwich_omegasaladbarde_ue,Thursday: 00:00 - 23:59,Out of Range
,Friday: CLOSED - CLOSED,hilltopsandwich_omegasaladbarde_ue,Friday: 00:00 - 23:59,Out of Range
,Saturday: CLOSED - CLOSED,hilltopsandwich_omegasaladbarde_ue,Saturday: 00:00 - 23:59,Out of Range
,Sunday: CLOSED - CLOSED,hilltopsandwich_omegasaladbarde_ue,Sunday: 00:00 - 23:59,Out of Range
,Monday: CLOSED - CLOSED,italiandesserts_omegasaladbarde_ue,Monday: 00:00 - 23:59,Out of Range
,Tuesday: CLOSED - CLOSED,italiandesserts_omegasaladbarde_ue,Tuesday: 00:00 - 23:59,Out of Range
,Wednesday: CLOSED - CLOSED,italiandesserts_omegasaladbarde_ue,Wednesday: 00:00 - 23:59,Out of Range
,Thursday: CLOSED - CLOSED,italiandesserts_omegasaladbarde_ue,Thursday: 00:00 - 23:59,Out of Range
,Friday: CLOSED - CLOSED,italiandesserts_omegasaladbarde_ue,Friday: 00:00 - 23:59,Out of Range
,Saturday: CLOSED - CLOSED,italiandesserts_omegasaladbarde_ue,Saturday: 00:00 - 23:59,Out of Range
,Sunday: CLOSED - CLOSED,italiandesserts_omegasaladbarde_ue,Sunday: 00:00 - 23:59,Out of Range
,Monday: CLOSED - CLOSED,jjsphillycheese_omegasaladbarde_ue,Monday: 00:00 - 23:59,Out of Range
,Tuesday: CLOSED - CLOSED,jjsphillycheese_omegasaladbarde_ue,Tuesday: 00:00 - 23:59,Out of Range
,Wednesday: CLOSED - CLOSED,jjsphillycheese_omegasaladbarde_ue,Wednesday: 00:00 - 23:59,Out of Range
,Thursday: CLOSED - CLOSED,jjsphillycheese_omegasaladbarde_ue,Thursday: 00:00 - 23:59,Out of Range
,Friday: CLOSED - CLOSED,jjsphillycheese_omegasaladbarde_ue,Friday: 00:00 - 23:59,Out of Range
,Saturday: CLOSED - CLOSED,jjsphillycheese_omegasaladbarde_ue,Saturday: 00:00 - 23:59,Out of Range
,Sunday: CLOSED - CLOSED,jjsphillycheese_omegasaladbarde_ue,Sunday: 00:00 - 23:59,Out of Range
,Monday: CLOSED - CLOSED,lucyspancakebar_omegasaladbarde_ue,Monday: 00:00 - 23:59,Out of Range
,Tuesday: CLOSED - CLOSED,lucyspancakebar_omegasaladbarde_ue,Tuesday: 00:00 - 23:59,Out of Range
,Wednesday: CLOSED - CLOSED,lucyspancakebar_omegasaladbarde_ue,Wednesday: 00:00 - 23:59,Out of Range
,Thursday: CLOSED - CLOSED,lucyspancakebar_omegasaladbarde_ue,Thursday: 00:00 - 23:59,Out of Range
,Friday: CLOSED - CLOSED,lucyspancakebar_omegasaladbarde_ue,Friday: 00:00 - 23:59,Out of Range
,Saturday: CLOSED - CLOSED,lucyspancakebar_omegasaladbarde_ue,Saturday: 00:00 - 23:59,Out of Range
,Sunday: CLOSED - CLOSED,lucyspancakebar_omegasaladbarde_ue,Sunday: 00:00 - 23:59,Out of Range
,Monday: CLOSED - CLOSED,salssmoothiespo_omegasaladbarde_ue,Monday: 00:00 - 23:59,Out of Range
,Tuesday: CLOSED - CLOSED,salssmoothiespo_omegasaladbarde_ue,Tuesday: 00:00 - 23:59,Out of Range
,Wednesday: CLOSED - CLOSED,salssmoothiespo_omegasaladbarde_ue,Wednesday: 00:00 - 23:59,Out of Range
,Thursday: CLOSED - CLOSED,salssmoothiespo_omegasaladbarde_ue,Thursday: 00:00 - 23:59,Out of Range
,Friday: CLOSED - CLOSED,salssmoothiespo_omegasaladbarde_ue,Friday: 00:00 - 23:59,Out of Range
,Saturday: CLOSED - CLOSED,salssmoothiespo_omegasaladbarde_ue,Saturday: 00:00 - 23:59,Out of Range
,Sunday: CLOSED - CLOSED,salssmoothiespo_omegasaladbarde_ue,Sunday: 00:00 - 23:59,Out of Range
,Monday: CLOSED - CLOSED,strictlyvegetar_omegasaladbarde_ue,Monday: 00:00 - 23:59,Out of Range
,Tuesday: CLOSED - CLOSED,strictlyvegetar_omegasaladbarde_ue,Tuesday: 00:00 - 23:59,Out of Range
,Wednesday: CLOSED - CLOSED,strictlyvegetar_omegasaladbarde_ue,Wednesday: 00:00 - 23:59,Out of Range
,Thursday: CLOSED - CLOSED,strictlyvegetar_omegasaladbarde_ue,Thursday: 00:00 - 23:59,Out of Range
,Friday: CLOSED - CLOSED,strictlyvegetar_omegasaladbarde_ue,Friday: 00:00 - 23:59,Out of Range
,Saturday: CLOSED - CLOSED,strictlyvegetar_omegasaladbarde_ue,Saturday: 00:00 - 23:59,Out of Range
,Sunday: CLOSED - CLOSED,strictlyvegetar_omegasaladbarde_ue,Sunday: 00:00 - 23:59,Out of Range
,Monday: CLOSED - CLOSED,thecheeseburger_omegasaladbarde_ue,Monday: 00:00 - 23:59,Out of Range
,Tuesday: CLOSED - CLOSED,thecheeseburger_omegasaladbarde_ue,Tuesday: 00:00 - 23:59,Out of Range
,Wednesday: CLOSED - CLOSED,thecheeseburger_omegasaladbarde_ue,Wednesday: 00:00 - 23:59,Out of Range
,Thursday: CLOSED - CLOSED,thecheeseburger_omegasaladbarde_ue,Thursday: 00:00 - 23:59,Out of Range
,Friday: CLOSED - CLOSED,thecheeseburger_omegasaladbarde_ue,Friday: 00:00 - 23:59,Out of Range
,Saturday: CLOSED - CLOSED,thecheeseburger_omegasaladbarde_ue,Saturday: 00:00 - 23:59,Out of Range
,Sunday: CLOSED - CLOSED,thecheeseburger_omegasaladbarde_ue,Sunday: 00:00 - 23:59,Out of Range
,Monday: CLOSED - CLOSED,thechickendream_omegasaladbarde_ue,Monday: 00:00 - 23:59,Out of Range
,Tuesday: CLOSED - CLOSED,thechickendream_omegasaladbarde_ue,Tuesday: 00:00 - 23:59,Out of Range
,Wednesday: CLOSED - CLOSED,thechickendream_omegasaladbarde_ue,Wednesday: 00:00 - 23:59,Out of Range
,Thursday: CLOSED - CLOSED,thechickendream_omegasaladbarde_ue,Thursday: 00:00 - 23:59,Out of Range
,Friday: CLOSED - CLOSED,thechickendream_omegasaladbarde_ue,Friday: 00:00 - 23:59,Out of Range
,Saturday: CLOSED - CLOSED,thechickendream_omegasaladbarde_ue,Saturday: 00:00 - 23:59,Out of Range
,Sunday: CLOSED - CLOSED,thechickendream_omegasaladbarde_ue,Sunday: 00:00 - 23:59,Out of Range
,Monday: CLOSED - CLOSED,thegyrosnob_omegasaladbarde_ue,Monday: 00:00 - 23:59,Out of Range
,Tuesday: CLOSED - CLOSED,thegyrosnob_omegasaladbarde_ue,Tuesday: 00:00 - 23:59,Out of Range
,Wednesday: CLOSED - CLOSED,thegyrosnob_omegasaladbarde_ue,Wednesday: 00:00 - 23:59,Out of Range
,Thursday: CLOSED - CLOSED,thegyrosnob_omegasaladbarde_ue,Thursday: 00:00 - 23:59,Out of Range
,Friday: CLOSED - CLOSED,thegyrosnob_omegasaladbarde_ue,Friday: 00:00 - 23:59,Out of Range
,Saturday: CLOSED - CLOSED,thegyrosnob_omegasaladbarde_ue,Saturday: 00:00 - 23:59,Out of Range
,Sunday: CLOSED - CLOSED,thegyrosnob_omegasaladbarde_ue,Sunday: 00:00 - 23:59,Out of Range
,Monday: CLOSED - CLOSED,aldoswrapsspot_paninicafe_ue,Monday: 00:00 - 23:59,Out of Range
,Tuesday: CLOSED - CLOSED,aldoswrapsspot_paninicafe_ue,Tuesday: 00:00 - 23:59,Out of Range
,Wednesday: CLOSED - CLOSED,aldoswrapsspot_paninicafe_ue,Wednesday: 00:00 - 23:59,Out of Range
,Thursday: CLOSED - CLOSED,aldoswrapsspot_paninicafe_ue,Thursday: 00:00 - 23:59,Out of Range
,Friday: CLOSED - CLOSED,aldoswrapsspot_paninicafe_ue,Friday: 00:00 - 23:59,Out of Range
,Saturday: CLOSED - CLOSED,aldoswrapsspot_paninicafe_ue,Saturday: 00:00 - 23:59,Out of Range
,Sunday: CLOSED - CLOSED,aldoswrapsspot_paninicafe_ue,Sunday: 00:00 - 23:59,Out of Range
,Monday: CLOSED - CLOSED,carmensbreakfas_paninicafe_ue,Monday: 00:00 - 23:59,Out of Range
,Tuesday: CLOSED - CLOSED,carmensbreakfas_paninicafe_ue,Tuesday: 00:00 - 23:59,Out of Range
,Wednesday: CLOSED - CLOSED,carmensbreakfas_paninicafe_ue,Wednesday: 00:00 - 23:59,Out of Range
,Thursday: CLOSED - CLOSED,carmensbreakfas_paninicafe_ue,Thursday: 00:00 - 23:59,Out of Range
,Friday: CLOSED - CLOSED,carmensbreakfas_paninicafe_ue,Friday: 00:00 - 23:59,Out of Range
,Saturday: CLOSED - CLOSED,carmensbreakfas_paninicafe_ue,Saturday: 00:00 - 23:59,Out of Range
,Sunday: CLOSED - CLOSED,carmensbreakfas_paninicafe_ue,Sunday: 00:00 - 23:59,Out of Range
,Monday: CLOSED - CLOSED,fionasbreakfast_paninicafe_ue,Monday: 00:00 - 23:59,Out of Range
,Tuesday: CLOSED - CLOSED,fionasbreakfast_paninicafe_ue,Tuesday: 00:00 - 23:59,Out of Range
,Wednesday: CLOSED - CLOSED,fionasbreakfast_paninicafe_ue,Wednesday: 00:00 - 23:59,Out of Range
,Thursday: CLOSED - CLOSED,fionasbreakfast_paninicafe_ue,Thursday: 00:00 - 23:59,Out of Range
,Friday: CLOSED - CLOSED,fionasbreakfast_paninicafe_ue,Friday: 00:00 - 23:59,Out of Range
,Saturday: CLOSED - CLOSED,fionasbreakfast_paninicafe_ue,Saturday: 00:00 - 23:59,Out of Range
,Sunday: CLOSED - CLOSED,fionasbreakfast_paninicafe_ue,Sunday: 00:00 - 23:59,Out of Range
,Monday: CLOSED - CLOSED,fionasfrenchtoa_paninicafe_ue,Monday: 00:00 - 23:59,Out of Range
,Tuesday: CLOSED - CLOSED,fionasfrenchtoa_paninicafe_ue,Tuesday: 00:00 - 23:59,Out of Range
,Wednesday: CLOSED - CLOSED,fionasfrenchtoa_paninicafe_ue,Wednesday: 00:00 - 23:59,Out of Range
,Thursday: CLOSED - CLOSED,fionasfrenchtoa_paninicafe_ue,Thursday: 00:00 - 23:59,Out of Range
,Friday: CLOSED - CLOSED,fionasfrenchtoa_paninicafe_ue,Friday: 00:00 - 23:59,Out of Range
,Saturday: CLOSED - CLOSED,fionasfrenchtoa_paninicafe_ue,Saturday: 00:00 - 23:59,Out of Range
,Sunday: CLOSED - CLOSED,fionasfrenchtoa_paninicafe_ue,Sunday: 00:00 - 23:59,Out of Range
,Monday: CLOSED - CLOSED,heavenschickenw_paninicafe_ue,Monday: 00:00 - 23:59,Out of Range
,Tuesday: CLOSED - CLOSED,heavenschickenw_paninicafe_ue,Tuesday: 00:00 - 23:59,Out of Range
,Wednesday: CLOSED - CLOSED,heavenschickenw_paninicafe_ue,Wednesday: 00:00 - 23:59,Out of Range
,Thursday: CLOSED - CLOSED,heavenschickenw_paninicafe_ue,Thursday: 00:00 - 23:59,Out of Range
,Friday: CLOSED - CLOSED,heavenschickenw_paninicafe_ue,Friday: 00:00 - 23:59,Out of Range
,Saturday: CLOSED - CLOSED,heavenschickenw_paninicafe_ue,Saturday: 00:00 - 23:59,Out of Range
,Sunday: CLOSED - CLOSED,heavenschickenw_paninicafe_ue,Sunday: 00:00 - 23:59,Out of Range
,Monday: CLOSED - CLOSED,josesburritobar_paninicafe_ue,Monday: 00:00 - 23:59,Out of Range
,Tuesday: CLOSED - CLOSED,josesburritobar_paninicafe_ue,Tuesday: 00:00 - 23:59,Out of Range
,Wednesday: CLOSED - CLOSED,josesburritobar_paninicafe_ue,Wednesday: 00:00 - 23:59,Out of Range
,Thursday: CLOSED - CLOSED,josesburritobar_paninicafe_ue,Thursday: 00:00 - 23:59,Out of Range
,Friday: CLOSED - CLOSED,josesburritobar_paninicafe_ue,Friday: 00:00 - 23:59,Out of Range
,Saturday: CLOSED - CLOSED,josesburritobar_paninicafe_ue,Saturday: 00:00 - 23:59,Out of Range
,Sunday: CLOSED - CLOSED,josesburritobar_paninicafe_ue,Sunday: 00:00 - 23:59,Out of Range
,Monday: CLOSED - CLOSED,louiescheeseste_paninicafe_ue,Monday: 00:00 - 23:59,Out of Range
,Tuesday: CLOSED - CLOSED,louiescheeseste_paninicafe_ue,Tuesday: 00:00 - 23:59,Out of Range
,Wednesday: CLOSED - CLOSED,louiescheeseste_paninicafe_ue,Wednesday: 00:00 - 23:59,Out of Range
,Thursday: CLOSED - CLOSED,louiescheeseste_paninicafe_ue,Thursday: 00:00 - 23:59,Out of Range
,Friday: CLOSED - CLOSED,louiescheeseste_paninicafe_ue,Friday: 00:00 - 23:59,Out of Range
,Saturday: CLOSED - CLOSED,louiescheeseste_paninicafe_ue,Saturday: 00:00 - 23:59,Out of Range
,Sunday: CLOSED - CLOSED,louiescheeseste_paninicafe_ue,Sunday: 00:00 - 23:59,Out of Range
,Monday: CLOSED - CLOSED,luigispastarist_paninicafe_ue,Monday: 00:00 - 23:59,Out of Range
,Tuesday: CLOSED - CLOSED,luigispastarist_paninicafe_ue,Tuesday: 00:00 - 23:59,Out of Range
,Wednesday: CLOSED - CLOSED,luigispastarist_paninicafe_ue,Wednesday: 00:00 - 23:59,Out of Range
,Thursday: CLOSED - CLOSED,luigispastarist_paninicafe_ue,Thursday: 00:00 - 23:59,Out of Range
,Friday: CLOSED - CLOSED,luigispastarist_paninicafe_ue,Friday: 00:00 - 23:59,Out of Range
,Saturday: CLOSED - CLOSED,luigispastarist_paninicafe_ue,Saturday: 00:00 - 23:59,Out of Range
,Sunday: CLOSED - CLOSED,luigispastarist_paninicafe_ue,Sunday: 00:00 - 23:59,Out of Range
,Monday: CLOSED - CLOSED,princesspanini_paninicafe_ue,Monday: 00:00 - 23:59,Out of Range
,Tuesday: CLOSED - CLOSED,princesspanini_paninicafe_ue,Tuesday: 00:00 - 23:59,Out of Range
,Wednesday: CLOSED - CLOSED,princesspanini_paninicafe_ue,Wednesday: 00:00 - 23:59,Out of Range
,Thursday: CLOSED - CLOSED,princesspanini_paninicafe_ue,Thursday: 00:00 - 23:59,Out of Range
,Friday: CLOSED - CLOSED,princesspanini_paninicafe_ue,Friday: 00:00 - 23:59,Out of Range
,Saturday: CLOSED - CLOSED,princesspanini_paninicafe_ue,Saturday: 00:00 - 23:59,Out of Range
,Sunday: CLOSED - CLOSED,princesspanini_paninicafe_ue,Sunday: 00:00 - 23:59,Out of Range
,Monday: CLOSED - CLOSED,salssmoothiespo_paninicafe_ue,Monday: 00:00 - 23:59,Out of Range
,Tuesday: CLOSED - CLOSED,salssmoothiespo_paninicafe_ue,Tuesday: 00:00 - 23:59,Out of Range
,Wednesday: CLOSED - CLOSED,salssmoothiespo_paninicafe_ue,Wednesday: 00:00 - 23:59,Out of Range
,Thursday: CLOSED - CLOSED,salssmoothiespo_paninicafe_ue,Thursday: 00:00 - 23:59,Out of Range
,Friday: CLOSED - CLOSED,salssmoothiespo_paninicafe_ue,Friday: 00:00 - 23:59,Out of Range
,Saturday: CLOSED - CLOSED,salssmoothiespo_paninicafe_ue,Saturday: 00:00 - 23:59,Out of Range
,Sunday: CLOSED - CLOSED,salssmoothiespo_paninicafe_ue,Sunday: 00:00 - 23:59,Out of Range
,Monday: CLOSED - CLOSED,stansburgerbar_paninicafe_ue,Monday: 00:00 - 23:59,Out of Range
,Tuesday: CLOSED - CLOSED,stansburgerbar_paninicafe_ue,Tuesday: 00:00 - 23:59,Out of Range
,Wednesday: CLOSED - CLOSED,stansburgerbar_paninicafe_ue,Wednesday: 00:00 - 23:59,Out of Range
,Thursday: CLOSED - CLOSED,stansburgerbar_paninicafe_ue,Thursday: 00:00 - 23:59,Out of Range
,Friday: CLOSED - CLOSED,stansburgerbar_paninicafe_ue,Friday: 00:00 - 23:59,Out of Range
,Saturday: CLOSED - CLOSED,stansburgerbar_paninicafe_ue,Saturday: 00:00 - 23:59,Out of Range
,Sunday: CLOSED - CLOSED,stansburgerbar_paninicafe_ue,Sunday: 00:00 - 23:59,Out of Range
,Monday: CLOSED - CLOSED,theomelettefarm_paninicafe_ue,Monday: 00:00 - 23:59,Out of Range
,Tuesday: CLOSED - CLOSED,theomelettefarm_paninicafe_ue,Tuesday: 00:00 - 23:59,Out of Range
,Wednesday: CLOSED - CLOSED,theomelettefarm_paninicafe_ue,Wednesday: 00:00 - 23:59,Out of Range
,Thursday: CLOSED - CLOSED,theomelettefarm_paninicafe_ue,Thursday: 00:00 - 23:59,Out of Range
,Friday: CLOSED - CLOSED,theomelettefarm_paninicafe_ue,Friday: 00:00 - 23:59,Out of Range
,Saturday: CLOSED - CLOSED,theomelettefarm_paninicafe_ue,Saturday: 00:00 - 23:59,Out of Range
,Sunday: CLOSED - CLOSED,theomelettefarm_paninicafe_ue,Sunday: 00:00 - 23:59,Out of Range
,Monday: CLOSED - CLOSED,frankiesburgerb_paninigrill9371_ue,Monday: 00:00 - 23:59,Out of Range
,Tuesday: CLOSED - CLOSED,frankiesburgerb_paninigrill9371_ue,Tuesday: 00:00 - 23:59,Out of Range
,Wednesday: CLOSED - CLOSED,frankiesburgerb_paninigrill9371_ue,Wednesday: 00:00 - 23:59,Out of Range
,Thursday: CLOSED - CLOSED,frankiesburgerb_paninigrill9371_ue,Thursday: 00:00 - 23:59,Out of Range
,Friday: CLOSED - CLOSED,frankiesburgerb_paninigrill9371_ue,Friday: 00:00 - 23:59,Out of Range
,Saturday: CLOSED - CLOSED,frankiesburgerb_paninigrill9371_ue,Saturday: 00:00 - 23:59,Out of Range
,Sunday: CLOSED - CLOSED,frankiesburgerb_paninigrill9371_ue,Sunday: 00:00 - 23:59,Out of Range
,Monday: CLOSED - CLOSED,stellaspancakeb_paninigrill9371_ue,Monday: 00:00 - 23:59,Out of Range
,Tuesday: CLOSED - CLOSED,stellaspancakeb_paninigrill9371_ue,Tuesday: 00:00 - 23:59,Out of Range
,Wednesday: CLOSED - CLOSED,stellaspancakeb_paninigrill9371_ue,Wednesday: 00:00 - 23:59,Out of Range
,Thursday: CLOSED - CLOSED,stellaspancakeb_paninigrill9371_ue,Thursday: 00:00 - 23:59,Out of Range
,Friday: CLOSED - CLOSED,stellaspancakeb_paninigrill9371_ue,Friday: 00:00 - 23:59,Out of Range
,Saturday: CLOSED - CLOSED,stellaspancakeb_paninigrill9371_ue,Saturday: 00:00 - 23:59,Out of Range
,Sunday: CLOSED - CLOSED,stellaspancakeb_paninigrill9371_ue,Sunday: 00:00 - 23:59,Out of Range
,Monday: CLOSED - CLOSED,chiefscheeseste_plazagourmetdel_ue,Monday: 00:00 - 23:59,Out of Range
,Tuesday: CLOSED - CLOSED,chiefscheeseste_plazagourmetdel_ue,Tuesday: 00:00 - 23:59,Out of Range
,Wednesday: CLOSED - CLOSED,chiefscheeseste_plazagourmetdel_ue,Wednesday: 00:00 - 23:59,Out of Range
,Thursday: CLOSED - CLOSED,chiefscheeseste_plazagourmetdel_ue,Thursday: 00:00 - 23:59,Out of Range
,Friday: CLOSED - CLOSED,chiefscheeseste_plazagourmetdel_ue,Friday: 00:00 - 23:59,Out of Range
,Saturday: CLOSED - CLOSED,chiefscheeseste_plazagourmetdel_ue,Saturday: 00:00 - 23:59,Out of Range
,Sunday: CLOSED - CLOSED,chiefscheeseste_plazagourmetdel_ue,Sunday: 00:00 - 23:59,Out of Range
,Monday: CLOSED - CLOSED,houseofpaninis_plazagourmetdel_ue,Monday: 00:00 - 23:59,Out of Range
,Tuesday: CLOSED - CLOSED,houseofpaninis_plazagourmetdel_ue,Tuesday: 00:00 - 23:59,Out of Range
,Wednesday: CLOSED - CLOSED,houseofpaninis_plazagourmetdel_ue,Wednesday: 00:00 - 23:59,Out of Range
,Thursday: CLOSED - CLOSED,houseofpaninis_plazagourmetdel_ue,Thursday: 00:00 - 23:59,Out of Range
,Friday: CLOSED - CLOSED,houseofpaninis_plazagourmetdel_ue,Friday: 00:00 - 23:59,Out of Range
,Saturday: CLOSED - CLOSED,houseofpaninis_plazagourmetdel_ue,Saturday: 00:00 - 23:59,Out of Range
,Sunday: CLOSED - CLOSED,houseofpaninis_plazagourmetdel_ue,Sunday: 00:00 - 23:59,Out of Range
,Monday: CLOSED - CLOSED,palmtreeacai_plazagourmetdel_ue,Monday: 00:00 - 23:59,Out of Range
,Tuesday: CLOSED - CLOSED,palmtreeacai_plazagourmetdel_ue,Tuesday: 00:00 - 23:59,Out of Range
,Wednesday: CLOSED - CLOSED,palmtreeacai_plazagourmetdel_ue,Wednesday: 00:00 - 23:59,Out of Range
,Thursday: CLOSED - CLOSED,palmtreeacai_plazagourmetdel_ue,Thursday: 00:00 - 23:59,Out of Range
,Friday: CLOSED - CLOSED,palmtreeacai_plazagourmetdel_ue,Friday: 00:00 - 23:59,Out of Range
,Saturday: CLOSED - CLOSED,palmtreeacai_plazagourmetdel_ue,Saturday: 00:00 - 23:59,Out of Range
,Sunday: CLOSED - CLOSED,palmtreeacai_plazagourmetdel_ue,Sunday: 00:00 - 23:59,Out of Range
,Monday: CLOSED - CLOSED,theomelettefarm_plazagourmetdel_ue,Monday: 00:00 - 23:59,Out of Range
,Tuesday: CLOSED - CLOSED,theomelettefarm_plazagourmetdel_ue,Tuesday: 00:00 - 23:59,Out of Range
,Wednesday: CLOSED - CLOSED,theomelettefarm_plazagourmetdel_ue,Wednesday: 00:00 - 23:59,Out of Range
,Thursday: CLOSED - CLOSED,theomelettefarm_plazagourmetdel_ue,Thursday: 00:00 - 23:59,Out of Range
,Friday: CLOSED - CLOSED,theomelettefarm_plazagourmetdel_ue,Friday: 00:00 - 23:59,Out of Range
,Saturday: CLOSED - CLOSED,theomelettefarm_plazagourmetdel_ue,Saturday: 00:00 - 23:59,Out of Range
,Sunday: CLOSED - CLOSED,theomelettefarm_plazagourmetdel_ue,Sunday: 00:00 - 23:59,Out of Range
,Monday: CLOSED - CLOSED,firenzepastaris_plazamarketquee_ue,Monday: 00:00 - 23:59,Out of Range
,Tuesday: CLOSED - CLOSED,firenzepastaris_plazamarketquee_ue,Tuesday: 00:00 - 23:59,Out of Range
,Wednesday: CLOSED - CLOSED,firenzepastaris_plazamarketquee_ue,Wednesday: 00:00 - 23:59,Out of Range
,Thursday: CLOSED - CLOSED,firenzepastaris_plazamarketquee_ue,Thursday: 00:00 - 23:59,Out of Range
,Friday: CLOSED - CLOSED,firenzepastaris_plazamarketquee_ue,Friday: 00:00 - 23:59,Out of Range
,Saturday: CLOSED - CLOSED,firenzepastaris_plazamarketquee_ue,Saturday: 00:00 - 23:59,Out of Range
,Sunday: CLOSED - CLOSED,firenzepastaris_plazamarketquee_ue,Sunday: 00:00 - 23:59,Out of Range
,Monday: CLOSED - CLOSED,jrsphillycheese_plazamarketquee_ue,Monday: 00:00 - 23:59,Out of Range
,Tuesday: CLOSED - CLOSED,jrsphillycheese_plazamarketquee_ue,Tuesday: 00:00 - 23:59,Out of Range
,Wednesday: CLOSED - CLOSED,jrsphillycheese_plazamarketquee_ue,Wednesday: 00:00 - 23:59,Out of Range
,Thursday: CLOSED - CLOSED,jrsphillycheese_plazamarketquee_ue,Thursday: 00:00 - 23:59,Out of Range
,Friday: CLOSED - CLOSED,jrsphillycheese_plazamarketquee_ue,Friday: 00:00 - 23:59,Out of Range
,Saturday: CLOSED - CLOSED,jrsphillycheese_plazamarketquee_ue,Saturday: 00:00 - 23:59,Out of Range
,Sunday: CLOSED - CLOSED,jrsphillycheese_plazamarketquee_ue,Sunday: 00:00 - 23:59,Out of Range
,Monday: CLOSED - CLOSED,kellyspancakeba_plazamarketquee_ue,Monday: 00:00 - 23:59,Out of Range
,Tuesday: CLOSED - CLOSED,kellyspancakeba_plazamarketquee_ue,Tuesday: 00:00 - 23:59,Out of Range
,Wednesday: CLOSED - CLOSED,kellyspancakeba_plazamarketquee_ue,Wednesday: 00:00 - 23:59,Out of Range
,Thursday: CLOSED - CLOSED,kellyspancakeba_plazamarketquee_ue,Thursday: 00:00 - 23:59,Out of Range
,Friday: CLOSED - CLOSED,kellyspancakeba_plazamarketquee_ue,Friday: 00:00 - 23:59,Out of Range
,Saturday: CLOSED - CLOSED,kellyspancakeba_plazamarketquee_ue,Saturday: 00:00 - 23:59,Out of Range
,Sunday: CLOSED - CLOSED,kellyspancakeba_plazamarketquee_ue,Sunday: 00:00 - 23:59,Out of Range
,Monday: CLOSED - CLOSED,labellaitaliand_plazamarketquee_ue,Monday: 00:00 - 23:59,Out of Range
,Tuesday: CLOSED - CLOSED,labellaitaliand_plazamarketquee_ue,Tuesday: 00:00 - 23:59,Out of Range
,Wednesday: CLOSED - CLOSED,labellaitaliand_plazamarketquee_ue,Wednesday: 00:00 - 23:59,Out of Range
,Thursday: CLOSED - CLOSED,labellaitaliand_plazamarketquee_ue,Thursday: 00:00 - 23:59,Out of Range
,Friday: CLOSED - CLOSED,labellaitaliand_plazamarketquee_ue,Friday: 00:00 - 23:59,Out of Range
,Saturday: CLOSED - CLOSED,labellaitaliand_plazamarketquee_ue,Saturday: 00:00 - 23:59,Out of Range
,Sunday: CLOSED - CLOSED,labellaitaliand_plazamarketquee_ue,Sunday: 00:00 - 23:59,Out of Range
,Monday: CLOSED - CLOSED,thefarmerssalad_plazamarketquee_ue,Monday: 00:00 - 23:59,Out of Range
,Tuesday: CLOSED - CLOSED,thefarmerssalad_plazamarketquee_ue,Tuesday: 00:00 - 23:59,Out of Range
,Wednesday: CLOSED - CLOSED,thefarmerssalad_plazamarketquee_ue,Wednesday: 00:00 - 23:59,Out of Range
,Thursday: CLOSED - CLOSED,thefarmerssalad_plazamarketquee_ue,Thursday: 00:00 - 23:59,Out of Range
,Friday: CLOSED - CLOSED,thefarmerssalad_plazamarketquee_ue,Friday: 00:00 - 23:59,Out of Range
,Saturday: CLOSED - CLOSED,thefarmerssalad_plazamarketquee_ue,Saturday: 00:00 - 23:59,Out of Range
,Sunday: CLOSED - CLOSED,thefarmerssalad_plazamarketquee_ue,Sunday: 00:00 - 23:59,Out of Range
,Monday: CLOSED - CLOSED,thepastastory_plazamarketquee_ue,Monday: 00:00 - 23:59,Out of Range
,Tuesday: CLOSED - CLOSED,thepastastory_plazamarketquee_ue,Tuesday: 00:00 - 23:59,Out of Range
,Wednesday: CLOSED - CLOSED,thepastastory_plazamarketquee_ue,Wednesday: 00:00 - 23:59,Out of Range
,Thursday: CLOSED - CLOSED,thepastastory_plazamarketquee_ue,Thursday: 00:00 - 23:59,Out of Range
,Friday: CLOSED - CLOSED,thepastastory_plazamarketquee_ue,Friday: 00:00 - 23:59,Out of Range
,Saturday: CLOSED - CLOSED,thepastastory_plazamarketquee_ue,Saturday: 00:00 - 23:59,Out of Range
,Sunday: CLOSED - CLOSED,thepastastory_plazamarketquee_ue,Sunday: 00:00 - 23:59,Out of Range
,Monday: CLOSED - CLOSED,amoreitaliandes_princedelimarke_ue,Monday: 00:00 - 23:59,Out of Range
,Tuesday: CLOSED - CLOSED,amoreitaliandes_princedelimarke_ue,Tuesday: 00:00 - 23:59,Out of Range
,Wednesday: CLOSED - CLOSED,amoreitaliandes_princedelimarke_ue,Wednesday: 00:00 - 23:59,Out of Range
,Thursday: CLOSED - CLOSED,amoreitaliandes_princedelimarke_ue,Thursday: 00:00 - 23:59,Out of Range
,Friday: CLOSED - CLOSED,amoreitaliandes_princedelimarke_ue,Friday: 00:00 - 23:59,Out of Range
,Saturday: CLOSED - CLOSED,amoreitaliandes_princedelimarke_ue,Saturday: 00:00 - 23:59,Out of Range
,Sunday: CLOSED - CLOSED,amoreitaliandes_princedelimarke_ue,Sunday: 00:00 - 23:59,Out of Range
,Monday: CLOSED - CLOSED,burritoloversba_princedelimarke_ue,Monday: 00:00 - 23:59,Out of Range
,Tuesday: CLOSED - CLOSED,burritoloversba_princedelimarke_ue,Tuesday: 00:00 - 23:59,Out of Range
,Wednesday: CLOSED - CLOSED,burritoloversba_princedelimarke_ue,Wednesday: 00:00 - 23:59,Out of Range
,Thursday: CLOSED - CLOSED,burritoloversba_princedelimarke_ue,Thursday: 00:00 - 23:59,Out of Range
,Friday: CLOSED - CLOSED,burritoloversba_princedelimarke_ue,Friday: 00:00 - 23:59,Out of Range
,Saturday: CLOSED - CLOSED,burritoloversba_princedelimarke_ue,Saturday: 00:00 - 23:59,Out of Range
,Sunday: CLOSED - CLOSED,burritoloversba_princedelimarke_ue,Sunday: 00:00 - 23:59,Out of Range
,Monday: CLOSED - CLOSED,devilsburgerbar_princedelimarke_ue,Monday: 00:00 - 23:59,Out of Range
,Tuesday: CLOSED - CLOSED,devilsburgerbar_princedelimarke_ue,Tuesday: 00:00 - 23:59,Out of Range
,Wednesday: CLOSED - CLOSED,devilsburgerbar_princedelimarke_ue,Wednesday: 00:00 - 23:59,Out of Range
,Thursday: CLOSED - CLOSED,devilsburgerbar_princedelimarke_ue,Thursday: 00:00 - 23:59,Out of Range
,Friday: CLOSED - CLOSED,devilsburgerbar_princedelimarke_ue,Friday: 00:00 - 23:59,Out of Range
,Saturday: CLOSED - CLOSED,devilsburgerbar_princedelimarke_ue,Saturday: 00:00 - 23:59,Out of Range
,Sunday: CLOSED - CLOSED,devilsburgerbar_princedelimarke_ue,Sunday: 00:00 - 23:59,Out of Range
,Monday: CLOSED - CLOSED,marysbagelbar_princedelimarke_ue,Monday: 00:00 - 23:59,Out of Range
,Tuesday: CLOSED - CLOSED,marysbagelbar_princedelimarke_ue,Tuesday: 00:00 - 23:59,Out of Range
,Wednesday: CLOSED - CLOSED,marysbagelbar_princedelimarke_ue,Wednesday: 00:00 - 23:59,Out of Range
,Thursday: CLOSED - CLOSED,marysbagelbar_princedelimarke_ue,Thursday: 00:00 - 23:59,Out of Range
,Friday: CLOSED - CLOSED,marysbagelbar_princedelimarke_ue,Friday: 00:00 - 23:59,Out of Range
,Saturday: CLOSED - CLOSED,marysbagelbar_princedelimarke_ue,Saturday: 00:00 - 23:59,Out of Range
,Sunday: CLOSED - CLOSED,marysbagelbar_princedelimarke_ue,Sunday: 00:00 - 23:59,Out of Range
,Monday: CLOSED - CLOSED,marysbreakfastb_princedelimarke_ue,Monday: 00:00 - 23:59,Out of Range
,Tuesday: CLOSED - CLOSED,marysbreakfastb_princedelimarke_ue,Tuesday: 00:00 - 23:59,Out of Range
,Wednesday: CLOSED - CLOSED,marysbreakfastb_princedelimarke_ue,Wednesday: 00:00 - 23:59,Out of Range
,Thursday: CLOSED - CLOSED,marysbreakfastb_princedelimarke_ue,Thursday: 00:00 - 23:59,Out of Range
,Friday: CLOSED - CLOSED,marysbreakfastb_princedelimarke_ue,Friday: 00:00 - 23:59,Out of Range
,Saturday: CLOSED - CLOSED,marysbreakfastb_princedelimarke_ue,Saturday: 00:00 - 23:59,Out of Range
,Sunday: CLOSED - CLOSED,marysbreakfastb_princedelimarke_ue,Sunday: 00:00 - 23:59,Out of Range
,Monday: CLOSED - CLOSED,nysmoothiejoint_princedelimarke_ue,Monday: 00:00 - 23:59,Out of Range
,Tuesday: CLOSED - CLOSED,nysmoothiejoint_princedelimarke_ue,Tuesday: 00:00 - 23:59,Out of Range
,Wednesday: CLOSED - CLOSED,nysmoothiejoint_princedelimarke_ue,Wednesday: 00:00 - 23:59,Out of Range
,Thursday: CLOSED - CLOSED,nysmoothiejoint_princedelimarke_ue,Thursday: 00:00 - 23:59,Out of Range
,Friday: CLOSED - CLOSED,nysmoothiejoint_princedelimarke_ue,Friday: 00:00 - 23:59,Out of Range
,Saturday: CLOSED - CLOSED,nysmoothiejoint_princedelimarke_ue,Saturday: 00:00 - 23:59,Out of Range
,Sunday: CLOSED - CLOSED,nysmoothiejoint_princedelimarke_ue,Sunday: 00:00 - 23:59,Out of Range
,Monday: CLOSED - CLOSED,pennyspancakes_princedelimarke_ue,Monday: 00:00 - 23:59,Out of Range
,Tuesday: CLOSED - CLOSED,pennyspancakes_princedelimarke_ue,Tuesday: 00:00 - 23:59,Out of Range
,Wednesday: CLOSED - CLOSED,pennyspancakes_princedelimarke_ue,Wednesday: 00:00 - 23:59,Out of Range
,Thursday: CLOSED - CLOSED,pennyspancakes_princedelimarke_ue,Thursday: 00:00 - 23:59,Out of Range
,Friday: CLOSED - CLOSED,pennyspancakes_princedelimarke_ue,Friday: 00:00 - 23:59,Out of Range
,Saturday: CLOSED - CLOSED,pennyspancakes_princedelimarke_ue,Saturday: 00:00 - 23:59,Out of Range
,Sunday: CLOSED - CLOSED,pennyspancakes_princedelimarke_ue,Sunday: 00:00 - 23:59,Out of Range
,Monday: CLOSED - CLOSED,philadelphiache_princedelimarke_ue,Monday: 00:00 - 23:59,Out of Range
,Tuesday: CLOSED - CLOSED,philadelphiache_princedelimarke_ue,Tuesday: 00:00 - 23:59,Out of Range
,Wednesday: CLOSED - CLOSED,philadelphiache_princedelimarke_ue,Wednesday: 00:00 - 23:59,Out of Range
,Thursday: CLOSED - CLOSED,philadelphiache_princedelimarke_ue,Thursday: 00:00 - 23:59,Out of Range
,Friday: CLOSED - CLOSED,philadelphiache_princedelimarke_ue,Friday: 00:00 - 23:59,Out of Range
,Saturday: CLOSED - CLOSED,philadelphiache_princedelimarke_ue,Saturday: 00:00 - 23:59,Out of Range
,Sunday: CLOSED - CLOSED,philadelphiache_princedelimarke_ue,Sunday: 00:00 - 23:59,Out of Range
,Monday: CLOSED - CLOSED,theamericanchee_princedelimarke_ue,Monday: 00:00 - 23:59,Out of Range
,Tuesday: CLOSED - CLOSED,theamericanchee_princedelimarke_ue,Tuesday: 00:00 - 23:59,Out of Range
,Wednesday: CLOSED - CLOSED,theamericanchee_princedelimarke_ue,Wednesday: 00:00 - 23:59,Out of Range
,Thursday: CLOSED - CLOSED,theamericanchee_princedelimarke_ue,Thursday: 00:00 - 23:59,Out of Range
,Friday: CLOSED - CLOSED,theamericanchee_princedelimarke_ue,Friday: 00:00 - 23:59,Out of Range
,Saturday: CLOSED - CLOSED,theamericanchee_princedelimarke_ue,Saturday: 00:00 - 23:59,Out of Range
,Sunday: CLOSED - CLOSED,theamericanchee_princedelimarke_ue,Sunday: 00:00 - 23:59,Out of Range
,Monday: CLOSED - CLOSED,theburritobae_princedelimarke_ue,Monday: 00:00 - 23:59,Out of Range
,Tuesday: CLOSED - CLOSED,theburritobae_princedelimarke_ue,Tuesday: 00:00 - 23:59,Out of Range
,Wednesday: CLOSED - CLOSED,theburritobae_princedelimarke_ue,Wednesday: 00:00 - 23:59,Out of Range
,Thursday: CLOSED - CLOSED,theburritobae_princedelimarke_ue,Thursday: 00:00 - 23:59,Out of Range
,Friday: CLOSED - CLOSED,theburritobae_princedelimarke_ue,Friday: 00:00 - 23:59,Out of Range
,Saturday: CLOSED - CLOSED,theburritobae_princedelimarke_ue,Saturday: 00:00 - 23:59,Out of Range
,Sunday: CLOSED - CLOSED,theburritobae_princedelimarke_ue,Sunday: 00:00 - 23:59,Out of Range
,Monday: CLOSED - CLOSED,thefrenchtoastf_princedelimarke_ue,Monday: 00:00 - 23:59,Out of Range
,Tuesday: CLOSED - CLOSED,thefrenchtoastf_princedelimarke_ue,Tuesday: 00:00 - 23:59,Out of Range
,Wednesday: CLOSED - CLOSED,thefrenchtoastf_princedelimarke_ue,Wednesday: 00:00 - 23:59,Out of Range
,Thursday: CLOSED - CLOSED,thefrenchtoastf_princedelimarke_ue,Thursday: 00:00 - 23:59,Out of Range
,Friday: CLOSED - CLOSED,thefrenchtoastf_princedelimarke_ue,Friday: 00:00 - 23:59,Out of Range
,Saturday: CLOSED - CLOSED,thefrenchtoastf_princedelimarke_ue,Saturday: 00:00 - 23:59,Out of Range
,Sunday: CLOSED - CLOSED,thefrenchtoastf_princedelimarke_ue,Sunday: 00:00 - 23:59,Out of Range
,Monday: CLOSED - CLOSED,thepaniniprojec_princedelimarke_ue,Monday: 00:00 - 23:59,Out of Range
,Tuesday: CLOSED - CLOSED,thepaniniprojec_princedelimarke_ue,Tuesday: 00:00 - 23:59,Out of Range
,Wednesday: CLOSED - CLOSED,thepaniniprojec_princedelimarke_ue,Wednesday: 00:00 - 23:59,Out of Range
,Thursday: CLOSED - CLOSED,thepaniniprojec_princedelimarke_ue,Thursday: 00:00 - 23:59,Out of Range
,Friday: CLOSED - CLOSED,thepaniniprojec_princedelimarke_ue,Friday: 00:00 - 23:59,Out of Range
,Saturday: CLOSED - CLOSED,thepaniniprojec_princedelimarke_ue,Saturday: 00:00 - 23:59,Out of Range
,Sunday: CLOSED - CLOSED,thepaniniprojec_princedelimarke_ue,Sunday: 00:00 - 23:59,Out of Range
,Monday: CLOSED - CLOSED,thesaladgod_princedelimarke_ue,Monday: 00:00 - 23:59,Out of Range
,Tuesday: CLOSED - CLOSED,thesaladgod_princedelimarke_ue,Tuesday: 00:00 - 23:59,Out of Range
,Wednesday: CLOSED - CLOSED,thesaladgod_princedelimarke_ue,Wednesday: 00:00 - 23:59,Out of Range
,Thursday: CLOSED - CLOSED,thesaladgod_princedelimarke_ue,Thursday: 00:00 - 23:59,Out of Range
,Friday: CLOSED - CLOSED,thesaladgod_princedelimarke_ue,Friday: 00:00 - 23:59,Out of Range
,Saturday: CLOSED - CLOSED,thesaladgod_princedelimarke_ue,Saturday: 00:00 - 23:59,Out of Range
,Sunday: CLOSED - CLOSED,thesaladgod_princedelimarke_ue,Sunday: 00:00 - 23:59,Out of Range
,Monday: CLOSED - CLOSED,wonkassmoothieb_princedelimarke_ue,Monday: 00:00 - 23:59,Out of Range
,Tuesday: CLOSED - CLOSED,wonkassmoothieb_princedelimarke_ue,Tuesday: 00:00 - 23:59,Out of Range
,Wednesday: CLOSED - CLOSED,wonkassmoothieb_princedelimarke_ue,Wednesday: 00:00 - 23:59,Out of Range
,Thursday: CLOSED - CLOSED,wonkassmoothieb_princedelimarke_ue,Thursday: 00:00 - 23:59,Out of Range
,Friday: CLOSED - CLOSED,wonkassmoothieb_princedelimarke_ue,Friday: 00:00 - 23:59,Out of Range
,Saturday: CLOSED - CLOSED,wonkassmoothieb_princedelimarke_ue,Saturday: 00:00 - 23:59,Out of Range
,Sunday: CLOSED - CLOSED,wonkassmoothieb_princedelimarke_ue,Sunday: 00:00 - 23:59,Out of Range
,Monday: CLOSED - CLOSED,addictiveburger_rbsllcdbatlkitc_ue,Monday: 10:00 - 00:00,Out of Range
,Tuesday: CLOSED - CLOSED,addictiveburger_rbsllcdbatlkitc_ue,Tuesday: 10:00 - 00:00,Out of Range
,Wednesday: CLOSED - CLOSED,addictiveburger_rbsllcdbatlkitc_ue,Wednesday: 10:00 - 00:00,Out of Range
,Thursday: CLOSED - CLOSED,addictiveburger_rbsllcdbatlkitc_ue,Thursday: 10:00 - 00:00,Out of Range
,Friday: CLOSED - CLOSED,addictiveburger_rbsllcdbatlkitc_ue,Friday: 10:00 - 02:00,Out of Range
,Saturday: CLOSED - CLOSED,addictiveburger_rbsllcdbatlkitc_ue,Saturday: 10:00 - 00:00,Out of Range
,Sunday: CLOSED - CLOSED,addictiveburger_rbsllcdbatlkitc_ue,Sunday: 10:00 - 00:00,Out of Range
,Monday: CLOSED - CLOSED,alyssasdessertb_rbsllcdbatlkitc_ue,Monday: 02:00 - 03:00,Out of Range
,Tuesday: CLOSED - CLOSED,alyssasdessertb_rbsllcdbatlkitc_ue,Tuesday: 02:00 - 03:00,Out of Range
,Wednesday: CLOSED - CLOSED,alyssasdessertb_rbsllcdbatlkitc_ue,Wednesday: 02:00 - 03:00,Out of Range
,Thursday: CLOSED - CLOSED,alyssasdessertb_rbsllcdbatlkitc_ue,Thursday: 02:00 - 03:00,Out of Range
,Saturday: CLOSED - CLOSED,alyssasdessertb_rbsllcdbatlkitc_ue,Saturday: 02:00 - 03:00,Out of Range
,Sunday: CLOSED - CLOSED,alyssasdessertb_rbsllcdbatlkitc_ue,Sunday: 02:00 - 03:00,Out of Range
,Monday: CLOSED - CLOSED,gourmetmacnchee_rbsllcdbatlkitc_ue,Monday: 02:00 - 03:00,Out of Range
,Monday: CLOSED - CLOSED,greenvibessalad_rbsllcdbatlkitc_ue,Monday: 02:00 - 03:00,Out of Range
,Monday: CLOSED - CLOSED,halalshawarmaba_rbsllcdbatlkitc_ue,Monday: 02:00 - 03:00,Out of Range
,Tuesday: CLOSED - CLOSED,halalshawarmaba_rbsllcdbatlkitc_ue,Tuesday: 02:00 - 03:00,Out of Range
,Wednesday: CLOSED - CLOSED,halalshawarmaba_rbsllcdbatlkitc_ue,Wednesday: 02:00 - 03:00,Out of Range
,Thursday: CLOSED - CLOSED,halalshawarmaba_rbsllcdbatlkitc_ue,Thursday: 02:00 - 03:00,Out of Range
,Saturday: CLOSED - CLOSED,halalshawarmaba_rbsllcdbatlkitc_ue,Saturday: 02:00 - 03:00,Out of Range
,Sunday: CLOSED - CLOSED,halalshawarmaba_rbsllcdbatlkitc_ue,Sunday: 02:00 - 03:00,Out of Range
,Monday: CLOSED - CLOSED,oldtownsandwich_rbsllcdbatlkitc_ue,Monday: 02:00 - 03:00,Out of Range
,Monday: CLOSED - CLOSED,pennyschickente_rbsllcdbatlkitc_ue,Monday: 02:00 - 03:00,Out of Range
,Tuesday: CLOSED - CLOSED,pennyschickente_rbsllcdbatlkitc_ue,Tuesday: 02:00 - 03:00,Out of Range
,Wednesday: CLOSED - CLOSED,pennyschickente_rbsllcdbatlkitc_ue,Wednesday: 02:00 - 03:00,Out of Range
,Thursday: CLOSED - CLOSED,pennyschickente_rbsllcdbatlkitc_ue,Thursday: 02:00 - 03:00,Out of Range
,Saturday: CLOSED - CLOSED,pennyschickente_rbsllcdbatlkitc_ue,Saturday: 02:00 - 03:00,Out of Range
,Sunday: CLOSED - CLOSED,pennyschickente_rbsllcdbatlkitc_ue,Sunday: 02:00 - 03:00,Out of Range
,Monday: CLOSED - CLOSED,perryspizzaparl_rbsllcdbatlkitc_ue,Monday: 02:00 - 03:00,Out of Range
,Tuesday: CLOSED - CLOSED,perryspizzaparl_rbsllcdbatlkitc_ue,Tuesday: 02:00 - 03:00,Out of Range
,Wednesday: CLOSED - CLOSED,perryspizzaparl_rbsllcdbatlkitc_ue,Wednesday: 02:00 - 03:00,Out of Range
,Thursday: CLOSED - CLOSED,perryspizzaparl_rbsllcdbatlkitc_ue,Thursday: 02:00 - 03:00,Out of Range
,Saturday: CLOSED - CLOSED,perryspizzaparl_rbsllcdbatlkitc_ue,Saturday: 02:00 - 03:00,Out of Range
,Sunday: CLOSED - CLOSED,perryspizzaparl_rbsllcdbatlkitc_ue,Sunday: 02:00 - 03:00,Out of Range
,Monday: CLOSED - CLOSED,rooftopsandwich_rbsllcdbatlkitc_ue,Monday: 02:00 - 03:00,Out of Range
,Monday: CLOSED - CLOSED,tacoparadiso_rbsllcdbatlkitc_ue,Monday: 02:00 - 03:00,Out of Range
,Monday: CLOSED - CLOSED,thecalzoneempir_rbsllcdbatlkitc_ue,Monday: 02:00 - 03:00,Out of Range
,Monday: CLOSED - CLOSED,thecraftpizza_rbsllcdbatlkitc_ue,Monday: 02:00 - 03:00,Out of Range
,Monday: CLOSED - CLOSED,thedessertshack_rbsllcdbatlkitc_ue,Monday: 02:00 - 03:00,Out of Range
,Tuesday: CLOSED - CLOSED,thedessertshack_rbsllcdbatlkitc_ue,Tuesday: 02:00 - 03:00,Out of Range
,Wednesday: CLOSED - CLOSED,thedessertshack_rbsllcdbatlkitc_ue,Wednesday: 02:00 - 03:00,Out of Range
,Thursday: CLOSED - CLOSED,thedessertshack_rbsllcdbatlkitc_ue,Thursday: 02:00 - 03:00,Out of Range
,Saturday: CLOSED - CLOSED,thedessertshack_rbsllcdbatlkitc_ue,Saturday: 02:00 - 03:00,Out of Range
,Sunday: CLOSED - CLOSED,thedessertshack_rbsllcdbatlkitc_ue,Sunday: 02:00 - 03:00,Out of Range
,Monday: CLOSED - CLOSED,thenashvillechi_rbsllcdbatlkitc_ue,Monday: 02:00 - 03:00,Out of Range
,Tuesday: CLOSED - CLOSED,thenashvillechi_rbsllcdbatlkitc_ue,Tuesday: 02:00 - 03:00,Out of Range
,Wednesday: CLOSED - CLOSED,thenashvillechi_rbsllcdbatlkitc_ue,Wednesday: 02:00 - 03:00,Out of Range
,Thursday: CLOSED - CLOSED,thenashvillechi_rbsllcdbatlkitc_ue,Thursday: 02:00 - 03:00,Out of Range
,Saturday: CLOSED - CLOSED,thenashvillechi_rbsllcdbatlkitc_ue,Saturday: 02:00 - 03:00,Out of Range
,Sunday: CLOSED - CLOSED,thenashvillechi_rbsllcdbatlkitc_ue,Sunday: 02:00 - 03:00,Out of Range
,Monday: CLOSED - CLOSED,thesaladsnob_rbsllcdbatlkitc_ue,Monday: 02:00 - 03:00,Out of Range
,Monday: CLOSED - CLOSED,veronicasburrit_rbsllcdbatlkitc_ue,Monday: 02:00 - 03:00,Out of Range
,Monday: CLOSED - CLOSED,chocolatecakesp_remedydiner_ue,Monday: 00:00 - 23:59,Out of Range
,Tuesday: CLOSED - CLOSED,chocolatecakesp_remedydiner_ue,Tuesday: 00:00 - 23:59,Out of Range
,Wednesday: CLOSED - CLOSED,chocolatecakesp_remedydiner_ue,Wednesday: 00:00 - 23:59,Out of Range
,Thursday: CLOSED - CLOSED,chocolatecakesp_remedydiner_ue,Thursday: 00:00 - 23:59,Out of Range
,Friday: CLOSED - CLOSED,chocolatecakesp_remedydiner_ue,Friday: 00:00 - 23:59,Out of Range
,Saturday: CLOSED - CLOSED,chocolatecakesp_remedydiner_ue,Saturday: 00:00 - 23:59,Out of Range
,Sunday: CLOSED - CLOSED,chocolatecakesp_remedydiner_ue,Sunday: 00:00 - 23:59,Out of Range
,Monday: CLOSED - CLOSED,cracknomelette_remedydiner_ue,Monday: 00:00 - 23:59,Out of Range
,Tuesday: CLOSED - CLOSED,cracknomelette_remedydiner_ue,Tuesday: 00:00 - 23:59,Out of Range
,Wednesday: CLOSED - CLOSED,cracknomelette_remedydiner_ue,Wednesday: 00:00 - 23:59,Out of Range
,Thursday: CLOSED - CLOSED,cracknomelette_remedydiner_ue,Thursday: 00:00 - 23:59,Out of Range
,Friday: CLOSED - CLOSED,cracknomelette_remedydiner_ue,Friday: 00:00 - 23:59,Out of Range
,Saturday: CLOSED - CLOSED,cracknomelette_remedydiner_ue,Saturday: 00:00 - 23:59,Out of Range
,Sunday: CLOSED - CLOSED,cracknomelette_remedydiner_ue,Sunday: 00:00 - 23:59,Out of Range
,Monday: CLOSED - CLOSED,daynnightpancak_remedydiner_ue,Monday: 00:00 - 23:59,Out of Range
,Tuesday: CLOSED - CLOSED,daynnightpancak_remedydiner_ue,Tuesday: 00:00 - 23:59,Out of Range
,Wednesday: CLOSED - CLOSED,daynnightpancak_remedydiner_ue,Wednesday: 00:00 - 23:59,Out of Range
,Thursday: CLOSED - CLOSED,daynnightpancak_remedydiner_ue,Thursday: 00:00 - 23:59,Out of Range
,Friday: CLOSED - CLOSED,daynnightpancak_remedydiner_ue,Friday: 00:00 - 23:59,Out of Range
,Saturday: CLOSED - CLOSED,daynnightpancak_remedydiner_ue,Saturday: 00:00 - 23:59,Out of Range
,Sunday: CLOSED - CLOSED,daynnightpancak_remedydiner_ue,Sunday: 00:00 - 23:59,Out of Range
,Monday: CLOSED - CLOSED,farmergirlsalad_remedydiner_ue,Monday: 00:00 - 23:59,Out of Range
,Tuesday: CLOSED - CLOSED,farmergirlsalad_remedydiner_ue,Tuesday: 00:00 - 23:59,Out of Range
,Wednesday: CLOSED - CLOSED,farmergirlsalad_remedydiner_ue,Wednesday: 00:00 - 23:59,Out of Range
,Thursday: CLOSED - CLOSED,farmergirlsalad_remedydiner_ue,Thursday: 00:00 - 23:59,Out of Range
,Friday: CLOSED - CLOSED,farmergirlsalad_remedydiner_ue,Friday: 00:00 - 23:59,Out of Range
,Saturday: CLOSED - CLOSED,farmergirlsalad_remedydiner_ue,Saturday: 00:00 - 23:59,Out of Range
,Sunday: CLOSED - CLOSED,farmergirlsalad_remedydiner_ue,Sunday: 00:00 - 23:59,Out of Range
,Monday: CLOSED - CLOSED,finishlineburge_remedydiner_ue,Monday: 00:00 - 23:59,Out of Range
,Tuesday: CLOSED - CLOSED,finishlineburge_remedydiner_ue,Tuesday: 00:00 - 23:59,Out of Range
,Wednesday: CLOSED - CLOSED,finishlineburge_remedydiner_ue,Wednesday: 00:00 - 23:59,Out of Range
,Thursday: CLOSED - CLOSED,finishlineburge_remedydiner_ue,Thursday: 00:00 - 23:59,Out of Range
,Friday: CLOSED - CLOSED,finishlineburge_remedydiner_ue,Friday: 00:00 - 23:59,Out of Range
,Saturday: CLOSED - CLOSED,finishlineburge_remedydiner_ue,Saturday: 00:00 - 23:59,Out of Range
,Sunday: CLOSED - CLOSED,finishlineburge_remedydiner_ue,Sunday: 00:00 - 23:59,Out of Range
,Monday: CLOSED - CLOSED,firstlightbreak_remedydiner_ue,Monday: 00:00 - 23:59,Out of Range
,Tuesday: CLOSED - CLOSED,firstlightbreak_remedydiner_ue,Tuesday: 00:00 - 23:59,Out of Range
,Wednesday: CLOSED - CLOSED,firstlightbreak_remedydiner_ue,Wednesday: 00:00 - 23:59,Out of Range
,Thursday: CLOSED - CLOSED,firstlightbreak_remedydiner_ue,Thursday: 00:00 - 23:59,Out of Range
,Friday: CLOSED - CLOSED,firstlightbreak_remedydiner_ue,Friday: 00:00 - 23:59,Out of Range
,Saturday: CLOSED - CLOSED,firstlightbreak_remedydiner_ue,Saturday: 00:00 - 23:59,Out of Range
,Sunday: CLOSED - CLOSED,firstlightbreak_remedydiner_ue,Sunday: 00:00 - 23:59,Out of Range
,Monday: CLOSED - CLOSED,friedchickensav_remedydiner_ue,Monday: 00:00 - 23:59,Out of Range
,Tuesday: CLOSED - CLOSED,friedchickensav_remedydiner_ue,Tuesday: 00:00 - 23:59,Out of Range
,Wednesday: CLOSED - CLOSED,friedchickensav_remedydiner_ue,Wednesday: 00:00 - 23:59,Out of Range
,Thursday: CLOSED - CLOSED,friedchickensav_remedydiner_ue,Thursday: 00:00 - 23:59,Out of Range
,Friday: CLOSED - CLOSED,friedchickensav_remedydiner_ue,Friday: 00:00 - 23:59,Out of Range
,Saturday: CLOSED - CLOSED,friedchickensav_remedydiner_ue,Saturday: 00:00 - 23:59,Out of Range
,Sunday: CLOSED - CLOSED,friedchickensav_remedydiner_ue,Sunday: 00:00 - 23:59,Out of Range
,Monday: CLOSED - CLOSED,hilltopsandwich_remedydiner_ue,Monday: 00:00 - 23:59,Out of Range
,Tuesday: CLOSED - CLOSED,hilltopsandwich_remedydiner_ue,Tuesday: 00:00 - 23:59,Out of Range
,Wednesday: CLOSED - CLOSED,hilltopsandwich_remedydiner_ue,Wednesday: 00:00 - 23:59,Out of Range
,Thursday: CLOSED - CLOSED,hilltopsandwich_remedydiner_ue,Thursday: 00:00 - 23:59,Out of Range
,Friday: CLOSED - CLOSED,hilltopsandwich_remedydiner_ue,Friday: 00:00 - 23:59,Out of Range
,Saturday: CLOSED - CLOSED,hilltopsandwich_remedydiner_ue,Saturday: 00:00 - 23:59,Out of Range
,Sunday: CLOSED - CLOSED,hilltopsandwich_remedydiner_ue,Sunday: 00:00 - 23:59,Out of Range
,Monday: CLOSED - CLOSED,morningseafoodc_remedydiner_ue,Monday: 00:00 - 23:59,Out of Range
,Tuesday: CLOSED - CLOSED,morningseafoodc_remedydiner_ue,Tuesday: 00:00 - 23:59,Out of Range
,Wednesday: CLOSED - CLOSED,morningseafoodc_remedydiner_ue,Wednesday: 00:00 - 23:59,Out of Range
,Thursday: CLOSED - CLOSED,morningseafoodc_remedydiner_ue,Thursday: 00:00 - 23:59,Out of Range
,Friday: CLOSED - CLOSED,morningseafoodc_remedydiner_ue,Friday: 00:00 - 23:59,Out of Range
,Saturday: CLOSED - CLOSED,morningseafoodc_remedydiner_ue,Saturday: 00:00 - 23:59,Out of Range
,Sunday: CLOSED - CLOSED,morningseafoodc_remedydiner_ue,Sunday: 00:00 - 23:59,Out of Range
,Monday: CLOSED - CLOSED,nyburgerbae_remedydiner_ue,Monday: 00:00 - 23:59,Out of Range
,Tuesday: CLOSED - CLOSED,nyburgerbae_remedydiner_ue,Tuesday: 00:00 - 23:59,Out of Range
,Wednesday: CLOSED - CLOSED,nyburgerbae_remedydiner_ue,Wednesday: 00:00 - 23:59,Out of Range
,Thursday: CLOSED - CLOSED,nyburgerbae_remedydiner_ue,Thursday: 00:00 - 23:59,Out of Range
,Friday: CLOSED - CLOSED,nyburgerbae_remedydiner_ue,Friday: 00:00 - 23:59,Out of Range
,Saturday: CLOSED - CLOSED,nyburgerbae_remedydiner_ue,Saturday: 00:00 - 23:59,Out of Range
,Sunday: CLOSED - CLOSED,nyburgerbae_remedydiner_ue,Sunday: 00:00 - 23:59,Out of Range
,Monday: CLOSED - CLOSED,notchmysandwich_remedydiner_ue,Monday: 00:00 - 23:59,Out of Range
,Tuesday: CLOSED - CLOSED,notchmysandwich_remedydiner_ue,Tuesday: 00:00 - 23:59,Out of Range
,Wednesday: CLOSED - CLOSED,notchmysandwich_remedydiner_ue,Wednesday: 00:00 - 23:59,Out of Range
,Thursday: CLOSED - CLOSED,notchmysandwich_remedydiner_ue,Thursday: 00:00 - 23:59,Out of Range
,Friday: CLOSED - CLOSED,notchmysandwich_remedydiner_ue,Friday: 00:00 - 23:59,Out of Range
,Saturday: CLOSED - CLOSED,notchmysandwich_remedydiner_ue,Saturday: 00:00 - 23:59,Out of Range
,Sunday: CLOSED - CLOSED,notchmysandwich_remedydiner_ue,Sunday: 00:00 - 23:59,Out of Range
,Monday: CLOSED - CLOSED,saladsnsoupssta_remedydiner_ue,Monday: 00:00 - 23:59,Out of Range
,Tuesday: CLOSED - CLOSED,saladsnsoupssta_remedydiner_ue,Tuesday: 00:00 - 23:59,Out of Range
,Wednesday: CLOSED - CLOSED,saladsnsoupssta_remedydiner_ue,Wednesday: 00:00 - 23:59,Out of Range
,Thursday: CLOSED - CLOSED,saladsnsoupssta_remedydiner_ue,Thursday: 00:00 - 23:59,Out of Range
,Friday: CLOSED - CLOSED,saladsnsoupssta_remedydiner_ue,Friday: 00:00 - 23:59,Out of Range
,Saturday: CLOSED - CLOSED,saladsnsoupssta_remedydiner_ue,Saturday: 00:00 - 23:59,Out of Range
,Sunday: CLOSED - CLOSED,saladsnsoupssta_remedydiner_ue,Sunday: 00:00 - 23:59,Out of Range
,Monday: CLOSED - CLOSED,sashassandwiche_remedydiner_ue,Monday: 00:00 - 23:59,Out of Range
,Tuesday: CLOSED - CLOSED,sashassandwiche_remedydiner_ue,Tuesday: 00:00 - 23:59,Out of Range
,Wednesday: CLOSED - CLOSED,sashassandwiche_remedydiner_ue,Wednesday: 00:00 - 23:59,Out of Range
,Thursday: CLOSED - CLOSED,sashassandwiche_remedydiner_ue,Thursday: 00:00 - 23:59,Out of Range
,Friday: CLOSED - CLOSED,sashassandwiche_remedydiner_ue,Friday: 00:00 - 23:59,Out of Range
,Saturday: CLOSED - CLOSED,sashassandwiche_remedydiner_ue,Saturday: 00:00 - 23:59,Out of Range
,Sunday: CLOSED - CLOSED,sashassandwiche_remedydiner_ue,Sunday: 00:00 - 23:59,Out of Range
,Monday: CLOSED - CLOSED,slapjackpancake_remedydiner_ue,Monday: 00:00 - 23:59,Out of Range
,Tuesday: CLOSED - CLOSED,slapjackpancake_remedydiner_ue,Tuesday: 00:00 - 23:59,Out of Range
,Wednesday: CLOSED - CLOSED,slapjackpancake_remedydiner_ue,Wednesday: 00:00 - 23:59,Out of Range
,Thursday: CLOSED - CLOSED,slapjackpancake_remedydiner_ue,Thursday: 00:00 - 23:59,Out of Range
,Friday: CLOSED - CLOSED,slapjackpancake_remedydiner_ue,Friday: 00:00 - 23:59,Out of Range
,Saturday: CLOSED - CLOSED,slapjackpancake_remedydiner_ue,Saturday: 00:00 - 23:59,Out of Range
,Sunday: CLOSED - CLOSED,slapjackpancake_remedydiner_ue,Sunday: 00:00 - 23:59,Out of Range
,Monday: CLOSED - CLOSED,thebreakfastbar_remedydiner_ue,Monday: 00:00 - 23:59,Out of Range
,Tuesday: CLOSED - CLOSED,thebreakfastbar_remedydiner_ue,Tuesday: 00:00 - 23:59,Out of Range
,Wednesday: CLOSED - CLOSED,thebreakfastbar_remedydiner_ue,Wednesday: 00:00 - 23:59,Out of Range
,Thursday: CLOSED - CLOSED,thebreakfastbar_remedydiner_ue,Thursday: 00:00 - 23:59,Out of Range
,Friday: CLOSED - CLOSED,thebreakfastbar_remedydiner_ue,Friday: 00:00 - 23:59,Out of Range
,Saturday: CLOSED - CLOSED,thebreakfastbar_remedydiner_ue,Saturday: 00:00 - 23:59,Out of Range
,Sunday: CLOSED - CLOSED,thebreakfastbar_remedydiner_ue,Sunday: 00:00 - 23:59,Out of Range
,Monday: CLOSED - CLOSED,theburgerstack_remedydiner_ue,Monday: 00:00 - 23:59,Out of Range
,Tuesday: CLOSED - CLOSED,theburgerstack_remedydiner_ue,Tuesday: 00:00 - 23:59,Out of Range
,Wednesday: CLOSED - CLOSED,theburgerstack_remedydiner_ue,Wednesday: 00:00 - 23:59,Out of Range
,Thursday: CLOSED - CLOSED,theburgerstack_remedydiner_ue,Thursday: 00:00 - 23:59,Out of Range
,Friday: CLOSED - CLOSED,theburgerstack_remedydiner_ue,Friday: 00:00 - 23:59,Out of Range
,Saturday: CLOSED - CLOSED,theburgerstack_remedydiner_ue,Saturday: 00:00 - 23:59,Out of Range
,Sunday: CLOSED - CLOSED,theburgerstack_remedydiner_ue,Sunday: 00:00 - 23:59,Out of Range
,Monday: CLOSED - CLOSED,charlieschicken_salsplacedeligr_ue,Monday: 00:00 - 23:59,Out of Range
,Tuesday: CLOSED - CLOSED,charlieschicken_salsplacedeligr_ue,Tuesday: 00:00 - 23:59,Out of Range
,Wednesday: CLOSED - CLOSED,charlieschicken_salsplacedeligr_ue,Wednesday: 00:00 - 23:59,Out of Range
,Thursday: CLOSED - CLOSED,charlieschicken_salsplacedeligr_ue,Thursday: 00:00 - 23:59,Out of Range
,Friday: CLOSED - CLOSED,charlieschicken_salsplacedeligr_ue,Friday: 00:00 - 23:59,Out of Range
,Saturday: CLOSED - CLOSED,charlieschicken_salsplacedeligr_ue,Saturday: 00:00 - 23:59,Out of Range
,Sunday: CLOSED - CLOSED,charlieschicken_salsplacedeligr_ue,Sunday: 00:00 - 23:59,Out of Range
,Monday: CLOSED - CLOSED,thesaladgod_salsplacedeligr_ue,Monday: 00:00 - 23:59,Out of Range
,Tuesday: CLOSED - CLOSED,thesaladgod_salsplacedeligr_ue,Tuesday: 00:00 - 23:59,Out of Range
,Wednesday: CLOSED - CLOSED,thesaladgod_salsplacedeligr_ue,Wednesday: 00:00 - 23:59,Out of Range
,Thursday: CLOSED - CLOSED,thesaladgod_salsplacedeligr_ue,Thursday: 00:00 - 23:59,Out of Range
,Friday: CLOSED - CLOSED,thesaladgod_salsplacedeligr_ue,Friday: 00:00 - 23:59,Out of Range
,Saturday: CLOSED - CLOSED,thesaladgod_salsplacedeligr_ue,Saturday: 00:00 - 23:59,Out of Range
,Sunday: CLOSED - CLOSED,thesaladgod_salsplacedeligr_ue,Sunday: 00:00 - 23:59,Out of Range
,Monday: CLOSED - CLOSED,thesandwichslut_salsplacedeligr_ue,Monday: 00:00 - 23:59,Out of Range
,Tuesday: CLOSED - CLOSED,thesandwichslut_salsplacedeligr_ue,Tuesday: 00:00 - 23:59,Out of Range
,Wednesday: CLOSED - CLOSED,thesandwichslut_salsplacedeligr_ue,Wednesday: 00:00 - 23:59,Out of Range
,Thursday: CLOSED - CLOSED,thesandwichslut_salsplacedeligr_ue,Thursday: 00:00 - 23:59,Out of Range
,Friday: CLOSED - CLOSED,thesandwichslut_salsplacedeligr_ue,Friday: 00:00 - 23:59,Out of Range
,Saturday: CLOSED - CLOSED,thesandwichslut_salsplacedeligr_ue,Saturday: 00:00 - 23:59,Out of Range
,Sunday: CLOSED - CLOSED,thesandwichslut_salsplacedeligr_ue,Sunday: 00:00 - 23:59,Out of Range
,Monday: CLOSED - CLOSED,addictivefriedc_saranbrothersll_ue,Monday: 10:30 - 01:00,Out of Range
,Tuesday: CLOSED - CLOSED,addictivefriedc_saranbrothersll_ue,Tuesday: 10:30 - 01:00,Out of Range
,Wednesday: CLOSED - CLOSED,addictivefriedc_saranbrothersll_ue,Wednesday: 10:30 - 01:00,Out of Range
,Thursday: CLOSED - CLOSED,addictivefriedc_saranbrothersll_ue,Thursday: 10:30 - 01:00,Out of Range
,Friday: CLOSED - CLOSED,addictivefriedc_saranbrothersll_ue,Friday: 10:30 - 01:00,Out of Range
,Saturday: CLOSED - CLOSED,addictivefriedc_saranbrothersll_ue,Saturday: 10:30 - 01:00,Out of Range
,Sunday: CLOSED - CLOSED,addictivefriedc_saranbrothersll_ue,Sunday: 10:30 - 21:30,Out of Range
,Monday: CLOSED - CLOSED,bbqribsco_saranbrothersll_ue,Monday: 10:30 - 01:00,Out of Range
,Tuesday: CLOSED - CLOSED,bbqribsco_saranbrothersll_ue,Tuesday: 10:30 - 01:00,Out of Range
,Wednesday: CLOSED - CLOSED,bbqribsco_saranbrothersll_ue,Wednesday: 10:30 - 01:00,Out of Range
,Thursday: CLOSED - CLOSED,bbqribsco_saranbrothersll_ue,Thursday: 10:30 - 01:00,Out of Range
,Friday: CLOSED - CLOSED,bbqribsco_saranbrothersll_ue,Friday: 10:30 - 01:00,Out of Range
,Saturday: CLOSED - CLOSED,bbqribsco_saranbrothersll_ue,Saturday: 10:30 - 01:00,Out of Range
,Sunday: CLOSED - CLOSED,bbqribsco_saranbrothersll_ue,Sunday: 10:30 - 21:30,Out of Range
,Monday: CLOSED - CLOSED,dannysdesserts_saranbrothersll_ue,Monday: 10:30 - 01:00,Out of Range
,Tuesday: CLOSED - CLOSED,dannysdesserts_saranbrothersll_ue,Tuesday: 10:30 - 01:00,Out of Range
,Wednesday: CLOSED - CLOSED,dannysdesserts_saranbrothersll_ue,Wednesday: 10:30 - 01:00,Out of Range
,Thursday: CLOSED - CLOSED,dannysdesserts_saranbrothersll_ue,Thursday: 10:30 - 01:00,Out of Range
,Friday: CLOSED - CLOSED,dannysdesserts_saranbrothersll_ue,Friday: 10:30 - 01:00,Out of Range
,Saturday: CLOSED - CLOSED,dannysdesserts_saranbrothersll_ue,Saturday: 10:30 - 01:00,Out of Range
,Sunday: CLOSED - CLOSED,dannysdesserts_saranbrothersll_ue,Sunday: 10:30 - 21:30,Out of Range
,Monday: CLOSED - CLOSED,healthysaladbar_saranbrothersll_ue,Monday: 10:30 - 01:00,Out of Range
,Tuesday: CLOSED - CLOSED,healthysaladbar_saranbrothersll_ue,Tuesday: 10:30 - 01:00,Out of Range
,Wednesday: CLOSED - CLOSED,healthysaladbar_saranbrothersll_ue,Wednesday: 10:30 - 01:00,Out of Range
,Thursday: CLOSED - CLOSED,healthysaladbar_saranbrothersll_ue,Thursday: 10:30 - 01:00,Out of Range
,Friday: CLOSED - CLOSED,healthysaladbar_saranbrothersll_ue,Friday: 10:30 - 01:00,Out of Range
,Saturday: CLOSED - CLOSED,healthysaladbar_saranbrothersll_ue,Saturday: 10:30 - 01:00,Out of Range
,Sunday: CLOSED - CLOSED,healthysaladbar_saranbrothersll_ue,Sunday: 10:30 - 21:30,Out of Range
,Monday: CLOSED - CLOSED,highlifepizzas_saranbrothersll_ue,Monday: 10:30 - 01:00,Out of Range
,Tuesday: CLOSED - CLOSED,highlifepizzas_saranbrothersll_ue,Tuesday: 10:30 - 01:00,Out of Range
,Wednesday: CLOSED - CLOSED,highlifepizzas_saranbrothersll_ue,Wednesday: 10:30 - 01:00,Out of Range
,Thursday: CLOSED - CLOSED,highlifepizzas_saranbrothersll_ue,Thursday: 10:30 - 01:00,Out of Range
,Friday: CLOSED - CLOSED,highlifepizzas_saranbrothersll_ue,Friday: 10:30 - 01:00,Out of Range
,Saturday: CLOSED - CLOSED,highlifepizzas_saranbrothersll_ue,Saturday: 10:30 - 01:00,Out of Range
,Sunday: CLOSED - CLOSED,highlifepizzas_saranbrothersll_ue,Sunday: 10:30 - 21:30,Out of Range
,Monday: CLOSED - CLOSED,midtownquesadil_saranbrothersll_ue,Monday: 10:30 - 01:00,Out of Range
,Tuesday: CLOSED - CLOSED,midtownquesadil_saranbrothersll_ue,Tuesday: 10:30 - 01:00,Out of Range
,Wednesday: CLOSED - CLOSED,midtownquesadil_saranbrothersll_ue,Wednesday: 10:30 - 01:00,Out of Range
,Thursday: CLOSED - CLOSED,midtownquesadil_saranbrothersll_ue,Thursday: 10:30 - 01:00,Out of Range
,Friday: CLOSED - CLOSED,midtownquesadil_saranbrothersll_ue,Friday: 10:30 - 01:00,Out of Range
,Saturday: CLOSED - CLOSED,midtownquesadil_saranbrothersll_ue,Saturday: 10:30 - 01:00,Out of Range
,Sunday: CLOSED - CLOSED,midtownquesadil_saranbrothersll_ue,Sunday: 10:30 - 21:30,Out of Range
,Monday: CLOSED - CLOSED,phillycheeseste_saranbrothersll_ue,Monday: 10:30 - 01:00,Out of Range
,Tuesday: CLOSED - CLOSED,phillycheeseste_saranbrothersll_ue,Tuesday: 10:30 - 01:00,Out of Range
,Wednesday: CLOSED - CLOSED,phillycheeseste_saranbrothersll_ue,Wednesday: 10:30 - 01:00,Out of Range
,Thursday: CLOSED - CLOSED,phillycheeseste_saranbrothersll_ue,Thursday: 10:30 - 01:00,Out of Range
,Friday: CLOSED - CLOSED,phillycheeseste_saranbrothersll_ue,Friday: 10:30 - 01:00,Out of Range
,Saturday: CLOSED - CLOSED,phillycheeseste_saranbrothersll_ue,Saturday: 10:30 - 01:00,Out of Range
,Sunday: CLOSED - CLOSED,phillycheeseste_saranbrothersll_ue,Sunday: 10:30 - 21:30,Out of Range
,Monday: CLOSED - CLOSED,thebreakfastsno_saranbrothersll_ue,Monday: 10:30 - 01:00,Out of Range
,Tuesday: CLOSED - CLOSED,thebreakfastsno_saranbrothersll_ue,Tuesday: 10:30 - 01:00,Out of Range
,Wednesday: CLOSED - CLOSED,thebreakfastsno_saranbrothersll_ue,Wednesday: 10:30 - 01:00,Out of Range
,Thursday: CLOSED - CLOSED,thebreakfastsno_saranbrothersll_ue,Thursday: 10:30 - 01:00,Out of Range
,Friday: CLOSED - CLOSED,thebreakfastsno_saranbrothersll_ue,Friday: 10:30 - 01:00,Out of Range
,Saturday: CLOSED - CLOSED,thebreakfastsno_saranbrothersll_ue,Saturday: 10:30 - 01:00,Out of Range
,Sunday: CLOSED - CLOSED,thebreakfastsno_saranbrothersll_ue,Sunday: 10:30 - 21:30,Out of Range
,Monday: CLOSED - CLOSED,theministerwrap_saranbrothersll_ue,Monday: 10:30 - 01:00,Out of Range
,Tuesday: CLOSED - CLOSED,theministerwrap_saranbrothersll_ue,Tuesday: 10:30 - 01:00,Out of Range
,Wednesday: CLOSED - CLOSED,theministerwrap_saranbrothersll_ue,Wednesday: 10:30 - 01:00,Out of Range
,Thursday: CLOSED - CLOSED,theministerwrap_saranbrothersll_ue,Thursday: 10:30 - 01:00,Out of Range
,Friday: CLOSED - CLOSED,theministerwrap_saranbrothersll_ue,Friday: 10:30 - 01:00,Out of Range
,Saturday: CLOSED - CLOSED,theministerwrap_saranbrothersll_ue,Saturday: 10:30 - 01:00,Out of Range
,Sunday: CLOSED - CLOSED,theministerwrap_saranbrothersll_ue,Sunday: 10:30 - 21:30,Out of Range
,Monday: CLOSED - CLOSED,angeloswrapssho_seaportdeli_ue,Monday: 00:00 - 23:59,Out of Range
,Tuesday: CLOSED - CLOSED,angeloswrapssho_seaportdeli_ue,Tuesday: 00:00 - 23:59,Out of Range
,Wednesday: CLOSED - CLOSED,angeloswrapssho_seaportdeli_ue,Wednesday: 00:00 - 23:59,Out of Range
,Thursday: CLOSED - CLOSED,angeloswrapssho_seaportdeli_ue,Thursday: 00:00 - 23:59,Out of Range
,Friday: CLOSED - CLOSED,angeloswrapssho_seaportdeli_ue,Friday: 00:00 - 23:59,Out of Range
,Saturday: CLOSED - CLOSED,angeloswrapssho_seaportdeli_ue,Saturday: 00:00 - 23:59,Out of Range
,Sunday: CLOSED - CLOSED,angeloswrapssho_seaportdeli_ue,Sunday: 00:00 - 23:59,Out of Range
,Monday: CLOSED - CLOSED,birdsburgerbar_seaportdeli_ue,Monday: 00:00 - 23:59,Out of Range
,Tuesday: CLOSED - CLOSED,birdsburgerbar_seaportdeli_ue,Tuesday: 00:00 - 23:59,Out of Range
,Wednesday: CLOSED - CLOSED,birdsburgerbar_seaportdeli_ue,Wednesday: 00:00 - 23:59,Out of Range
,Thursday: CLOSED - CLOSED,birdsburgerbar_seaportdeli_ue,Thursday: 00:00 - 23:59,Out of Range
,Friday: CLOSED - CLOSED,birdsburgerbar_seaportdeli_ue,Friday: 00:00 - 23:59,Out of Range
,Saturday: CLOSED - CLOSED,birdsburgerbar_seaportdeli_ue,Saturday: 00:00 - 23:59,Out of Range
,Sunday: CLOSED - CLOSED,birdsburgerbar_seaportdeli_ue,Sunday: 00:00 - 23:59,Out of Range
,Monday: CLOSED - CLOSED,brooklynsbreakf_seaportdeli_ue,Monday: 00:00 - 23:59,Out of Range
,Tuesday: CLOSED - CLOSED,brooklynsbreakf_seaportdeli_ue,Tuesday: 00:00 - 23:59,Out of Range
,Wednesday: CLOSED - CLOSED,brooklynsbreakf_seaportdeli_ue,Wednesday: 00:00 - 23:59,Out of Range
,Thursday: CLOSED - CLOSED,brooklynsbreakf_seaportdeli_ue,Thursday: 00:00 - 23:59,Out of Range
,Friday: CLOSED - CLOSED,brooklynsbreakf_seaportdeli_ue,Friday: 00:00 - 23:59,Out of Range
,Saturday: CLOSED - CLOSED,brooklynsbreakf_seaportdeli_ue,Saturday: 00:00 - 23:59,Out of Range
,Sunday: CLOSED - CLOSED,brooklynsbreakf_seaportdeli_ue,Sunday: 00:00 - 23:59,Out of Range
,Monday: CLOSED - CLOSED,casadequesadill_seaportdeli_ue,Monday: 00:00 - 23:59,Out of Range
,Tuesday: CLOSED - CLOSED,casadequesadill_seaportdeli_ue,Tuesday: 00:00 - 23:59,Out of Range
,Wednesday: CLOSED - CLOSED,casadequesadill_seaportdeli_ue,Wednesday: 00:00 - 23:59,Out of Range
,Thursday: CLOSED - CLOSED,casadequesadill_seaportdeli_ue,Thursday: 00:00 - 23:59,Out of Range
,Friday: CLOSED - CLOSED,casadequesadill_seaportdeli_ue,Friday: 00:00 - 23:59,Out of Range
,Saturday: CLOSED - CLOSED,casadequesadill_seaportdeli_ue,Saturday: 00:00 - 23:59,Out of Range
,Sunday: CLOSED - CLOSED,casadequesadill_seaportdeli_ue,Sunday: 00:00 - 23:59,Out of Range
,Monday: CLOSED - CLOSED,chickensaladbar_seaportdeli_ue,Monday: 00:00 - 23:59,Out of Range
,Tuesday: CLOSED - CLOSED,chickensaladbar_seaportdeli_ue,Tuesday: 00:00 - 23:59,Out of Range
,Wednesday: CLOSED - CLOSED,chickensaladbar_seaportdeli_ue,Wednesday: 00:00 - 23:59,Out of Range
,Thursday: CLOSED - CLOSED,chickensaladbar_seaportdeli_ue,Thursday: 00:00 - 23:59,Out of Range
,Friday: CLOSED - CLOSED,chickensaladbar_seaportdeli_ue,Friday: 00:00 - 23:59,Out of Range
,Saturday: CLOSED - CLOSED,chickensaladbar_seaportdeli_ue,Saturday: 00:00 - 23:59,Out of Range
,Sunday: CLOSED - CLOSED,chickensaladbar_seaportdeli_ue,Sunday: 00:00 - 23:59,Out of Range
,Monday: CLOSED - CLOSED,highlifecoffees_seaportdeli_ue,Monday: 00:00 - 23:59,Out of Range
,Tuesday: CLOSED - CLOSED,highlifecoffees_seaportdeli_ue,Tuesday: 00:00 - 23:59,Out of Range
,Wednesday: CLOSED - CLOSED,highlifecoffees_seaportdeli_ue,Wednesday: 00:00 - 23:59,Out of Range
,Thursday: CLOSED - CLOSED,highlifecoffees_seaportdeli_ue,Thursday: 00:00 - 23:59,Out of Range
,Friday: CLOSED - CLOSED,highlifecoffees_seaportdeli_ue,Friday: 00:00 - 23:59,Out of Range
,Saturday: CLOSED - CLOSED,highlifecoffees_seaportdeli_ue,Saturday: 00:00 - 23:59,Out of Range
,Sunday: CLOSED - CLOSED,highlifecoffees_seaportdeli_ue,Sunday: 00:00 - 23:59,Out of Range
,Monday: CLOSED - CLOSED,italiandesserts_seaportdeli_ue,Monday: 00:00 - 23:59,Out of Range
,Tuesday: CLOSED - CLOSED,italiandesserts_seaportdeli_ue,Tuesday: 00:00 - 23:59,Out of Range
,Wednesday: CLOSED - CLOSED,italiandesserts_seaportdeli_ue,Wednesday: 00:00 - 23:59,Out of Range
,Thursday: CLOSED - CLOSED,italiandesserts_seaportdeli_ue,Thursday: 00:00 - 23:59,Out of Range
,Friday: CLOSED - CLOSED,italiandesserts_seaportdeli_ue,Friday: 00:00 - 23:59,Out of Range
,Saturday: CLOSED - CLOSED,italiandesserts_seaportdeli_ue,Saturday: 00:00 - 23:59,Out of Range
,Sunday: CLOSED - CLOSED,italiandesserts_seaportdeli_ue,Sunday: 00:00 - 23:59,Out of Range
,Monday: CLOSED - CLOSED,kevinscheeseste_seaportdeli_ue,Monday: 00:00 - 23:59,Out of Range
,Tuesday: CLOSED - CLOSED,kevinscheeseste_seaportdeli_ue,Tuesday: 00:00 - 23:59,Out of Range
,Wednesday: CLOSED - CLOSED,kevinscheeseste_seaportdeli_ue,Wednesday: 00:00 - 23:59,Out of Range
,Thursday: CLOSED - CLOSED,kevinscheeseste_seaportdeli_ue,Thursday: 00:00 - 23:59,Out of Range
,Friday: CLOSED - CLOSED,kevinscheeseste_seaportdeli_ue,Friday: 00:00 - 23:59,Out of Range
,Saturday: CLOSED - CLOSED,kevinscheeseste_seaportdeli_ue,Saturday: 00:00 - 23:59,Out of Range
,Sunday: CLOSED - CLOSED,kevinscheeseste_seaportdeli_ue,Sunday: 00:00 - 23:59,Out of Range
,Monday: CLOSED - CLOSED,masonsburgerbar_seaportdeli_ue,Monday: 00:00 - 23:59,Out of Range
,Tuesday: CLOSED - CLOSED,masonsburgerbar_seaportdeli_ue,Tuesday: 00:00 - 23:59,Out of Range
,Wednesday: CLOSED - CLOSED,masonsburgerbar_seaportdeli_ue,Wednesday: 00:00 - 23:59,Out of Range
,Thursday: CLOSED - CLOSED,masonsburgerbar_seaportdeli_ue,Thursday: 00:00 - 23:59,Out of Range
,Friday: CLOSED - CLOSED,masonsburgerbar_seaportdeli_ue,Friday: 00:00 - 23:59,Out of Range
,Saturday: CLOSED - CLOSED,masonsburgerbar_seaportdeli_ue,Saturday: 00:00 - 23:59,Out of Range
,Sunday: CLOSED - CLOSED,masonsburgerbar_seaportdeli_ue,Sunday: 00:00 - 23:59,Out of Range
,Monday: CLOSED - CLOSED,meansaladbar_seaportdeli_ue,Monday: 00:00 - 23:59,Out of Range
,Tuesday: CLOSED - CLOSED,meansaladbar_seaportdeli_ue,Tuesday: 00:00 - 23:59,Out of Range
,Wednesday: CLOSED - CLOSED,meansaladbar_seaportdeli_ue,Wednesday: 00:00 - 23:59,Out of Range
,Thursday: CLOSED - CLOSED,meansaladbar_seaportdeli_ue,Thursday: 00:00 - 23:59,Out of Range
,Friday: CLOSED - CLOSED,meansaladbar_seaportdeli_ue,Friday: 00:00 - 23:59,Out of Range
,Saturday: CLOSED - CLOSED,meansaladbar_seaportdeli_ue,Saturday: 00:00 - 23:59,Out of Range
,Sunday: CLOSED - CLOSED,meansaladbar_seaportdeli_ue,Sunday: 00:00 - 23:59,Out of Range
,Monday: CLOSED - CLOSED,oliviassandwich_seaportdeli_ue,Monday: 00:00 - 23:59,Out of Range
,Tuesday: CLOSED - CLOSED,oliviassandwich_seaportdeli_ue,Tuesday: 00:00 - 23:59,Out of Range
,Wednesday: CLOSED - CLOSED,oliviassandwich_seaportdeli_ue,Wednesday: 00:00 - 23:59,Out of Range
,Thursday: CLOSED - CLOSED,oliviassandwich_seaportdeli_ue,Thursday: 00:00 - 23:59,Out of Range
,Friday: CLOSED - CLOSED,oliviassandwich_seaportdeli_ue,Friday: 00:00 - 23:59,Out of Range
,Saturday: CLOSED - CLOSED,oliviassandwich_seaportdeli_ue,Saturday: 00:00 - 23:59,Out of Range
,Sunday: CLOSED - CLOSED,oliviassandwich_seaportdeli_ue,Sunday: 00:00 - 23:59,Out of Range
,Monday: CLOSED - CLOSED,smoothieanddess_seaportdeli_ue,Monday: 00:00 - 23:59,Out of Range
,Tuesday: CLOSED - CLOSED,smoothieanddess_seaportdeli_ue,Tuesday: 00:00 - 23:59,Out of Range
,Wednesday: CLOSED - CLOSED,smoothieanddess_seaportdeli_ue,Wednesday: 00:00 - 23:59,Out of Range
,Thursday: CLOSED - CLOSED,smoothieanddess_seaportdeli_ue,Thursday: 00:00 - 23:59,Out of Range
,Friday: CLOSED - CLOSED,smoothieanddess_seaportdeli_ue,Friday: 00:00 - 23:59,Out of Range
,Saturday: CLOSED - CLOSED,smoothieanddess_seaportdeli_ue,Saturday: 00:00 - 23:59,Out of Range
,Sunday: CLOSED - CLOSED,smoothieanddess_seaportdeli_ue,Sunday: 00:00 - 23:59,Out of Range
,Monday: CLOSED - CLOSED,thepaniniprojec_seaportdeli_ue,Monday: 00:00 - 23:59,Out of Range
,Tuesday: CLOSED - CLOSED,thepaniniprojec_seaportdeli_ue,Tuesday: 00:00 - 23:59,Out of Range
,Wednesday: CLOSED - CLOSED,thepaniniprojec_seaportdeli_ue,Wednesday: 00:00 - 23:59,Out of Range
,Thursday: CLOSED - CLOSED,thepaniniprojec_seaportdeli_ue,Thursday: 00:00 - 23:59,Out of Range
,Friday: CLOSED - CLOSED,thepaniniprojec_seaportdeli_ue,Friday: 00:00 - 23:59,Out of Range
,Saturday: CLOSED - CLOSED,thepaniniprojec_seaportdeli_ue,Saturday: 00:00 - 23:59,Out of Range
,Sunday: CLOSED - CLOSED,thepaniniprojec_seaportdeli_ue,Sunday: 00:00 - 23:59,Out of Range
,Monday: CLOSED - CLOSED,toppaninishop_seaportdeli_ue,Monday: 00:00 - 23:59,Out of Range
,Tuesday: CLOSED - CLOSED,toppaninishop_seaportdeli_ue,Tuesday: 00:00 - 23:59,Out of Range
,Wednesday: CLOSED - CLOSED,toppaninishop_seaportdeli_ue,Wednesday: 00:00 - 23:59,Out of Range
,Thursday: CLOSED - CLOSED,toppaninishop_seaportdeli_ue,Thursday: 00:00 - 23:59,Out of Range
,Friday: CLOSED - CLOSED,toppaninishop_seaportdeli_ue,Friday: 00:00 - 23:59,Out of Range
,Saturday: CLOSED - CLOSED,toppaninishop_seaportdeli_ue,Saturday: 00:00 - 23:59,Out of Range
,Sunday: CLOSED - CLOSED,toppaninishop_seaportdeli_ue,Sunday: 00:00 - 23:59,Out of Range
,Monday: CLOSED - CLOSED,amandasbreakfas_sicilianpizzapa_ue,Monday: 00:00 - 23:59,Out of Range
,Tuesday: CLOSED - CLOSED,amandasbreakfas_sicilianpizzapa_ue,Tuesday: 00:00 - 23:59,Out of Range
,Wednesday: CLOSED - CLOSED,amandasbreakfas_sicilianpizzapa_ue,Wednesday: 00:00 - 23:59,Out of Range
,Thursday: CLOSED - CLOSED,amandasbreakfas_sicilianpizzapa_ue,Thursday: 00:00 - 23:59,Out of Range
,Friday: CLOSED - CLOSED,amandasbreakfas_sicilianpizzapa_ue,Friday: 00:00 - 23:59,Out of Range
,Saturday: CLOSED - CLOSED,amandasbreakfas_sicilianpizzapa_ue,Saturday: 00:00 - 23:59,Out of Range
,Sunday: CLOSED - CLOSED,amandasbreakfas_sicilianpizzapa_ue,Sunday: 00:00 - 23:59,Out of Range
,Monday: CLOSED - CLOSED,amoreitaliandes_sicilianpizzapa_ue,Monday: 00:00 - 23:59,Out of Range
,Tuesday: CLOSED - CLOSED,amoreitaliandes_sicilianpizzapa_ue,Tuesday: 00:00 - 23:59,Out of Range
,Wednesday: CLOSED - CLOSED,amoreitaliandes_sicilianpizzapa_ue,Wednesday: 00:00 - 23:59,Out of Range
,Thursday: CLOSED - CLOSED,amoreitaliandes_sicilianpizzapa_ue,Thursday: 00:00 - 23:59,Out of Range
,Friday: CLOSED - CLOSED,amoreitaliandes_sicilianpizzapa_ue,Friday: 00:00 - 23:59,Out of Range
,Saturday: CLOSED - CLOSED,amoreitaliandes_sicilianpizzapa_ue,Saturday: 00:00 - 23:59,Out of Range
,Sunday: CLOSED - CLOSED,amoreitaliandes_sicilianpizzapa_ue,Sunday: 00:00 - 23:59,Out of Range
,Monday: CLOSED - CLOSED,bensbuffalowing_sicilianpizzapa_ue,Monday: 10:00 - 03:00,Out of Range
,Tuesday: CLOSED - CLOSED,bensbuffalowing_sicilianpizzapa_ue,Tuesday: 10:00 - 03:00,Out of Range
,Wednesday: CLOSED - CLOSED,bensbuffalowing_sicilianpizzapa_ue,Wednesday: 10:00 - 03:00,Out of Range
,Thursday: CLOSED - CLOSED,bensbuffalowing_sicilianpizzapa_ue,Thursday: 10:00 - 04:00,Out of Range
,Friday: CLOSED - CLOSED,bensbuffalowing_sicilianpizzapa_ue,Friday: 10:00 - 04:00,Out of Range
,Saturday: CLOSED - CLOSED,bensbuffalowing_sicilianpizzapa_ue,Saturday: 10:00 - 04:00,Out of Range
,Sunday: CLOSED - CLOSED,bensbuffalowing_sicilianpizzapa_ue,Sunday: 10:00 - 03:00,Out of Range
,Monday: CLOSED - CLOSED,chickentendersb_sicilianpizzapa_ue,Monday: 00:00 - 23:59,Out of Range
,Tuesday: CLOSED - CLOSED,chickentendersb_sicilianpizzapa_ue,Tuesday: 00:00 - 23:59,Out of Range
,Wednesday: CLOSED - CLOSED,chickentendersb_sicilianpizzapa_ue,Wednesday: 00:00 - 23:59,Out of Range
,Thursday: CLOSED - CLOSED,chickentendersb_sicilianpizzapa_ue,Thursday: 00:00 - 23:59,Out of Range
,Friday: CLOSED - CLOSED,chickentendersb_sicilianpizzapa_ue,Friday: 00:00 - 23:59,Out of Range
,Saturday: CLOSED - CLOSED,chickentendersb_sicilianpizzapa_ue,Saturday: 00:00 - 23:59,Out of Range
,Sunday: CLOSED - CLOSED,chickentendersb_sicilianpizzapa_ue,Sunday: 00:00 - 23:59,Out of Range
,Monday: CLOSED - CLOSED,chucksfriedchic_sicilianpizzapa_ue,Monday: 00:00 - 23:59,Out of Range
,Tuesday: CLOSED - CLOSED,chucksfriedchic_sicilianpizzapa_ue,Tuesday: 00:00 - 23:59,Out of Range
,Wednesday: CLOSED - CLOSED,chucksfriedchic_sicilianpizzapa_ue,Wednesday: 00:00 - 23:59,Out of Range
,Thursday: CLOSED - CLOSED,chucksfriedchic_sicilianpizzapa_ue,Thursday: 00:00 - 23:59,Out of Range
,Friday: CLOSED - CLOSED,chucksfriedchic_sicilianpizzapa_ue,Friday: 00:00 - 23:59,Out of Range
,Saturday: CLOSED - CLOSED,chucksfriedchic_sicilianpizzapa_ue,Saturday: 00:00 - 23:59,Out of Range
,Sunday: CLOSED - CLOSED,chucksfriedchic_sicilianpizzapa_ue,Sunday: 00:00 - 23:59,Out of Range
,Monday: CLOSED - CLOSED,devilsburgerbar_sicilianpizzapa_ue,Monday: 00:00 - 23:59,Out of Range
,Tuesday: CLOSED - CLOSED,devilsburgerbar_sicilianpizzapa_ue,Tuesday: 00:00 - 23:59,Out of Range
,Wednesday: CLOSED - CLOSED,devilsburgerbar_sicilianpizzapa_ue,Wednesday: 00:00 - 23:59,Out of Range
,Thursday: CLOSED - CLOSED,devilsburgerbar_sicilianpizzapa_ue,Thursday: 00:00 - 23:59,Out of Range
,Friday: CLOSED - CLOSED,devilsburgerbar_sicilianpizzapa_ue,Friday: 00:00 - 23:59,Out of Range
,Saturday: CLOSED - CLOSED,devilsburgerbar_sicilianpizzapa_ue,Saturday: 00:00 - 23:59,Out of Range
,Sunday: CLOSED - CLOSED,devilsburgerbar_sicilianpizzapa_ue,Sunday: 00:00 - 23:59,Out of Range
,Monday: CLOSED - CLOSED,fallenangelwing_sicilianpizzapa_ue,Monday: 10:30 - 00:00,Out of Range
,Tuesday: CLOSED - CLOSED,fallenangelwing_sicilianpizzapa_ue,Tuesday: 10:30 - 00:00,Out of Range
,Wednesday: CLOSED - CLOSED,fallenangelwing_sicilianpizzapa_ue,Wednesday: 10:30 - 00:00,Out of Range
,Thursday: CLOSED - CLOSED,fallenangelwing_sicilianpizzapa_ue,Thursday: 10:30 - 00:00,Out of Range
,Friday: CLOSED - CLOSED,fallenangelwing_sicilianpizzapa_ue,Friday: 10:30 - 00:00,Out of Range
,Saturday: CLOSED - CLOSED,fallenangelwing_sicilianpizzapa_ue,Saturday: 10:30 - 00:00,Out of Range
,Sunday: CLOSED - CLOSED,fallenangelwing_sicilianpizzapa_ue,Sunday: 10:30 - 00:00,Out of Range
,Monday: CLOSED - CLOSED,fatcheesesteaks_sicilianpizzapa_ue,Monday: 00:00 - 23:59,Out of Range
,Tuesday: CLOSED - CLOSED,fatcheesesteaks_sicilianpizzapa_ue,Tuesday: 00:00 - 23:59,Out of Range
,Wednesday: CLOSED - CLOSED,fatcheesesteaks_sicilianpizzapa_ue,Wednesday: 00:00 - 23:59,Out of Range
,Thursday: CLOSED - CLOSED,fatcheesesteaks_sicilianpizzapa_ue,Thursday: 00:00 - 23:59,Out of Range
,Friday: CLOSED - CLOSED,fatcheesesteaks_sicilianpizzapa_ue,Friday: 00:00 - 23:59,Out of Range
,Saturday: CLOSED - CLOSED,fatcheesesteaks_sicilianpizzapa_ue,Saturday: 00:00 - 23:59,Out of Range
,Sunday: CLOSED - CLOSED,fatcheesesteaks_sicilianpizzapa_ue,Sunday: 00:00 - 23:59,Out of Range
,Monday: CLOSED - CLOSED,firenzepastaris_sicilianpizzapa_ue,Monday: 00:00 - 23:59,Out of Range
,Tuesday: CLOSED - CLOSED,firenzepastaris_sicilianpizzapa_ue,Tuesday: 00:00 - 23:59,Out of Range
,Wednesday: CLOSED - CLOSED,firenzepastaris_sicilianpizzapa_ue,Wednesday: 00:00 - 23:59,Out of Range
,Thursday: CLOSED - CLOSED,firenzepastaris_sicilianpizzapa_ue,Thursday: 00:00 - 23:59,Out of Range
,Friday: CLOSED - CLOSED,firenzepastaris_sicilianpizzapa_ue,Friday: 00:00 - 23:59,Out of Range
,Saturday: CLOSED - CLOSED,firenzepastaris_sicilianpizzapa_ue,Saturday: 00:00 - 23:59,Out of Range
,Sunday: CLOSED - CLOSED,firenzepastaris_sicilianpizzapa_ue,Sunday: 00:00 - 23:59,Out of Range
,Monday: CLOSED - CLOSED,highlifecoffees_sicilianpizzapa_ue,Monday: 00:00 - 23:59,Out of Range
,Tuesday: CLOSED - CLOSED,highlifecoffees_sicilianpizzapa_ue,Tuesday: 00:00 - 23:59,Out of Range
,Wednesday: CLOSED - CLOSED,highlifecoffees_sicilianpizzapa_ue,Wednesday: 00:00 - 23:59,Out of Range
,Thursday: CLOSED - CLOSED,highlifecoffees_sicilianpizzapa_ue,Thursday: 00:00 - 23:59,Out of Range
,Friday: CLOSED - CLOSED,highlifecoffees_sicilianpizzapa_ue,Friday: 00:00 - 23:59,Out of Range
,Saturday: CLOSED - CLOSED,highlifecoffees_sicilianpizzapa_ue,Saturday: 00:00 - 23:59,Out of Range
,Sunday: CLOSED - CLOSED,highlifecoffees_sicilianpizzapa_ue,Sunday: 00:00 - 23:59,Out of Range
,Monday: CLOSED - CLOSED,romanspizzaoven_sicilianpizzapa_ue,Monday: 00:00 - 23:59,Out of Range
,Tuesday: CLOSED - CLOSED,romanspizzaoven_sicilianpizzapa_ue,Tuesday: 00:00 - 23:59,Out of Range
,Wednesday: CLOSED - CLOSED,romanspizzaoven_sicilianpizzapa_ue,Wednesday: 00:00 - 23:59,Out of Range
,Thursday: CLOSED - CLOSED,romanspizzaoven_sicilianpizzapa_ue,Thursday: 00:00 - 23:59,Out of Range
,Friday: CLOSED - CLOSED,romanspizzaoven_sicilianpizzapa_ue,Friday: 00:00 - 23:59,Out of Range
,Saturday: CLOSED - CLOSED,romanspizzaoven_sicilianpizzapa_ue,Saturday: 00:00 - 23:59,Out of Range
,Sunday: CLOSED - CLOSED,romanspizzaoven_sicilianpizzapa_ue,Sunday: 00:00 - 23:59,Out of Range
,Monday: CLOSED - CLOSED,samsscrumptious_sicilianpizzapa_ue,Monday: 00:00 - 23:59,Out of Range
,Tuesday: CLOSED - CLOSED,samsscrumptious_sicilianpizzapa_ue,Tuesday: 00:00 - 23:59,Out of Range
,Wednesday: CLOSED - CLOSED,samsscrumptious_sicilianpizzapa_ue,Wednesday: 00:00 - 23:59,Out of Range
,Thursday: CLOSED - CLOSED,samsscrumptious_sicilianpizzapa_ue,Thursday: 00:00 - 23:59,Out of Range
,Friday: CLOSED - CLOSED,samsscrumptious_sicilianpizzapa_ue,Friday: 00:00 - 23:59,Out of Range
,Saturday: CLOSED - CLOSED,samsscrumptious_sicilianpizzapa_ue,Saturday: 00:00 - 23:59,Out of Range
,Sunday: CLOSED - CLOSED,samsscrumptious_sicilianpizzapa_ue,Sunday: 00:00 - 23:59,Out of Range
,Monday: CLOSED - CLOSED,theburgerco_sicilianpizzapa_ue,Monday: 00:00 - 23:59,Out of Range
,Tuesday: CLOSED - CLOSED,theburgerco_sicilianpizzapa_ue,Tuesday: 00:00 - 23:59,Out of Range
,Wednesday: CLOSED - CLOSED,theburgerco_sicilianpizzapa_ue,Wednesday: 00:00 - 23:59,Out of Range
,Thursday: CLOSED - CLOSED,theburgerco_sicilianpizzapa_ue,Thursday: 00:00 - 23:59,Out of Range
,Friday: CLOSED - CLOSED,theburgerco_sicilianpizzapa_ue,Friday: 00:00 - 23:59,Out of Range
,Saturday: CLOSED - CLOSED,theburgerco_sicilianpizzapa_ue,Saturday: 00:00 - 23:59,Out of Range
,Sunday: CLOSED - CLOSED,theburgerco_sicilianpizzapa_ue,Sunday: 00:00 - 23:59,Out of Range
,Monday: CLOSED - CLOSED,thecalicalzone_sicilianpizzapa_ue,Monday: 00:00 - 23:59,Out of Range
,Tuesday: CLOSED - CLOSED,thecalicalzone_sicilianpizzapa_ue,Tuesday: 00:00 - 23:59,Out of Range
,Wednesday: CLOSED - CLOSED,thecalicalzone_sicilianpizzapa_ue,Wednesday: 00:00 - 23:59,Out of Range
,Thursday: CLOSED - CLOSED,thecalicalzone_sicilianpizzapa_ue,Thursday: 00:00 - 23:59,Out of Range
,Friday: CLOSED - CLOSED,thecalicalzone_sicilianpizzapa_ue,Friday: 00:00 - 23:59,Out of Range
,Saturday: CLOSED - CLOSED,thecalicalzone_sicilianpizzapa_ue,Saturday: 00:00 - 23:59,Out of Range
,Sunday: CLOSED - CLOSED,thecalicalzone_sicilianpizzapa_ue,Sunday: 00:00 - 23:59,Out of Range
,Monday: CLOSED - CLOSED,theitalianpasta_sicilianpizzapa_ue,Monday: 00:00 - 23:59,Out of Range
,Tuesday: CLOSED - CLOSED,theitalianpasta_sicilianpizzapa_ue,Tuesday: 00:00 - 23:59,Out of Range
,Wednesday: CLOSED - CLOSED,theitalianpasta_sicilianpizzapa_ue,Wednesday: 00:00 - 23:59,Out of Range
,Thursday: CLOSED - CLOSED,theitalianpasta_sicilianpizzapa_ue,Thursday: 00:00 - 23:59,Out of Range
,Friday: CLOSED - CLOSED,theitalianpasta_sicilianpizzapa_ue,Friday: 00:00 - 23:59,Out of Range
,Saturday: CLOSED - CLOSED,theitalianpasta_sicilianpizzapa_ue,Saturday: 00:00 - 23:59,Out of Range
,Sunday: CLOSED - CLOSED,theitalianpasta_sicilianpizzapa_ue,Sunday: 00:00 - 23:59,Out of Range
,Monday: CLOSED - CLOSED,thesaladdream_sicilianpizzapa_ue,Monday: 00:00 - 23:59,Out of Range
,Tuesday: CLOSED - CLOSED,thesaladdream_sicilianpizzapa_ue,Tuesday: 00:00 - 23:59,Out of Range
,Wednesday: CLOSED - CLOSED,thesaladdream_sicilianpizzapa_ue,Wednesday: 00:00 - 23:59,Out of Range
,Thursday: CLOSED - CLOSED,thesaladdream_sicilianpizzapa_ue,Thursday: 00:00 - 23:59,Out of Range
,Friday: CLOSED - CLOSED,thesaladdream_sicilianpizzapa_ue,Friday: 00:00 - 23:59,Out of Range
,Saturday: CLOSED - CLOSED,thesaladdream_sicilianpizzapa_ue,Saturday: 00:00 - 23:59,Out of Range
,Sunday: CLOSED - CLOSED,thesaladdream_sicilianpizzapa_ue,Sunday: 00:00 - 23:59,Out of Range
,Monday: CLOSED - CLOSED,charliescalzone_sicilianpizzabr_ue,Monday: 00:00 - 23:59,Out of Range
,Tuesday: CLOSED - CLOSED,charliescalzone_sicilianpizzabr_ue,Tuesday: 00:00 - 23:59,Out of Range
,Wednesday: CLOSED - CLOSED,charliescalzone_sicilianpizzabr_ue,Wednesday: 00:00 - 23:59,Out of Range
,Thursday: CLOSED - CLOSED,charliescalzone_sicilianpizzabr_ue,Thursday: 00:00 - 23:59,Out of Range
,Friday: CLOSED - CLOSED,charliescalzone_sicilianpizzabr_ue,Friday: 00:00 - 23:59,Out of Range
,Saturday: CLOSED - CLOSED,charliescalzone_sicilianpizzabr_ue,Saturday: 00:00 - 23:59,Out of Range
,Sunday: CLOSED - CLOSED,charliescalzone_sicilianpizzabr_ue,Sunday: 00:00 - 23:59,Out of Range
,Monday: CLOSED - CLOSED,charlieschicken_sicilianpizzabr_ue,Monday: 00:00 - 23:59,Out of Range
,Tuesday: CLOSED - CLOSED,charlieschicken_sicilianpizzabr_ue,Tuesday: 00:00 - 23:59,Out of Range
,Wednesday: CLOSED - CLOSED,charlieschicken_sicilianpizzabr_ue,Wednesday: 00:00 - 23:59,Out of Range
,Thursday: CLOSED - CLOSED,charlieschicken_sicilianpizzabr_ue,Thursday: 00:00 - 23:59,Out of Range
,Friday: CLOSED - CLOSED,charlieschicken_sicilianpizzabr_ue,Friday: 00:00 - 23:59,Out of Range
,Saturday: CLOSED - CLOSED,charlieschicken_sicilianpizzabr_ue,Saturday: 00:00 - 23:59,Out of Range
,Sunday: CLOSED - CLOSED,charlieschicken_sicilianpizzabr_ue,Sunday: 00:00 - 23:59,Out of Range
,Monday: CLOSED - CLOSED,franksphillyche_sicilianpizzabr_ue,Monday: 00:00 - 23:59,Out of Range
,Tuesday: CLOSED - CLOSED,franksphillyche_sicilianpizzabr_ue,Tuesday: 00:00 - 23:59,Out of Range
,Wednesday: CLOSED - CLOSED,franksphillyche_sicilianpizzabr_ue,Wednesday: 00:00 - 23:59,Out of Range
,Thursday: CLOSED - CLOSED,franksphillyche_sicilianpizzabr_ue,Thursday: 00:00 - 23:59,Out of Range
,Friday: CLOSED - CLOSED,franksphillyche_sicilianpizzabr_ue,Friday: 00:00 - 23:59,Out of Range
,Saturday: CLOSED - CLOSED,franksphillyche_sicilianpizzabr_ue,Saturday: 00:00 - 23:59,Out of Range
,Sunday: CLOSED - CLOSED,franksphillyche_sicilianpizzabr_ue,Sunday: 00:00 - 23:59,Out of Range
,Monday: CLOSED - CLOSED,friedchickenco_sicilianpizzabr_ue,Monday: 00:00 - 23:59,Out of Range
,Tuesday: CLOSED - CLOSED,friedchickenco_sicilianpizzabr_ue,Tuesday: 00:00 - 23:59,Out of Range
,Wednesday: CLOSED - CLOSED,friedchickenco_sicilianpizzabr_ue,Wednesday: 00:00 - 23:59,Out of Range
,Thursday: CLOSED - CLOSED,friedchickenco_sicilianpizzabr_ue,Thursday: 00:00 - 23:59,Out of Range
,Friday: CLOSED - CLOSED,friedchickenco_sicilianpizzabr_ue,Friday: 00:00 - 23:59,Out of Range
,Saturday: CLOSED - CLOSED,friedchickenco_sicilianpizzabr_ue,Saturday: 00:00 - 23:59,Out of Range
,Sunday: CLOSED - CLOSED,friedchickenco_sicilianpizzabr_ue,Sunday: 00:00 - 23:59,Out of Range
,Monday: CLOSED - CLOSED,goldenbearsandw_sicilianpizzabr_ue,Monday: 00:00 - 23:59,Out of Range
,Tuesday: CLOSED - CLOSED,goldenbearsandw_sicilianpizzabr_ue,Tuesday: 00:00 - 23:59,Out of Range
,Wednesday: CLOSED - CLOSED,goldenbearsandw_sicilianpizzabr_ue,Wednesday: 00:00 - 23:59,Out of Range
,Thursday: CLOSED - CLOSED,goldenbearsandw_sicilianpizzabr_ue,Thursday: 00:00 - 23:59,Out of Range
,Friday: CLOSED - CLOSED,goldenbearsandw_sicilianpizzabr_ue,Friday: 00:00 - 23:59,Out of Range
,Saturday: CLOSED - CLOSED,goldenbearsandw_sicilianpizzabr_ue,Saturday: 00:00 - 23:59,Out of Range
,Sunday: CLOSED - CLOSED,goldenbearsandw_sicilianpizzabr_ue,Sunday: 00:00 - 23:59,Out of Range
,Monday: CLOSED - CLOSED,paulospizza_sicilianpizzabr_ue,Monday: 00:00 - 23:59,Out of Range
,Tuesday: CLOSED - CLOSED,paulospizza_sicilianpizzabr_ue,Tuesday: 00:00 - 23:59,Out of Range
,Wednesday: CLOSED - CLOSED,paulospizza_sicilianpizzabr_ue,Wednesday: 00:00 - 23:59,Out of Range
,Thursday: CLOSED - CLOSED,paulospizza_sicilianpizzabr_ue,Thursday: 00:00 - 23:59,Out of Range
,Friday: CLOSED - CLOSED,paulospizza_sicilianpizzabr_ue,Friday: 00:00 - 23:59,Out of Range
,Saturday: CLOSED - CLOSED,paulospizza_sicilianpizzabr_ue,Saturday: 00:00 - 23:59,Out of Range
,Sunday: CLOSED - CLOSED,paulospizza_sicilianpizzabr_ue,Sunday: 00:00 - 23:59,Out of Range
,Monday: CLOSED - CLOSED,thepastatwins_sicilianpizzabr_ue,Monday: 00:00 - 23:59,Out of Range
,Tuesday: CLOSED - CLOSED,thepastatwins_sicilianpizzabr_ue,Tuesday: 00:00 - 23:59,Out of Range
,Wednesday: CLOSED - CLOSED,thepastatwins_sicilianpizzabr_ue,Wednesday: 00:00 - 23:59,Out of Range
,Thursday: CLOSED - CLOSED,thepastatwins_sicilianpizzabr_ue,Thursday: 00:00 - 23:59,Out of Range
,Friday: CLOSED - CLOSED,thepastatwins_sicilianpizzabr_ue,Friday: 00:00 - 23:59,Out of Range
,Saturday: CLOSED - CLOSED,thepastatwins_sicilianpizzabr_ue,Saturday: 00:00 - 23:59,Out of Range
,Sunday: CLOSED - CLOSED,thepastatwins_sicilianpizzabr_ue,Sunday: 00:00 - 23:59,Out of Range
,Monday: CLOSED - CLOSED,thesaladsnob_sicilianpizzabr_ue,Monday: 00:00 - 23:59,Out of Range
,Tuesday: CLOSED - CLOSED,thesaladsnob_sicilianpizzabr_ue,Tuesday: 00:00 - 23:59,Out of Range
,Wednesday: CLOSED - CLOSED,thesaladsnob_sicilianpizzabr_ue,Wednesday: 00:00 - 23:59,Out of Range
,Thursday: CLOSED - CLOSED,thesaladsnob_sicilianpizzabr_ue,Thursday: 00:00 - 23:59,Out of Range
,Friday: CLOSED - CLOSED,thesaladsnob_sicilianpizzabr_ue,Friday: 00:00 - 23:59,Out of Range
,Saturday: CLOSED - CLOSED,thesaladsnob_sicilianpizzabr_ue,Saturday: 00:00 - 23:59,Out of Range
,Sunday: CLOSED - CLOSED,thesaladsnob_sicilianpizzabr_ue,Sunday: 00:00 - 23:59,Out of Range
,Monday: CLOSED - CLOSED,twohandburger_sicilianpizzabr_ue,Monday: 00:00 - 23:59,Out of Range
,Tuesday: CLOSED - CLOSED,twohandburger_sicilianpizzabr_ue,Tuesday: 00:00 - 23:59,Out of Range
,Wednesday: CLOSED - CLOSED,twohandburger_sicilianpizzabr_ue,Wednesday: 00:00 - 23:59,Out of Range
,Thursday: CLOSED - CLOSED,twohandburger_sicilianpizzabr_ue,Thursday: 00:00 - 23:59,Out of Range
,Friday: CLOSED - CLOSED,twohandburger_sicilianpizzabr_ue,Friday: 00:00 - 23:59,Out of Range
,Saturday: CLOSED - CLOSED,twohandburger_sicilianpizzabr_ue,Saturday: 00:00 - 23:59,Out of Range
,Sunday: CLOSED - CLOSED,twohandburger_sicilianpizzabr_ue,Sunday: 00:00 - 23:59,Out of Range
,Monday: CLOSED - CLOSED,antoniosquesadi_villagecafegril_ue,Monday: 06:00 - 19:30,Out of Range
,Tuesday: CLOSED - CLOSED,antoniosquesadi_villagecafegril_ue,Tuesday: 06:00 - 19:30,Out of Range
,Wednesday: CLOSED - CLOSED,antoniosquesadi_villagecafegril_ue,Wednesday: 06:00 - 19:30,Out of Range
,Thursday: CLOSED - CLOSED,antoniosquesadi_villagecafegril_ue,Thursday: 06:00 - 19:30,Out of Range
,Friday: CLOSED - CLOSED,antoniosquesadi_villagecafegril_ue,Friday: 06:00 - 19:30,Out of Range
,Saturday: CLOSED - CLOSED,antoniosquesadi_villagecafegril_ue,Saturday: 06:00 - 16:30,Out of Range
,Sunday: CLOSED - CLOSED,antoniosquesadi_villagecafegril_ue,Sunday: 06:00 - 16:30,Out of Range
,Monday: CLOSED - CLOSED,bartsburgerbar_villagecafegril_ue,Monday: 06:00 - 19:30,Out of Range
,Tuesday: CLOSED - CLOSED,bartsburgerbar_villagecafegril_ue,Tuesday: 06:00 - 19:30,Out of Range
,Wednesday: CLOSED - CLOSED,bartsburgerbar_villagecafegril_ue,Wednesday: 06:00 - 19:30,Out of Range
,Thursday: CLOSED - CLOSED,bartsburgerbar_villagecafegril_ue,Thursday: 06:00 - 19:30,Out of Range
,Friday: CLOSED - CLOSED,bartsburgerbar_villagecafegril_ue,Friday: 06:00 - 19:30,Out of Range
,Saturday: CLOSED - CLOSED,bartsburgerbar_villagecafegril_ue,Saturday: 06:00 - 16:30,Out of Range
,Sunday: CLOSED - CLOSED,bartsburgerbar_villagecafegril_ue,Sunday: 06:00 - 16:30,Out of Range
,Monday: CLOSED - CLOSED,bosscatcheesest_villagecafegril_ue,Monday: 06:00 - 19:30,Out of Range
,Tuesday: CLOSED - CLOSED,bosscatcheesest_villagecafegril_ue,Tuesday: 06:00 - 19:30,Out of Range
,Wednesday: CLOSED - CLOSED,bosscatcheesest_villagecafegril_ue,Wednesday: 06:00 - 19:30,Out of Range
,Thursday: CLOSED - CLOSED,bosscatcheesest_villagecafegril_ue,Thursday: 06:00 - 19:30,Out of Range
,Friday: CLOSED - CLOSED,bosscatcheesest_villagecafegril_ue,Friday: 06:00 - 19:30,Out of Range
,Saturday: CLOSED - CLOSED,bosscatcheesest_villagecafegril_ue,Saturday: 06:00 - 16:30,Out of Range
,Sunday: CLOSED - CLOSED,bosscatcheesest_villagecafegril_ue,Sunday: 06:00 - 16:30,Out of Range
,Monday: CLOSED - CLOSED,fionaspancakeba_villagecafegril_ue,Monday: 06:00 - 19:30,Out of Range
,Tuesday: CLOSED - CLOSED,fionaspancakeba_villagecafegril_ue,Tuesday: 06:00 - 19:30,Out of Range
,Wednesday: CLOSED - CLOSED,fionaspancakeba_villagecafegril_ue,Wednesday: 06:00 - 19:30,Out of Range
,Thursday: CLOSED - CLOSED,fionaspancakeba_villagecafegril_ue,Thursday: 06:00 - 19:30,Out of Range
,Friday: CLOSED - CLOSED,fionaspancakeba_villagecafegril_ue,Friday: 06:00 - 19:30,Out of Range
,Saturday: CLOSED - CLOSED,fionaspancakeba_villagecafegril_ue,Saturday: 06:00 - 16:30,Out of Range
,Sunday: CLOSED - CLOSED,fionaspancakeba_villagecafegril_ue,Sunday: 06:00 - 16:30,Out of Range
,Monday: CLOSED - CLOSED,goldenbearsandw_villagecafegril_ue,Monday: 06:00 - 19:30,Out of Range
,Tuesday: CLOSED - CLOSED,goldenbearsandw_villagecafegril_ue,Tuesday: 06:00 - 19:30,Out of Range
,Wednesday: CLOSED - CLOSED,goldenbearsandw_villagecafegril_ue,Wednesday: 06:00 - 19:30,Out of Range
,Thursday: CLOSED - CLOSED,goldenbearsandw_villagecafegril_ue,Thursday: 06:00 - 19:30,Out of Range
,Friday: CLOSED - CLOSED,goldenbearsandw_villagecafegril_ue,Friday: 06:00 - 19:30,Out of Range
,Saturday: CLOSED - CLOSED,goldenbearsandw_villagecafegril_ue,Saturday: 06:00 - 16:30,Out of Range
,Sunday: CLOSED - CLOSED,goldenbearsandw_villagecafegril_ue,Sunday: 06:00 - 16:30,Out of Range
,Monday: CLOSED - CLOSED,hellagoodchicke_villagecafegril_ue,Monday: 06:00 - 19:30,Out of Range
,Tuesday: CLOSED - CLOSED,hellagoodchicke_villagecafegril_ue,Tuesday: 06:00 - 19:30,Out of Range
,Wednesday: CLOSED - CLOSED,hellagoodchicke_villagecafegril_ue,Wednesday: 06:00 - 19:30,Out of Range
,Thursday: CLOSED - CLOSED,hellagoodchicke_villagecafegril_ue,Thursday: 06:00 - 19:30,Out of Range
,Friday: CLOSED - CLOSED,hellagoodchicke_villagecafegril_ue,Friday: 06:00 - 19:30,Out of Range
,Saturday: CLOSED - CLOSED,hellagoodchicke_villagecafegril_ue,Saturday: 06:00 - 16:30,Out of Range
,Sunday: CLOSED - CLOSED,hellagoodchicke_villagecafegril_ue,Sunday: 06:00 - 16:30,Out of Range
,Monday: CLOSED - CLOSED,hollysburgerbar_villagecafegril_ue,Monday: 06:00 - 19:30,Out of Range
,Tuesday: CLOSED - CLOSED,hollysburgerbar_villagecafegril_ue,Tuesday: 06:00 - 19:30,Out of Range
,Wednesday: CLOSED - CLOSED,hollysburgerbar_villagecafegril_ue,Wednesday: 06:00 - 19:30,Out of Range
,Thursday: CLOSED - CLOSED,hollysburgerbar_villagecafegril_ue,Thursday: 06:00 - 19:30,Out of Range
,Friday: CLOSED - CLOSED,hollysburgerbar_villagecafegril_ue,Friday: 06:00 - 19:30,Out of Range
,Saturday: CLOSED - CLOSED,hollysburgerbar_villagecafegril_ue,Saturday: 06:00 - 16:30,Out of Range
,Sunday: CLOSED - CLOSED,hollysburgerbar_villagecafegril_ue,Sunday: 06:00 - 16:30,Out of Range
,Monday: CLOSED - CLOSED,italianpaniniba_villagecafegril_ue,Monday: 06:00 - 19:30,Out of Range
,Tuesday: CLOSED - CLOSED,italianpaniniba_villagecafegril_ue,Tuesday: 06:00 - 19:30,Out of Range
,Wednesday: CLOSED - CLOSED,italianpaniniba_villagecafegril_ue,Wednesday: 06:00 - 19:30,Out of Range
,Thursday: CLOSED - CLOSED,italianpaniniba_villagecafegril_ue,Thursday: 06:00 - 19:30,Out of Range
,Friday: CLOSED - CLOSED,italianpaniniba_villagecafegril_ue,Friday: 06:00 - 19:30,Out of Range
,Saturday: CLOSED - CLOSED,italianpaniniba_villagecafegril_ue,Saturday: 06:00 - 16:30,Out of Range
,Sunday: CLOSED - CLOSED,italianpaniniba_villagecafegril_ue,Sunday: 06:00 - 16:30,Out of Range
,Monday: CLOSED - CLOSED,oliviasbreakfas_villagecafegril_ue,Monday: 06:00 - 19:30,Out of Range
,Tuesday: CLOSED - CLOSED,oliviasbreakfas_villagecafegril_ue,Tuesday: 06:00 - 19:30,Out of Range
,Wednesday: CLOSED - CLOSED,oliviasbreakfas_villagecafegril_ue,Wednesday: 06:00 - 19:30,Out of Range
,Thursday: CLOSED - CLOSED,oliviasbreakfas_villagecafegril_ue,Thursday: 06:00 - 19:30,Out of Range
,Friday: CLOSED - CLOSED,oliviasbreakfas_villagecafegril_ue,Friday: 06:00 - 19:30,Out of Range
,Saturday: CLOSED - CLOSED,oliviasbreakfas_villagecafegril_ue,Saturday: 06:00 - 16:30,Out of Range
,Sunday: CLOSED - CLOSED,oliviasbreakfas_villagecafegril_ue,Sunday: 06:00 - 16:30,Out of Range
,Monday: CLOSED - CLOSED,rjsphillycheese_villagecafegril_ue,Monday: 06:00 - 19:30,Out of Range
,Tuesday: CLOSED - CLOSED,rjsphillycheese_villagecafegril_ue,Tuesday: 06:00 - 19:30,Out of Range
,Wednesday: CLOSED - CLOSED,rjsphillycheese_villagecafegril_ue,Wednesday: 06:00 - 19:30,Out of Range
,Thursday: CLOSED - CLOSED,rjsphillycheese_villagecafegril_ue,Thursday: 06:00 - 19:30,Out of Range
,Friday: CLOSED - CLOSED,rjsphillycheese_villagecafegril_ue,Friday: 06:00 - 19:30,Out of Range
,Saturday: CLOSED - CLOSED,rjsphillycheese_villagecafegril_ue,Saturday: 06:00 - 16:30,Out of Range
,Sunday: CLOSED - CLOSED,rjsphillycheese_villagecafegril_ue,Sunday: 06:00 - 16:30,Out of Range
,Monday: CLOSED - CLOSED,rooftopsandwich_villagecafegril_ue,Monday: 06:00 - 19:30,Out of Range
,Tuesday: CLOSED - CLOSED,rooftopsandwich_villagecafegril_ue,Tuesday: 06:00 - 19:30,Out of Range
,Wednesday: CLOSED - CLOSED,rooftopsandwich_villagecafegril_ue,Wednesday: 06:00 - 19:30,Out of Range
,Thursday: CLOSED - CLOSED,rooftopsandwich_villagecafegril_ue,Thursday: 06:00 - 19:30,Out of Range
,Friday: CLOSED - CLOSED,rooftopsandwich_villagecafegril_ue,Friday: 06:00 - 19:30,Out of Range
,Saturday: CLOSED - CLOSED,rooftopsandwich_villagecafegril_ue,Saturday: 06:00 - 16:30,Out of Range
,Sunday: CLOSED - CLOSED,rooftopsandwich_villagecafegril_ue,Sunday: 06:00 - 16:30,Out of Range
,Monday: CLOSED - CLOSED,theburritosnob_villagecafegril_ue,Monday: 06:00 - 19:30,Out of Range
,Tuesday: CLOSED - CLOSED,theburritosnob_villagecafegril_ue,Tuesday: 06:00 - 19:30,Out of Range
,Wednesday: CLOSED - CLOSED,theburritosnob_villagecafegril_ue,Wednesday: 06:00 - 19:30,Out of Range
,Thursday: CLOSED - CLOSED,theburritosnob_villagecafegril_ue,Thursday: 06:00 - 19:30,Out of Range
,Friday: CLOSED - CLOSED,theburritosnob_villagecafegril_ue,Friday: 06:00 - 19:30,Out of Range
,Saturday: CLOSED - CLOSED,theburritosnob_villagecafegril_ue,Saturday: 06:00 - 16:30,Out of Range
,Sunday: CLOSED - CLOSED,theburritosnob_villagecafegril_ue,Sunday: 06:00 - 16:30,Out of Range
,Monday: CLOSED - CLOSED,thedessertshack_villagecafegril_ue,Monday: 06:00 - 19:30,Out of Range
,Tuesday: CLOSED - CLOSED,thedessertshack_villagecafegril_ue,Tuesday: 06:00 - 19:30,Out of Range
,Wednesday: CLOSED - CLOSED,thedessertshack_villagecafegril_ue,Wednesday: 06:00 - 19:30,Out of Range
,Thursday: CLOSED - CLOSED,thedessertshack_villagecafegril_ue,Thursday: 06:00 - 19:30,Out of Range
,Friday: CLOSED - CLOSED,thedessertshack_villagecafegril_ue,Friday: 06:00 - 19:30,Out of Range
,Saturday: CLOSED - CLOSED,thedessertshack_villagecafegril_ue,Saturday: 06:00 - 16:30,Out of Range
,Sunday: CLOSED - CLOSED,thedessertshack_villagecafegril_ue,Sunday: 06:00 - 16:30,Out of Range
,Monday: CLOSED - CLOSED,thejuiceaffair_villagecafegril_ue,Monday: 06:00 - 19:30,Out of Range
,Tuesday: CLOSED - CLOSED,thejuiceaffair_villagecafegril_ue,Tuesday: 06:00 - 19:30,Out of Range
,Wednesday: CLOSED - CLOSED,thejuiceaffair_villagecafegril_ue,Wednesday: 06:00 - 19:30,Out of Range
,Thursday: CLOSED - CLOSED,thejuiceaffair_villagecafegril_ue,Thursday: 06:00 - 19:30,Out of Range
,Friday: CLOSED - CLOSED,thejuiceaffair_villagecafegril_ue,Friday: 06:00 - 19:30,Out of Range
,Saturday: CLOSED - CLOSED,thejuiceaffair_villagecafegril_ue,Saturday: 06:00 - 16:30,Out of Range
,Sunday: CLOSED - CLOSED,thejuiceaffair_villagecafegril_ue,Sunday: 06:00 - 16:30,Out of Range
,Monday: CLOSED - CLOSED,thesaladsnob_villagecafegril_ue,Monday: 06:00 - 19:30,Out of Range
,Tuesday: CLOSED - CLOSED,thesaladsnob_villagecafegril_ue,Tuesday: 06:00 - 19:30,Out of Range
,Wednesday: CLOSED - CLOSED,thesaladsnob_villagecafegril_ue,Wednesday: 06:00 - 19:30,Out of Range
,Thursday: CLOSED - CLOSED,thesaladsnob_villagecafegril_ue,Thursday: 06:00 - 19:30,Out of Range
,Friday: CLOSED - CLOSED,thesaladsnob_villagecafegril_ue,Friday: 06:00 - 19:30,Out of Range
,Saturday: CLOSED - CLOSED,thesaladsnob_villagecafegril_ue,Saturday: 06:00 - 16:30,Out of Range
,Sunday: CLOSED - CLOSED,thesaladsnob_villagecafegril_ue,Sunday: 06:00 - 16:30,Out of Range
,Monday: CLOSED - CLOSED,xxxhotwings_villagecafegril_ue,Monday: 06:00 - 19:30,Out of Range
,Tuesday: CLOSED - CLOSED,xxxhotwings_villagecafegril_ue,Tuesday: 06:00 - 19:30,Out of Range
,Wednesday: CLOSED - CLOSED,xxxhotwings_villagecafegril_ue,Wednesday: 06:00 - 19:30,Out of Range
,Thursday: CLOSED - CLOSED,xxxhotwings_villagecafegril_ue,Thursday: 06:00 - 19:30,Out of Range
,Friday: CLOSED - CLOSED,xxxhotwings_villagecafegril_ue,Friday: 06:00 - 19:30,Out of Range
,Saturday: CLOSED - CLOSED,xxxhotwings_villagecafegril_ue,Saturday: 06:00 - 16:30,Out of Range
,Sunday: CLOSED - CLOSED,xxxhotwings_villagecafegril_ue,Sunday: 06:00 - 16:30,Out of Range
,Monday: CLOSED - CLOSED,allanscheeseste_wesamdeli_ue,Monday: 06:00 - 23:00,Out of Range
,Tuesday: CLOSED - CLOSED,allanscheeseste_wesamdeli_ue,Tuesday: 06:00 - 23:00,Out of Range
,Wednesday: CLOSED - CLOSED,allanscheeseste_wesamdeli_ue,Wednesday: 06:00 - 23:00,Out of Range
,Thursday: CLOSED - CLOSED,allanscheeseste_wesamdeli_ue,Thursday: 06:00 - 23:00,Out of Range
,Friday: CLOSED - CLOSED,allanscheeseste_wesamdeli_ue,Friday: 06:00 - 23:00,Out of Range
,Saturday: CLOSED - CLOSED,allanscheeseste_wesamdeli_ue,Saturday: 06:00 - 23:00,Out of Range
,Sunday: CLOSED - CLOSED,allanscheeseste_wesamdeli_ue,Sunday: 06:00 - 23:00,Out of Range
,Monday: CLOSED - CLOSED,bigeasesmoothie_wesamdeli_ue,Monday: 07:00 - 01:00,Out of Range
,Tuesday: CLOSED - CLOSED,bigeasesmoothie_wesamdeli_ue,Tuesday: 07:00 - 01:00,Out of Range
,Wednesday: CLOSED - CLOSED,bigeasesmoothie_wesamdeli_ue,Wednesday: 07:00 - 01:00,Out of Range
,Thursday: CLOSED - CLOSED,bigeasesmoothie_wesamdeli_ue,Thursday: 07:00 - 01:00,Out of Range
,Friday: CLOSED - CLOSED,bigeasesmoothie_wesamdeli_ue,Friday: 07:00 - 01:00,Out of Range
,Saturday: CLOSED - CLOSED,bigeasesmoothie_wesamdeli_ue,Saturday: 07:00 - 01:00,Out of Range
,Sunday: CLOSED - CLOSED,bigeasesmoothie_wesamdeli_ue,Sunday: 07:00 - 01:00,Out of Range
,Monday: CLOSED - CLOSED,generalsfrencht_wesamdeli_ue,Monday: 07:00 - 01:00,Out of Range
,Tuesday: CLOSED - CLOSED,generalsfrencht_wesamdeli_ue,Tuesday: 07:00 - 01:00,Out of Range
,Wednesday: CLOSED - CLOSED,generalsfrencht_wesamdeli_ue,Wednesday: 07:00 - 01:00,Out of Range
,Thursday: CLOSED - CLOSED,generalsfrencht_wesamdeli_ue,Thursday: 07:00 - 01:00,Out of Range
,Friday: CLOSED - CLOSED,generalsfrencht_wesamdeli_ue,Friday: 07:00 - 01:00,Out of Range
,Saturday: CLOSED - CLOSED,generalsfrencht_wesamdeli_ue,Saturday: 07:00 - 01:00,Out of Range
,Sunday: CLOSED - CLOSED,generalsfrencht_wesamdeli_ue,Sunday: 07:00 - 01:00,Out of Range
,Monday: CLOSED - CLOSED,halalgyrooverri_wesamdeli_ue,Monday: 07:00 - 01:00,Out of Range
,Tuesday: CLOSED - CLOSED,halalgyrooverri_wesamdeli_ue,Tuesday: 07:00 - 01:00,Out of Range
,Wednesday: CLOSED - CLOSED,halalgyrooverri_wesamdeli_ue,Wednesday: 07:00 - 01:00,Out of Range
,Thursday: CLOSED - CLOSED,halalgyrooverri_wesamdeli_ue,Thursday: 07:00 - 01:00,Out of Range
,Friday: CLOSED - CLOSED,halalgyrooverri_wesamdeli_ue,Friday: 07:00 - 01:00,Out of Range
,Saturday: CLOSED - CLOSED,halalgyrooverri_wesamdeli_ue,Saturday: 07:00 - 01:00,Out of Range
,Sunday: CLOSED - CLOSED,halalgyrooverri_wesamdeli_ue,Sunday: 07:00 - 01:00,Out of Range
,Monday: CLOSED - CLOSED,heavensburgers_wesamdeli_ue,Monday: 07:00 - 01:00,Out of Range
,Tuesday: CLOSED - CLOSED,heavensburgers_wesamdeli_ue,Tuesday: 07:00 - 01:00,Out of Range
,Wednesday: CLOSED - CLOSED,heavensburgers_wesamdeli_ue,Wednesday: 07:00 - 01:00,Out of Range
,Thursday: CLOSED - CLOSED,heavensburgers_wesamdeli_ue,Thursday: 07:00 - 01:00,Out of Range
,Friday: CLOSED - CLOSED,heavensburgers_wesamdeli_ue,Friday: 07:00 - 01:00,Out of Range
,Saturday: CLOSED - CLOSED,heavensburgers_wesamdeli_ue,Saturday: 07:00 - 01:00,Out of Range
,Sunday: CLOSED - CLOSED,heavensburgers_wesamdeli_ue,Sunday: 07:00 - 01:00,Out of Range
,Monday: CLOSED - CLOSED,highlifebreakfa_wesamdeli_ue,Monday: 07:00 - 01:00,Out of Range
,Tuesday: CLOSED - CLOSED,highlifebreakfa_wesamdeli_ue,Tuesday: 07:00 - 01:00,Out of Range
,Wednesday: CLOSED - CLOSED,highlifebreakfa_wesamdeli_ue,Wednesday: 07:00 - 01:00,Out of Range
,Thursday: CLOSED - CLOSED,highlifebreakfa_wesamdeli_ue,Thursday: 07:00 - 01:00,Out of Range
,Friday: CLOSED - CLOSED,highlifebreakfa_wesamdeli_ue,Friday: 07:00 - 01:00,Out of Range
,Saturday: CLOSED - CLOSED,highlifebreakfa_wesamdeli_ue,Saturday: 07:00 - 01:00,Out of Range
,Sunday: CLOSED - CLOSED,highlifebreakfa_wesamdeli_ue,Sunday: 07:00 - 01:00,Out of Range
,Monday: CLOSED - CLOSED,joeschickenandw_wesamdeli_ue,Monday: 07:00 - 01:00,Out of Range
,Tuesday: CLOSED - CLOSED,joeschickenandw_wesamdeli_ue,Tuesday: 07:00 - 01:00,Out of Range
,Wednesday: CLOSED - CLOSED,joeschickenandw_wesamdeli_ue,Wednesday: 07:00 - 01:00,Out of Range
,Thursday: CLOSED - CLOSED,joeschickenandw_wesamdeli_ue,Thursday: 07:00 - 01:00,Out of Range
,Friday: CLOSED - CLOSED,joeschickenandw_wesamdeli_ue,Friday: 07:00 - 01:00,Out of Range
,Saturday: CLOSED - CLOSED,joeschickenandw_wesamdeli_ue,Saturday: 07:00 - 01:00,Out of Range
,Sunday: CLOSED - CLOSED,joeschickenandw_wesamdeli_ue,Sunday: 07:00 - 01:00,Out of Range
,Monday: CLOSED - CLOSED,juliasjuiceshac_wesamdeli_ue,Monday: 07:00 - 01:00,Out of Range
,Tuesday: CLOSED - CLOSED,juliasjuiceshac_wesamdeli_ue,Tuesday: 07:00 - 01:00,Out of Range
,Wednesday: CLOSED - CLOSED,juliasjuiceshac_wesamdeli_ue,Wednesday: 07:00 - 01:00,Out of Range
,Thursday: CLOSED - CLOSED,juliasjuiceshac_wesamdeli_ue,Thursday: 07:00 - 01:00,Out of Range
,Friday: CLOSED - CLOSED,juliasjuiceshac_wesamdeli_ue,Friday: 07:00 - 01:00,Out of Range
,Saturday: CLOSED - CLOSED,juliasjuiceshac_wesamdeli_ue,Saturday: 07:00 - 01:00,Out of Range
,Sunday: CLOSED - CLOSED,juliasjuiceshac_wesamdeli_ue,Sunday: 07:00 - 01:00,Out of Range
,Monday: CLOSED - CLOSED,marthasbreakfas_wesamdeli_ue,Monday: 07:00 - 01:00,Out of Range
,Tuesday: CLOSED - CLOSED,marthasbreakfas_wesamdeli_ue,Tuesday: 07:00 - 01:00,Out of Range
,Wednesday: CLOSED - CLOSED,marthasbreakfas_wesamdeli_ue,Wednesday: 07:00 - 01:00,Out of Range
,Thursday: CLOSED - CLOSED,marthasbreakfas_wesamdeli_ue,Thursday: 07:00 - 01:00,Out of Range
,Friday: CLOSED - CLOSED,marthasbreakfas_wesamdeli_ue,Friday: 07:00 - 01:00,Out of Range
,Saturday: CLOSED - CLOSED,marthasbreakfas_wesamdeli_ue,Saturday: 07:00 - 01:00,Out of Range
,Sunday: CLOSED - CLOSED,marthasbreakfas_wesamdeli_ue,Sunday: 07:00 - 01:00,Out of Range
,Monday: CLOSED - CLOSED,nancysgrilledch_wesamdeli_ue,Monday: 07:00 - 01:00,Out of Range
,Tuesday: CLOSED - CLOSED,nancysgrilledch_wesamdeli_ue,Tuesday: 07:00 - 01:00,Out of Range
,Wednesday: CLOSED - CLOSED,nancysgrilledch_wesamdeli_ue,Wednesday: 07:00 - 01:00,Out of Range
,Thursday: CLOSED - CLOSED,nancysgrilledch_wesamdeli_ue,Thursday: 07:00 - 01:00,Out of Range
,Friday: CLOSED - CLOSED,nancysgrilledch_wesamdeli_ue,Friday: 07:00 - 01:00,Out of Range
,Saturday: CLOSED - CLOSED,nancysgrilledch_wesamdeli_ue,Saturday: 07:00 - 01:00,Out of Range
,Sunday: CLOSED - CLOSED,nancysgrilledch_wesamdeli_ue,Sunday: 07:00 - 01:00,Out of Range
,Monday: CLOSED - CLOSED,originalburgerb_wesamdeli_ue,Monday: 07:00 - 01:00,Out of Range
,Tuesday: CLOSED - CLOSED,originalburgerb_wesamdeli_ue,Tuesday: 07:00 - 01:00,Out of Range
,Wednesday: CLOSED - CLOSED,originalburgerb_wesamdeli_ue,Wednesday: 07:00 - 01:00,Out of Range
,Thursday: CLOSED - CLOSED,originalburgerb_wesamdeli_ue,Thursday: 07:00 - 01:00,Out of Range
,Friday: CLOSED - CLOSED,originalburgerb_wesamdeli_ue,Friday: 07:00 - 01:00,Out of Range
,Saturday: CLOSED - CLOSED,originalburgerb_wesamdeli_ue,Saturday: 07:00 - 01:00,Out of Range
,Sunday: CLOSED - CLOSED,originalburgerb_wesamdeli_ue,Sunday: 07:00 - 01:00,Out of Range
,Monday: CLOSED - CLOSED,princesspanini_wesamdeli_ue,Monday: 07:00 - 01:00,Out of Range
,Tuesday: CLOSED - CLOSED,princesspanini_wesamdeli_ue,Tuesday: 07:00 - 01:00,Out of Range
,Wednesday: CLOSED - CLOSED,princesspanini_wesamdeli_ue,Wednesday: 07:00 - 01:00,Out of Range
,Thursday: CLOSED - CLOSED,princesspanini_wesamdeli_ue,Thursday: 07:00 - 01:00,Out of Range
,Friday: CLOSED - CLOSED,princesspanini_wesamdeli_ue,Friday: 07:00 - 01:00,Out of Range
,Saturday: CLOSED - CLOSED,princesspanini_wesamdeli_ue,Saturday: 07:00 - 01:00,Out of Range
,Sunday: CLOSED - CLOSED,princesspanini_wesamdeli_ue,Sunday: 07:00 - 01:00,Out of Range
,Monday: CLOSED - CLOSED,sandwichonfleek_wesamdeli_ue,Monday: 07:00 - 01:00,Out of Range
,Tuesday: CLOSED - CLOSED,sandwichonfleek_wesamdeli_ue,Tuesday: 07:00 - 01:00,Out of Range
,Wednesday: CLOSED - CLOSED,sandwichonfleek_wesamdeli_ue,Wednesday: 07:00 - 01:00,Out of Range
,Thursday: CLOSED - CLOSED,sandwichonfleek_wesamdeli_ue,Thursday: 07:00 - 01:00,Out of Range
,Friday: CLOSED - CLOSED,sandwichonfleek_wesamdeli_ue,Friday: 07:00 - 01:00,Out of Range
,Saturday: CLOSED - CLOSED,sandwichonfleek_wesamdeli_ue,Saturday: 07:00 - 01:00,Out of Range
,Sunday: CLOSED - CLOSED,sandwichonfleek_wesamdeli_ue,Sunday: 07:00 - 01:00,Out of Range
,Monday: CLOSED - CLOSED,slapjackpancake_wesamdeli_ue,Monday: 07:00 - 01:00,Out of Range
,Tuesday: CLOSED - CLOSED,slapjackpancake_wesamdeli_ue,Tuesday: 07:00 - 01:00,Out of Range
,Wednesday: CLOSED - CLOSED,slapjackpancake_wesamdeli_ue,Wednesday: 07:00 - 01:00,Out of Range
,Thursday: CLOSED - CLOSED,slapjackpancake_wesamdeli_ue,Thursday: 07:00 - 01:00,Out of Range
,Friday: CLOSED - CLOSED,slapjackpancake_wesamdeli_ue,Friday: 07:00 - 01:00,Out of Range
,Saturday: CLOSED - CLOSED,slapjackpancake_wesamdeli_ue,Saturday: 07:00 - 01:00,Out of Range
,Sunday: CLOSED - CLOSED,slapjackpancake_wesamdeli_ue,Sunday: 07:00 - 01:00,Out of Range
,Monday: CLOSED - CLOSED,thebreakfastdre_wesamdeli_ue,Monday: 07:00 - 01:00,Out of Range
,Tuesday: CLOSED - CLOSED,thebreakfastdre_wesamdeli_ue,Tuesday: 07:00 - 01:00,Out of Range
,Wednesday: CLOSED - CLOSED,thebreakfastdre_wesamdeli_ue,Wednesday: 07:00 - 01:00,Out of Range
,Thursday: CLOSED - CLOSED,thebreakfastdre_wesamdeli_ue,Thursday: 07:00 - 01:00,Out of Range
,Friday: CLOSED - CLOSED,thebreakfastdre_wesamdeli_ue,Friday: 07:00 - 01:00,Out of Range
,Saturday: CLOSED - CLOSED,thebreakfastdre_wesamdeli_ue,Saturday: 07:00 - 01:00,Out of Range
,Sunday: CLOSED - CLOSED,thebreakfastdre_wesamdeli_ue,Sunday: 07:00 - 01:00,Out of Range
,Monday: CLOSED - CLOSED,thegyroshop_wesamdeli_ue,Monday: 07:00 - 01:00,Out of Range
,Tuesday: CLOSED - CLOSED,thegyroshop_wesamdeli_ue,Tuesday: 07:00 - 01:00,Out of Range
,Wednesday: CLOSED - CLOSED,thegyroshop_wesamdeli_ue,Wednesday: 07:00 - 01:00,Out of Range
,Thursday: CLOSED - CLOSED,thegyroshop_wesamdeli_ue,Thursday: 07:00 - 01:00,Out of Range
,Friday: CLOSED - CLOSED,thegyroshop_wesamdeli_ue,Friday: 07:00 - 01:00,Out of Range
,Saturday: CLOSED - CLOSED,thegyroshop_wesamdeli_ue,Saturday: 07:00 - 01:00,Out of Range
,Sunday: CLOSED - CLOSED,thegyroshop_wesamdeli_ue,Sunday: 07:00 - 01:00,Out of Range
,Monday: CLOSED - CLOSED,villagequesadil_wesamdeli_ue,Monday: 07:00 - 01:00,Out of Range
,Tuesday: CLOSED - CLOSED,villagequesadil_wesamdeli_ue,Tuesday: 07:00 - 01:00,Out of Range
,Wednesday: CLOSED - CLOSED,villagequesadil_wesamdeli_ue,Wednesday: 07:00 - 01:00,Out of Range
,Thursday: CLOSED - CLOSED,villagequesadil_wesamdeli_ue,Thursday: 07:00 - 01:00,Out of Range
,Friday: CLOSED - CLOSED,villagequesadil_wesamdeli_ue,Friday: 07:00 - 01:00,Out of Range
,Saturday: CLOSED - CLOSED,villagequesadil_wesamdeli_ue,Saturday: 07:00 - 01:00,Out of Range
,Sunday: CLOSED - CLOSED,villagequesadil_wesamdeli_ue,Sunday: 07:00 - 01:00,Out of Range
